15-10-2024 03:56 | [INFO]Ouverture de l'application...
15-10-2024 03:56 | [AVERTISSEMENT]Votre version de java ne supporte pas le systèm Tray...
15-10-2024 03:56 | [ERREUR]
Connexion au serveur de données echoué
org.postgresql.util.PSQLException: La tentative de connexion a échoué.
	at org.postgresql.core.v3.ConnectionFactoryImpl.openConnectionImpl(ConnectionFactoryImpl.java:331)
	at org.postgresql.core.ConnectionFactory.openConnection(ConnectionFactory.java:49)
	at org.postgresql.jdbc.PgConnection.<init>(PgConnection.java:247)
	at org.postgresql.Driver.makeConnection(Driver.java:434)
	at org.postgresql.Driver.connect(Driver.java:291)
	at java.sql/java.sql.DriverManager.getConnection(DriverManager.java:677)
	at java.sql/java.sql.DriverManager.getConnection(DriverManager.java:228)
	at com.lymytz.lymytzsell.dao.RemoteDao.<init>(RemoteDao.java:48)
	at com.lymytz.lymytzsell.dao.RemoteDao.getInstance(RemoteDao.java:82)
	at com.lymytz.lymytzsell.dao.RemoteDao.getInstance(RemoteDao.java:59)
	at com.lymytz.lymytzsell.dao.query.RQueryFactories.getIdServer(RQueryFactories.java:65)
	at com.lymytz.lymytzsell.service.utils.UtilsProject.initDataR(UtilsProject.java:310)
	at com.lymytz.lymytzsell.service.utils.UtilsProject.loadInitData(UtilsProject.java:365)
	at com.lymytz.lymytzsell.service.start.StartController.lambda$loadInitData$2(StartController.java:335)
	at java.base/java.lang.Thread.run(Thread.java:829)
Caused by: java.net.NoRouteToHostException: Aucun chemin d'accès pour atteindre l'hôte cible (Host unreachable)
	at java.base/java.net.PlainSocketImpl.socketConnect(Native Method)
	at java.base/java.net.AbstractPlainSocketImpl.doConnect(AbstractPlainSocketImpl.java:412)
	at java.base/java.net.AbstractPlainSocketImpl.connectToAddress(AbstractPlainSocketImpl.java:255)
	at java.base/java.net.AbstractPlainSocketImpl.connect(AbstractPlainSocketImpl.java:237)
	at java.base/java.net.SocksSocketImpl.connect(SocksSocketImpl.java:392)
	at java.base/java.net.Socket.connect(Socket.java:609)
	at org.postgresql.core.PGStream.createSocket(PGStream.java:241)
	at org.postgresql.core.PGStream.<init>(PGStream.java:98)
	at org.postgresql.core.v3.ConnectionFactoryImpl.tryConnect(ConnectionFactoryImpl.java:109)
	at org.postgresql.core.v3.ConnectionFactoryImpl.openConnectionImpl(ConnectionFactoryImpl.java:235)
	... 14 more
15-10-2024 03:56 | [ERREUR]
Connexion au serveur de données echoué
org.postgresql.util.PSQLException: La tentative de connexion a échoué.
	at org.postgresql.core.v3.ConnectionFactoryImpl.openConnectionImpl(ConnectionFactoryImpl.java:331)
	at org.postgresql.core.ConnectionFactory.openConnection(ConnectionFactory.java:49)
	at org.postgresql.jdbc.PgConnection.<init>(PgConnection.java:247)
	at org.postgresql.Driver.makeConnection(Driver.java:434)
	at org.postgresql.Driver.connect(Driver.java:291)
	at java.sql/java.sql.DriverManager.getConnection(DriverManager.java:677)
	at java.sql/java.sql.DriverManager.getConnection(DriverManager.java:228)
	at com.lymytz.lymytzsell.dao.RemoteDao.<init>(RemoteDao.java:48)
	at com.lymytz.lymytzsell.dao.RemoteDao.getInstance(RemoteDao.java:82)
	at com.lymytz.lymytzsell.dao.RemoteDao.getInstance(RemoteDao.java:59)
	at com.lymytz.lymytzsell.dao.query.RQueryFactories.insertInfoServeur(RQueryFactories.java:390)
	at com.lymytz.lymytzsell.service.utils.UtilsProject.initDataR(UtilsProject.java:313)
	at com.lymytz.lymytzsell.service.utils.UtilsProject.loadInitData(UtilsProject.java:365)
	at com.lymytz.lymytzsell.service.start.StartController.lambda$loadInitData$2(StartController.java:335)
	at java.base/java.lang.Thread.run(Thread.java:829)
Caused by: java.net.NoRouteToHostException: Aucun chemin d'accès pour atteindre l'hôte cible (Host unreachable)
	at java.base/java.net.PlainSocketImpl.socketConnect(Native Method)
	at java.base/java.net.AbstractPlainSocketImpl.doConnect(AbstractPlainSocketImpl.java:412)
	at java.base/java.net.AbstractPlainSocketImpl.connectToAddress(AbstractPlainSocketImpl.java:255)
	at java.base/java.net.AbstractPlainSocketImpl.connect(AbstractPlainSocketImpl.java:237)
	at java.base/java.net.SocksSocketImpl.connect(SocksSocketImpl.java:392)
	at java.base/java.net.Socket.connect(Socket.java:609)
	at org.postgresql.core.PGStream.createSocket(PGStream.java:241)
	at org.postgresql.core.PGStream.<init>(PGStream.java:98)
	at org.postgresql.core.v3.ConnectionFactoryImpl.tryConnect(ConnectionFactoryImpl.java:109)
	at org.postgresql.core.v3.ConnectionFactoryImpl.openConnectionImpl(ConnectionFactoryImpl.java:235)
	... 14 more
15-10-2024 04:02 | [INFO]Ouverture de l'application...
15-10-2024 04:02 | [AVERTISSEMENT]Votre version de java ne supporte pas le systèm Tray...
15-10-2024 04:03 | [ERREUR]
Connexion au serveur de données echoué
org.postgresql.util.PSQLException: La tentative de connexion a échoué.
	at org.postgresql.core.v3.ConnectionFactoryImpl.openConnectionImpl(ConnectionFactoryImpl.java:331)
	at org.postgresql.core.ConnectionFactory.openConnection(ConnectionFactory.java:49)
	at org.postgresql.jdbc.PgConnection.<init>(PgConnection.java:247)
	at org.postgresql.Driver.makeConnection(Driver.java:434)
	at org.postgresql.Driver.connect(Driver.java:291)
	at java.sql/java.sql.DriverManager.getConnection(DriverManager.java:677)
	at java.sql/java.sql.DriverManager.getConnection(DriverManager.java:228)
	at com.lymytz.lymytzsell.dao.RemoteDao.<init>(RemoteDao.java:48)
	at com.lymytz.lymytzsell.dao.RemoteDao.getInstance(RemoteDao.java:82)
	at com.lymytz.lymytzsell.dao.RemoteDao.getInstance(RemoteDao.java:59)
	at com.lymytz.lymytzsell.dao.query.RQueryFactories.getIdServer(RQueryFactories.java:65)
	at com.lymytz.lymytzsell.service.utils.UtilsProject.initDataR(UtilsProject.java:310)
	at com.lymytz.lymytzsell.service.utils.UtilsProject.loadInitData(UtilsProject.java:365)
	at com.lymytz.lymytzsell.service.start.StartController.lambda$loadInitData$2(StartController.java:335)
	at java.base/java.lang.Thread.run(Thread.java:829)
Caused by: java.net.NoRouteToHostException: Aucun chemin d'accès pour atteindre l'hôte cible (Host unreachable)
	at java.base/java.net.PlainSocketImpl.socketConnect(Native Method)
	at java.base/java.net.AbstractPlainSocketImpl.doConnect(AbstractPlainSocketImpl.java:412)
	at java.base/java.net.AbstractPlainSocketImpl.connectToAddress(AbstractPlainSocketImpl.java:255)
	at java.base/java.net.AbstractPlainSocketImpl.connect(AbstractPlainSocketImpl.java:237)
	at java.base/java.net.SocksSocketImpl.connect(SocksSocketImpl.java:392)
	at java.base/java.net.Socket.connect(Socket.java:609)
	at org.postgresql.core.PGStream.createSocket(PGStream.java:241)
	at org.postgresql.core.PGStream.<init>(PGStream.java:98)
	at org.postgresql.core.v3.ConnectionFactoryImpl.tryConnect(ConnectionFactoryImpl.java:109)
	at org.postgresql.core.v3.ConnectionFactoryImpl.openConnectionImpl(ConnectionFactoryImpl.java:235)
	... 14 more
15-10-2024 04:03 | [ERREUR]
Connexion au serveur de données echoué
org.postgresql.util.PSQLException: La tentative de connexion a échoué.
	at org.postgresql.core.v3.ConnectionFactoryImpl.openConnectionImpl(ConnectionFactoryImpl.java:331)
	at org.postgresql.core.ConnectionFactory.openConnection(ConnectionFactory.java:49)
	at org.postgresql.jdbc.PgConnection.<init>(PgConnection.java:247)
	at org.postgresql.Driver.makeConnection(Driver.java:434)
	at org.postgresql.Driver.connect(Driver.java:291)
	at java.sql/java.sql.DriverManager.getConnection(DriverManager.java:677)
	at java.sql/java.sql.DriverManager.getConnection(DriverManager.java:228)
	at com.lymytz.lymytzsell.dao.RemoteDao.<init>(RemoteDao.java:48)
	at com.lymytz.lymytzsell.dao.RemoteDao.getInstance(RemoteDao.java:82)
	at com.lymytz.lymytzsell.dao.RemoteDao.getInstance(RemoteDao.java:59)
	at com.lymytz.lymytzsell.dao.query.RQueryFactories.insertInfoServeur(RQueryFactories.java:390)
	at com.lymytz.lymytzsell.service.utils.UtilsProject.initDataR(UtilsProject.java:313)
	at com.lymytz.lymytzsell.service.utils.UtilsProject.loadInitData(UtilsProject.java:365)
	at com.lymytz.lymytzsell.service.start.StartController.lambda$loadInitData$2(StartController.java:335)
	at java.base/java.lang.Thread.run(Thread.java:829)
Caused by: java.net.NoRouteToHostException: Aucun chemin d'accès pour atteindre l'hôte cible (Host unreachable)
	at java.base/java.net.PlainSocketImpl.socketConnect(Native Method)
	at java.base/java.net.AbstractPlainSocketImpl.doConnect(AbstractPlainSocketImpl.java:412)
	at java.base/java.net.AbstractPlainSocketImpl.connectToAddress(AbstractPlainSocketImpl.java:255)
	at java.base/java.net.AbstractPlainSocketImpl.connect(AbstractPlainSocketImpl.java:237)
	at java.base/java.net.SocksSocketImpl.connect(SocksSocketImpl.java:392)
	at java.base/java.net.Socket.connect(Socket.java:609)
	at org.postgresql.core.PGStream.createSocket(PGStream.java:241)
	at org.postgresql.core.PGStream.<init>(PGStream.java:98)
	at org.postgresql.core.v3.ConnectionFactoryImpl.tryConnect(ConnectionFactoryImpl.java:109)
	at org.postgresql.core.v3.ConnectionFactoryImpl.openConnectionImpl(ConnectionFactoryImpl.java:235)
	... 14 more
15-10-2024 04:04 | [INFO]Ouverture de l'application...
15-10-2024 04:04 | [AVERTISSEMENT]Votre version de java ne supporte pas le systèm Tray...
15-10-2024 04:04 | [ERREUR]
Connexion au serveur de données echoué
org.postgresql.util.PSQLException: La tentative de connexion a échoué.
	at org.postgresql.core.v3.ConnectionFactoryImpl.openConnectionImpl(ConnectionFactoryImpl.java:331)
	at org.postgresql.core.ConnectionFactory.openConnection(ConnectionFactory.java:49)
	at org.postgresql.jdbc.PgConnection.<init>(PgConnection.java:247)
	at org.postgresql.Driver.makeConnection(Driver.java:434)
	at org.postgresql.Driver.connect(Driver.java:291)
	at java.sql/java.sql.DriverManager.getConnection(DriverManager.java:677)
	at java.sql/java.sql.DriverManager.getConnection(DriverManager.java:228)
	at com.lymytz.lymytzsell.dao.RemoteDao.<init>(RemoteDao.java:48)
	at com.lymytz.lymytzsell.dao.RemoteDao.getInstance(RemoteDao.java:82)
	at com.lymytz.lymytzsell.dao.RemoteDao.getInstance(RemoteDao.java:59)
	at com.lymytz.lymytzsell.dao.query.RQueryFactories.getIdServer(RQueryFactories.java:65)
	at com.lymytz.lymytzsell.service.utils.UtilsProject.initDataR(UtilsProject.java:310)
	at com.lymytz.lymytzsell.service.utils.UtilsProject.loadInitData(UtilsProject.java:365)
	at com.lymytz.lymytzsell.service.start.StartController.lambda$loadInitData$2(StartController.java:335)
	at java.base/java.lang.Thread.run(Thread.java:829)
Caused by: java.net.NoRouteToHostException: Aucun chemin d'accès pour atteindre l'hôte cible (Host unreachable)
	at java.base/java.net.PlainSocketImpl.socketConnect(Native Method)
	at java.base/java.net.AbstractPlainSocketImpl.doConnect(AbstractPlainSocketImpl.java:412)
	at java.base/java.net.AbstractPlainSocketImpl.connectToAddress(AbstractPlainSocketImpl.java:255)
	at java.base/java.net.AbstractPlainSocketImpl.connect(AbstractPlainSocketImpl.java:237)
	at java.base/java.net.SocksSocketImpl.connect(SocksSocketImpl.java:392)
	at java.base/java.net.Socket.connect(Socket.java:609)
	at org.postgresql.core.PGStream.createSocket(PGStream.java:241)
	at org.postgresql.core.PGStream.<init>(PGStream.java:98)
	at org.postgresql.core.v3.ConnectionFactoryImpl.tryConnect(ConnectionFactoryImpl.java:109)
	at org.postgresql.core.v3.ConnectionFactoryImpl.openConnectionImpl(ConnectionFactoryImpl.java:235)
	... 14 more
15-10-2024 04:04 | [ERREUR]
Connexion au serveur de données echoué
org.postgresql.util.PSQLException: La tentative de connexion a échoué.
	at org.postgresql.core.v3.ConnectionFactoryImpl.openConnectionImpl(ConnectionFactoryImpl.java:331)
	at org.postgresql.core.ConnectionFactory.openConnection(ConnectionFactory.java:49)
	at org.postgresql.jdbc.PgConnection.<init>(PgConnection.java:247)
	at org.postgresql.Driver.makeConnection(Driver.java:434)
	at org.postgresql.Driver.connect(Driver.java:291)
	at java.sql/java.sql.DriverManager.getConnection(DriverManager.java:677)
	at java.sql/java.sql.DriverManager.getConnection(DriverManager.java:228)
	at com.lymytz.lymytzsell.dao.RemoteDao.<init>(RemoteDao.java:48)
	at com.lymytz.lymytzsell.dao.RemoteDao.getInstance(RemoteDao.java:82)
	at com.lymytz.lymytzsell.dao.RemoteDao.getInstance(RemoteDao.java:59)
	at com.lymytz.lymytzsell.dao.query.RQueryFactories.insertInfoServeur(RQueryFactories.java:390)
	at com.lymytz.lymytzsell.service.utils.UtilsProject.initDataR(UtilsProject.java:313)
	at com.lymytz.lymytzsell.service.utils.UtilsProject.loadInitData(UtilsProject.java:365)
	at com.lymytz.lymytzsell.service.start.StartController.lambda$loadInitData$2(StartController.java:335)
	at java.base/java.lang.Thread.run(Thread.java:829)
Caused by: java.net.NoRouteToHostException: Aucun chemin d'accès pour atteindre l'hôte cible (Host unreachable)
	at java.base/java.net.PlainSocketImpl.socketConnect(Native Method)
	at java.base/java.net.AbstractPlainSocketImpl.doConnect(AbstractPlainSocketImpl.java:412)
	at java.base/java.net.AbstractPlainSocketImpl.connectToAddress(AbstractPlainSocketImpl.java:255)
	at java.base/java.net.AbstractPlainSocketImpl.connect(AbstractPlainSocketImpl.java:237)
	at java.base/java.net.SocksSocketImpl.connect(SocksSocketImpl.java:392)
	at java.base/java.net.Socket.connect(Socket.java:609)
	at org.postgresql.core.PGStream.createSocket(PGStream.java:241)
	at org.postgresql.core.PGStream.<init>(PGStream.java:98)
	at org.postgresql.core.v3.ConnectionFactoryImpl.tryConnect(ConnectionFactoryImpl.java:109)
	at org.postgresql.core.v3.ConnectionFactoryImpl.openConnectionImpl(ConnectionFactoryImpl.java:235)
	... 14 more
15-10-2024 04:06 | [INFO]Ouverture de l'application...
15-10-2024 04:06 | [AVERTISSEMENT]Votre version de java ne supporte pas le systèm Tray...
15-10-2024 04:06 | [ERREUR]
Connexion au serveur de données echoué
org.postgresql.util.PSQLException: La tentative de connexion a échoué.
	at org.postgresql.core.v3.ConnectionFactoryImpl.openConnectionImpl(ConnectionFactoryImpl.java:331)
	at org.postgresql.core.ConnectionFactory.openConnection(ConnectionFactory.java:49)
	at org.postgresql.jdbc.PgConnection.<init>(PgConnection.java:247)
	at org.postgresql.Driver.makeConnection(Driver.java:434)
	at org.postgresql.Driver.connect(Driver.java:291)
	at java.sql/java.sql.DriverManager.getConnection(DriverManager.java:677)
	at java.sql/java.sql.DriverManager.getConnection(DriverManager.java:228)
	at com.lymytz.lymytzsell.dao.RemoteDao.<init>(RemoteDao.java:48)
	at com.lymytz.lymytzsell.dao.RemoteDao.getInstance(RemoteDao.java:82)
	at com.lymytz.lymytzsell.dao.RemoteDao.getInstance(RemoteDao.java:59)
	at com.lymytz.lymytzsell.dao.query.RQueryFactories.getIdServer(RQueryFactories.java:65)
	at com.lymytz.lymytzsell.service.utils.UtilsProject.initDataR(UtilsProject.java:310)
	at com.lymytz.lymytzsell.service.utils.UtilsProject.loadInitData(UtilsProject.java:365)
	at com.lymytz.lymytzsell.service.start.StartController.lambda$loadInitData$2(StartController.java:335)
	at java.base/java.lang.Thread.run(Thread.java:829)
Caused by: java.net.NoRouteToHostException: Aucun chemin d'accès pour atteindre l'hôte cible (Host unreachable)
	at java.base/java.net.PlainSocketImpl.socketConnect(Native Method)
	at java.base/java.net.AbstractPlainSocketImpl.doConnect(AbstractPlainSocketImpl.java:412)
	at java.base/java.net.AbstractPlainSocketImpl.connectToAddress(AbstractPlainSocketImpl.java:255)
	at java.base/java.net.AbstractPlainSocketImpl.connect(AbstractPlainSocketImpl.java:237)
	at java.base/java.net.SocksSocketImpl.connect(SocksSocketImpl.java:392)
	at java.base/java.net.Socket.connect(Socket.java:609)
	at org.postgresql.core.PGStream.createSocket(PGStream.java:241)
	at org.postgresql.core.PGStream.<init>(PGStream.java:98)
	at org.postgresql.core.v3.ConnectionFactoryImpl.tryConnect(ConnectionFactoryImpl.java:109)
	at org.postgresql.core.v3.ConnectionFactoryImpl.openConnectionImpl(ConnectionFactoryImpl.java:235)
	... 14 more
15-10-2024 04:06 | [ERREUR]
Connexion au serveur de données echoué
org.postgresql.util.PSQLException: La tentative de connexion a échoué.
	at org.postgresql.core.v3.ConnectionFactoryImpl.openConnectionImpl(ConnectionFactoryImpl.java:331)
	at org.postgresql.core.ConnectionFactory.openConnection(ConnectionFactory.java:49)
	at org.postgresql.jdbc.PgConnection.<init>(PgConnection.java:247)
	at org.postgresql.Driver.makeConnection(Driver.java:434)
	at org.postgresql.Driver.connect(Driver.java:291)
	at java.sql/java.sql.DriverManager.getConnection(DriverManager.java:677)
	at java.sql/java.sql.DriverManager.getConnection(DriverManager.java:228)
	at com.lymytz.lymytzsell.dao.RemoteDao.<init>(RemoteDao.java:48)
	at com.lymytz.lymytzsell.dao.RemoteDao.getInstance(RemoteDao.java:82)
	at com.lymytz.lymytzsell.dao.RemoteDao.getInstance(RemoteDao.java:59)
	at com.lymytz.lymytzsell.dao.query.RQueryFactories.insertInfoServeur(RQueryFactories.java:390)
	at com.lymytz.lymytzsell.service.utils.UtilsProject.initDataR(UtilsProject.java:313)
	at com.lymytz.lymytzsell.service.utils.UtilsProject.loadInitData(UtilsProject.java:365)
	at com.lymytz.lymytzsell.service.start.StartController.lambda$loadInitData$2(StartController.java:335)
	at java.base/java.lang.Thread.run(Thread.java:829)
Caused by: java.net.NoRouteToHostException: Aucun chemin d'accès pour atteindre l'hôte cible (Host unreachable)
	at java.base/java.net.PlainSocketImpl.socketConnect(Native Method)
	at java.base/java.net.AbstractPlainSocketImpl.doConnect(AbstractPlainSocketImpl.java:412)
	at java.base/java.net.AbstractPlainSocketImpl.connectToAddress(AbstractPlainSocketImpl.java:255)
	at java.base/java.net.AbstractPlainSocketImpl.connect(AbstractPlainSocketImpl.java:237)
	at java.base/java.net.SocksSocketImpl.connect(SocksSocketImpl.java:392)
	at java.base/java.net.Socket.connect(Socket.java:609)
	at org.postgresql.core.PGStream.createSocket(PGStream.java:241)
	at org.postgresql.core.PGStream.<init>(PGStream.java:98)
	at org.postgresql.core.v3.ConnectionFactoryImpl.tryConnect(ConnectionFactoryImpl.java:109)
	at org.postgresql.core.v3.ConnectionFactoryImpl.openConnectionImpl(ConnectionFactoryImpl.java:235)
	... 14 more
15-10-2024 04:08 | [INFO]Ouverture de l'application...
15-10-2024 04:08 | [AVERTISSEMENT]Votre version de java ne supporte pas le systèm Tray...
15-10-2024 04:08 | [ERREUR]
Connexion au serveur de données echoué
org.postgresql.util.PSQLException: La tentative de connexion a échoué.
	at org.postgresql.core.v3.ConnectionFactoryImpl.openConnectionImpl(ConnectionFactoryImpl.java:331)
	at org.postgresql.core.ConnectionFactory.openConnection(ConnectionFactory.java:49)
	at org.postgresql.jdbc.PgConnection.<init>(PgConnection.java:247)
	at org.postgresql.Driver.makeConnection(Driver.java:434)
	at org.postgresql.Driver.connect(Driver.java:291)
	at java.sql/java.sql.DriverManager.getConnection(DriverManager.java:677)
	at java.sql/java.sql.DriverManager.getConnection(DriverManager.java:228)
	at com.lymytz.lymytzsell.dao.RemoteDao.<init>(RemoteDao.java:48)
	at com.lymytz.lymytzsell.dao.RemoteDao.getInstance(RemoteDao.java:82)
	at com.lymytz.lymytzsell.dao.RemoteDao.getInstance(RemoteDao.java:59)
	at com.lymytz.lymytzsell.dao.query.RQueryFactories.getIdServer(RQueryFactories.java:65)
	at com.lymytz.lymytzsell.service.utils.UtilsProject.initDataR(UtilsProject.java:310)
	at com.lymytz.lymytzsell.service.utils.UtilsProject.loadInitData(UtilsProject.java:365)
	at com.lymytz.lymytzsell.service.start.StartController.lambda$loadInitData$2(StartController.java:335)
	at java.base/java.lang.Thread.run(Thread.java:829)
Caused by: java.net.NoRouteToHostException: Aucun chemin d'accès pour atteindre l'hôte cible (Host unreachable)
	at java.base/java.net.PlainSocketImpl.socketConnect(Native Method)
	at java.base/java.net.AbstractPlainSocketImpl.doConnect(AbstractPlainSocketImpl.java:412)
	at java.base/java.net.AbstractPlainSocketImpl.connectToAddress(AbstractPlainSocketImpl.java:255)
	at java.base/java.net.AbstractPlainSocketImpl.connect(AbstractPlainSocketImpl.java:237)
	at java.base/java.net.SocksSocketImpl.connect(SocksSocketImpl.java:392)
	at java.base/java.net.Socket.connect(Socket.java:609)
	at org.postgresql.core.PGStream.createSocket(PGStream.java:241)
	at org.postgresql.core.PGStream.<init>(PGStream.java:98)
	at org.postgresql.core.v3.ConnectionFactoryImpl.tryConnect(ConnectionFactoryImpl.java:109)
	at org.postgresql.core.v3.ConnectionFactoryImpl.openConnectionImpl(ConnectionFactoryImpl.java:235)
	... 14 more
15-10-2024 04:08 | [ERREUR]
Connexion au serveur de données echoué
org.postgresql.util.PSQLException: La tentative de connexion a échoué.
	at org.postgresql.core.v3.ConnectionFactoryImpl.openConnectionImpl(ConnectionFactoryImpl.java:331)
	at org.postgresql.core.ConnectionFactory.openConnection(ConnectionFactory.java:49)
	at org.postgresql.jdbc.PgConnection.<init>(PgConnection.java:247)
	at org.postgresql.Driver.makeConnection(Driver.java:434)
	at org.postgresql.Driver.connect(Driver.java:291)
	at java.sql/java.sql.DriverManager.getConnection(DriverManager.java:677)
	at java.sql/java.sql.DriverManager.getConnection(DriverManager.java:228)
	at com.lymytz.lymytzsell.dao.RemoteDao.<init>(RemoteDao.java:48)
	at com.lymytz.lymytzsell.dao.RemoteDao.getInstance(RemoteDao.java:82)
	at com.lymytz.lymytzsell.dao.RemoteDao.getInstance(RemoteDao.java:59)
	at com.lymytz.lymytzsell.dao.query.RQueryFactories.insertInfoServeur(RQueryFactories.java:390)
	at com.lymytz.lymytzsell.service.utils.UtilsProject.initDataR(UtilsProject.java:313)
	at com.lymytz.lymytzsell.service.utils.UtilsProject.loadInitData(UtilsProject.java:365)
	at com.lymytz.lymytzsell.service.start.StartController.lambda$loadInitData$2(StartController.java:335)
	at java.base/java.lang.Thread.run(Thread.java:829)
Caused by: java.net.NoRouteToHostException: Aucun chemin d'accès pour atteindre l'hôte cible (Host unreachable)
	at java.base/java.net.PlainSocketImpl.socketConnect(Native Method)
	at java.base/java.net.AbstractPlainSocketImpl.doConnect(AbstractPlainSocketImpl.java:412)
	at java.base/java.net.AbstractPlainSocketImpl.connectToAddress(AbstractPlainSocketImpl.java:255)
	at java.base/java.net.AbstractPlainSocketImpl.connect(AbstractPlainSocketImpl.java:237)
	at java.base/java.net.SocksSocketImpl.connect(SocksSocketImpl.java:392)
	at java.base/java.net.Socket.connect(Socket.java:609)
	at org.postgresql.core.PGStream.createSocket(PGStream.java:241)
	at org.postgresql.core.PGStream.<init>(PGStream.java:98)
	at org.postgresql.core.v3.ConnectionFactoryImpl.tryConnect(ConnectionFactoryImpl.java:109)
	at org.postgresql.core.v3.ConnectionFactoryImpl.openConnectionImpl(ConnectionFactoryImpl.java:235)
	... 14 more
15-10-2024 04:12 | [INFO]Ouverture de l'application...
15-10-2024 04:12 | [AVERTISSEMENT]Votre version de java ne supporte pas le systèm Tray...
15-10-2024 04:12 | [ERREUR]
Connexion au serveur de données echoué
org.postgresql.util.PSQLException: La tentative de connexion a échoué.
	at org.postgresql.core.v3.ConnectionFactoryImpl.openConnectionImpl(ConnectionFactoryImpl.java:331)
	at org.postgresql.core.ConnectionFactory.openConnection(ConnectionFactory.java:49)
	at org.postgresql.jdbc.PgConnection.<init>(PgConnection.java:247)
	at org.postgresql.Driver.makeConnection(Driver.java:434)
	at org.postgresql.Driver.connect(Driver.java:291)
	at java.sql/java.sql.DriverManager.getConnection(DriverManager.java:677)
	at java.sql/java.sql.DriverManager.getConnection(DriverManager.java:228)
	at com.lymytz.lymytzsell.dao.RemoteDao.<init>(RemoteDao.java:48)
	at com.lymytz.lymytzsell.dao.RemoteDao.getInstance(RemoteDao.java:82)
	at com.lymytz.lymytzsell.dao.RemoteDao.getInstance(RemoteDao.java:59)
	at com.lymytz.lymytzsell.dao.query.RQueryFactories.getIdServer(RQueryFactories.java:65)
	at com.lymytz.lymytzsell.service.utils.UtilsProject.initDataR(UtilsProject.java:310)
	at com.lymytz.lymytzsell.service.utils.UtilsProject.loadInitData(UtilsProject.java:365)
	at com.lymytz.lymytzsell.service.start.StartController.lambda$loadInitData$2(StartController.java:335)
	at java.base/java.lang.Thread.run(Thread.java:829)
Caused by: java.net.NoRouteToHostException: Aucun chemin d'accès pour atteindre l'hôte cible (Host unreachable)
	at java.base/java.net.PlainSocketImpl.socketConnect(Native Method)
	at java.base/java.net.AbstractPlainSocketImpl.doConnect(AbstractPlainSocketImpl.java:412)
	at java.base/java.net.AbstractPlainSocketImpl.connectToAddress(AbstractPlainSocketImpl.java:255)
	at java.base/java.net.AbstractPlainSocketImpl.connect(AbstractPlainSocketImpl.java:237)
	at java.base/java.net.SocksSocketImpl.connect(SocksSocketImpl.java:392)
	at java.base/java.net.Socket.connect(Socket.java:609)
	at org.postgresql.core.PGStream.createSocket(PGStream.java:241)
	at org.postgresql.core.PGStream.<init>(PGStream.java:98)
	at org.postgresql.core.v3.ConnectionFactoryImpl.tryConnect(ConnectionFactoryImpl.java:109)
	at org.postgresql.core.v3.ConnectionFactoryImpl.openConnectionImpl(ConnectionFactoryImpl.java:235)
	... 14 more
15-10-2024 04:12 | [ERREUR]
Connexion au serveur de données echoué
org.postgresql.util.PSQLException: La tentative de connexion a échoué.
	at org.postgresql.core.v3.ConnectionFactoryImpl.openConnectionImpl(ConnectionFactoryImpl.java:331)
	at org.postgresql.core.ConnectionFactory.openConnection(ConnectionFactory.java:49)
	at org.postgresql.jdbc.PgConnection.<init>(PgConnection.java:247)
	at org.postgresql.Driver.makeConnection(Driver.java:434)
	at org.postgresql.Driver.connect(Driver.java:291)
	at java.sql/java.sql.DriverManager.getConnection(DriverManager.java:677)
	at java.sql/java.sql.DriverManager.getConnection(DriverManager.java:228)
	at com.lymytz.lymytzsell.dao.RemoteDao.<init>(RemoteDao.java:48)
	at com.lymytz.lymytzsell.dao.RemoteDao.getInstance(RemoteDao.java:82)
	at com.lymytz.lymytzsell.dao.RemoteDao.getInstance(RemoteDao.java:59)
	at com.lymytz.lymytzsell.dao.query.RQueryFactories.insertInfoServeur(RQueryFactories.java:390)
	at com.lymytz.lymytzsell.service.utils.UtilsProject.initDataR(UtilsProject.java:313)
	at com.lymytz.lymytzsell.service.utils.UtilsProject.loadInitData(UtilsProject.java:365)
	at com.lymytz.lymytzsell.service.start.StartController.lambda$loadInitData$2(StartController.java:335)
	at java.base/java.lang.Thread.run(Thread.java:829)
Caused by: java.net.NoRouteToHostException: Aucun chemin d'accès pour atteindre l'hôte cible (Host unreachable)
	at java.base/java.net.PlainSocketImpl.socketConnect(Native Method)
	at java.base/java.net.AbstractPlainSocketImpl.doConnect(AbstractPlainSocketImpl.java:412)
	at java.base/java.net.AbstractPlainSocketImpl.connectToAddress(AbstractPlainSocketImpl.java:255)
	at java.base/java.net.AbstractPlainSocketImpl.connect(AbstractPlainSocketImpl.java:237)
	at java.base/java.net.SocksSocketImpl.connect(SocksSocketImpl.java:392)
	at java.base/java.net.Socket.connect(Socket.java:609)
	at org.postgresql.core.PGStream.createSocket(PGStream.java:241)
	at org.postgresql.core.PGStream.<init>(PGStream.java:98)
	at org.postgresql.core.v3.ConnectionFactoryImpl.tryConnect(ConnectionFactoryImpl.java:109)
	at org.postgresql.core.v3.ConnectionFactoryImpl.openConnectionImpl(ConnectionFactoryImpl.java:235)
	... 14 more
15-10-2024 04:13 | [INFO]Ouverture de l'application...
15-10-2024 04:13 | [AVERTISSEMENT]Votre version de java ne supporte pas le systèm Tray...
15-10-2024 04:13 | [ERREUR]
Connexion au serveur de données echoué
org.postgresql.util.PSQLException: La tentative de connexion a échoué.
	at org.postgresql.core.v3.ConnectionFactoryImpl.openConnectionImpl(ConnectionFactoryImpl.java:331)
	at org.postgresql.core.ConnectionFactory.openConnection(ConnectionFactory.java:49)
	at org.postgresql.jdbc.PgConnection.<init>(PgConnection.java:247)
	at org.postgresql.Driver.makeConnection(Driver.java:434)
	at org.postgresql.Driver.connect(Driver.java:291)
	at java.sql/java.sql.DriverManager.getConnection(DriverManager.java:677)
	at java.sql/java.sql.DriverManager.getConnection(DriverManager.java:228)
	at com.lymytz.lymytzsell.dao.RemoteDao.<init>(RemoteDao.java:48)
	at com.lymytz.lymytzsell.dao.RemoteDao.getInstance(RemoteDao.java:82)
	at com.lymytz.lymytzsell.dao.RemoteDao.getInstance(RemoteDao.java:59)
	at com.lymytz.lymytzsell.dao.query.RQueryFactories.getIdServer(RQueryFactories.java:65)
	at com.lymytz.lymytzsell.service.utils.UtilsProject.initDataR(UtilsProject.java:310)
	at com.lymytz.lymytzsell.service.utils.UtilsProject.loadInitData(UtilsProject.java:365)
	at com.lymytz.lymytzsell.service.start.StartController.lambda$loadInitData$2(StartController.java:335)
	at java.base/java.lang.Thread.run(Thread.java:829)
Caused by: java.net.NoRouteToHostException: Aucun chemin d'accès pour atteindre l'hôte cible (Host unreachable)
	at java.base/java.net.PlainSocketImpl.socketConnect(Native Method)
	at java.base/java.net.AbstractPlainSocketImpl.doConnect(AbstractPlainSocketImpl.java:412)
	at java.base/java.net.AbstractPlainSocketImpl.connectToAddress(AbstractPlainSocketImpl.java:255)
	at java.base/java.net.AbstractPlainSocketImpl.connect(AbstractPlainSocketImpl.java:237)
	at java.base/java.net.SocksSocketImpl.connect(SocksSocketImpl.java:392)
	at java.base/java.net.Socket.connect(Socket.java:609)
	at org.postgresql.core.PGStream.createSocket(PGStream.java:241)
	at org.postgresql.core.PGStream.<init>(PGStream.java:98)
	at org.postgresql.core.v3.ConnectionFactoryImpl.tryConnect(ConnectionFactoryImpl.java:109)
	at org.postgresql.core.v3.ConnectionFactoryImpl.openConnectionImpl(ConnectionFactoryImpl.java:235)
	... 14 more
15-10-2024 04:13 | [ERREUR]
Connexion au serveur de données echoué
org.postgresql.util.PSQLException: La tentative de connexion a échoué.
	at org.postgresql.core.v3.ConnectionFactoryImpl.openConnectionImpl(ConnectionFactoryImpl.java:331)
	at org.postgresql.core.ConnectionFactory.openConnection(ConnectionFactory.java:49)
	at org.postgresql.jdbc.PgConnection.<init>(PgConnection.java:247)
	at org.postgresql.Driver.makeConnection(Driver.java:434)
	at org.postgresql.Driver.connect(Driver.java:291)
	at java.sql/java.sql.DriverManager.getConnection(DriverManager.java:677)
	at java.sql/java.sql.DriverManager.getConnection(DriverManager.java:228)
	at com.lymytz.lymytzsell.dao.RemoteDao.<init>(RemoteDao.java:48)
	at com.lymytz.lymytzsell.dao.RemoteDao.getInstance(RemoteDao.java:82)
	at com.lymytz.lymytzsell.dao.RemoteDao.getInstance(RemoteDao.java:59)
	at com.lymytz.lymytzsell.dao.query.RQueryFactories.insertInfoServeur(RQueryFactories.java:390)
	at com.lymytz.lymytzsell.service.utils.UtilsProject.initDataR(UtilsProject.java:313)
	at com.lymytz.lymytzsell.service.utils.UtilsProject.loadInitData(UtilsProject.java:365)
	at com.lymytz.lymytzsell.service.start.StartController.lambda$loadInitData$2(StartController.java:335)
	at java.base/java.lang.Thread.run(Thread.java:829)
Caused by: java.net.NoRouteToHostException: Aucun chemin d'accès pour atteindre l'hôte cible (Host unreachable)
	at java.base/java.net.PlainSocketImpl.socketConnect(Native Method)
	at java.base/java.net.AbstractPlainSocketImpl.doConnect(AbstractPlainSocketImpl.java:412)
	at java.base/java.net.AbstractPlainSocketImpl.connectToAddress(AbstractPlainSocketImpl.java:255)
	at java.base/java.net.AbstractPlainSocketImpl.connect(AbstractPlainSocketImpl.java:237)
	at java.base/java.net.SocksSocketImpl.connect(SocksSocketImpl.java:392)
	at java.base/java.net.Socket.connect(Socket.java:609)
	at org.postgresql.core.PGStream.createSocket(PGStream.java:241)
	at org.postgresql.core.PGStream.<init>(PGStream.java:98)
	at org.postgresql.core.v3.ConnectionFactoryImpl.tryConnect(ConnectionFactoryImpl.java:109)
	at org.postgresql.core.v3.ConnectionFactoryImpl.openConnectionImpl(ConnectionFactoryImpl.java:235)
	... 14 more
15-10-2024 04:18 | [INFO]Ouverture de l'application...
15-10-2024 04:18 | [AVERTISSEMENT]Votre version de java ne supporte pas le systèm Tray...
15-10-2024 04:18 | [ERREUR]
Connexion au serveur de données echoué
org.postgresql.util.PSQLException: La tentative de connexion a échoué.
	at org.postgresql.core.v3.ConnectionFactoryImpl.openConnectionImpl(ConnectionFactoryImpl.java:331)
	at org.postgresql.core.ConnectionFactory.openConnection(ConnectionFactory.java:49)
	at org.postgresql.jdbc.PgConnection.<init>(PgConnection.java:247)
	at org.postgresql.Driver.makeConnection(Driver.java:434)
	at org.postgresql.Driver.connect(Driver.java:291)
	at java.sql/java.sql.DriverManager.getConnection(DriverManager.java:677)
	at java.sql/java.sql.DriverManager.getConnection(DriverManager.java:228)
	at com.lymytz.lymytzsell.dao.RemoteDao.<init>(RemoteDao.java:48)
	at com.lymytz.lymytzsell.dao.RemoteDao.getInstance(RemoteDao.java:82)
	at com.lymytz.lymytzsell.dao.RemoteDao.getInstance(RemoteDao.java:59)
	at com.lymytz.lymytzsell.dao.query.RQueryFactories.getIdServer(RQueryFactories.java:65)
	at com.lymytz.lymytzsell.service.utils.UtilsProject.initDataR(UtilsProject.java:310)
	at com.lymytz.lymytzsell.service.utils.UtilsProject.loadInitData(UtilsProject.java:365)
	at com.lymytz.lymytzsell.service.start.StartController.lambda$loadInitData$2(StartController.java:335)
	at java.base/java.lang.Thread.run(Thread.java:829)
Caused by: java.net.NoRouteToHostException: Aucun chemin d'accès pour atteindre l'hôte cible (Host unreachable)
	at java.base/java.net.PlainSocketImpl.socketConnect(Native Method)
	at java.base/java.net.AbstractPlainSocketImpl.doConnect(AbstractPlainSocketImpl.java:412)
	at java.base/java.net.AbstractPlainSocketImpl.connectToAddress(AbstractPlainSocketImpl.java:255)
	at java.base/java.net.AbstractPlainSocketImpl.connect(AbstractPlainSocketImpl.java:237)
	at java.base/java.net.SocksSocketImpl.connect(SocksSocketImpl.java:392)
	at java.base/java.net.Socket.connect(Socket.java:609)
	at org.postgresql.core.PGStream.createSocket(PGStream.java:241)
	at org.postgresql.core.PGStream.<init>(PGStream.java:98)
	at org.postgresql.core.v3.ConnectionFactoryImpl.tryConnect(ConnectionFactoryImpl.java:109)
	at org.postgresql.core.v3.ConnectionFactoryImpl.openConnectionImpl(ConnectionFactoryImpl.java:235)
	... 14 more
15-10-2024 04:18 | [ERREUR]
Connexion au serveur de données echoué
org.postgresql.util.PSQLException: La tentative de connexion a échoué.
	at org.postgresql.core.v3.ConnectionFactoryImpl.openConnectionImpl(ConnectionFactoryImpl.java:331)
	at org.postgresql.core.ConnectionFactory.openConnection(ConnectionFactory.java:49)
	at org.postgresql.jdbc.PgConnection.<init>(PgConnection.java:247)
	at org.postgresql.Driver.makeConnection(Driver.java:434)
	at org.postgresql.Driver.connect(Driver.java:291)
	at java.sql/java.sql.DriverManager.getConnection(DriverManager.java:677)
	at java.sql/java.sql.DriverManager.getConnection(DriverManager.java:228)
	at com.lymytz.lymytzsell.dao.RemoteDao.<init>(RemoteDao.java:48)
	at com.lymytz.lymytzsell.dao.RemoteDao.getInstance(RemoteDao.java:82)
	at com.lymytz.lymytzsell.dao.RemoteDao.getInstance(RemoteDao.java:59)
	at com.lymytz.lymytzsell.dao.query.RQueryFactories.insertInfoServeur(RQueryFactories.java:390)
	at com.lymytz.lymytzsell.service.utils.UtilsProject.initDataR(UtilsProject.java:313)
	at com.lymytz.lymytzsell.service.utils.UtilsProject.loadInitData(UtilsProject.java:365)
	at com.lymytz.lymytzsell.service.start.StartController.lambda$loadInitData$2(StartController.java:335)
	at java.base/java.lang.Thread.run(Thread.java:829)
Caused by: java.net.NoRouteToHostException: Aucun chemin d'accès pour atteindre l'hôte cible (Host unreachable)
	at java.base/java.net.PlainSocketImpl.socketConnect(Native Method)
	at java.base/java.net.AbstractPlainSocketImpl.doConnect(AbstractPlainSocketImpl.java:412)
	at java.base/java.net.AbstractPlainSocketImpl.connectToAddress(AbstractPlainSocketImpl.java:255)
	at java.base/java.net.AbstractPlainSocketImpl.connect(AbstractPlainSocketImpl.java:237)
	at java.base/java.net.SocksSocketImpl.connect(SocksSocketImpl.java:392)
	at java.base/java.net.Socket.connect(Socket.java:609)
	at org.postgresql.core.PGStream.createSocket(PGStream.java:241)
	at org.postgresql.core.PGStream.<init>(PGStream.java:98)
	at org.postgresql.core.v3.ConnectionFactoryImpl.tryConnect(ConnectionFactoryImpl.java:109)
	at org.postgresql.core.v3.ConnectionFactoryImpl.openConnectionImpl(ConnectionFactoryImpl.java:235)
	... 14 more
15-10-2024 04:18 | [ERREUR]
Impossible d'ouvrir la page !
javafx.fxml.LoadException: 
/home/yves/Projets/Entreprise/LymytzSell/target/classes/pages/main/home_caisse.fxml:493

	at javafx.fxml/javafx.fxml.FXMLLoader.constructLoadException(FXMLLoader.java:2714)
	at javafx.fxml/javafx.fxml.FXMLLoader.loadImpl(FXMLLoader.java:2692)
	at javafx.fxml/javafx.fxml.FXMLLoader.loadImpl(FXMLLoader.java:2555)
	at javafx.fxml/javafx.fxml.FXMLLoader.load(FXMLLoader.java:2523)
	at com.lymytz.lymytzsell.service.start.StartController.openMainView(StartController.java:148)
	at com.lymytz.lymytzsell.service.start.StartController.openApplication(StartController.java:120)
	at com.lymytz.lymytzsell.service.start.StartController.connectToApps(StartController.java:103)
	at java.base/jdk.internal.reflect.NativeMethodAccessorImpl.invoke0(Native Method)
	at java.base/jdk.internal.reflect.NativeMethodAccessorImpl.invoke(NativeMethodAccessorImpl.java:62)
	at java.base/jdk.internal.reflect.DelegatingMethodAccessorImpl.invoke(DelegatingMethodAccessorImpl.java:43)
	at java.base/java.lang.reflect.Method.invoke(Method.java:566)
	at com.sun.javafx.reflect.Trampoline.invoke(MethodUtil.java:77)
	at jdk.internal.reflect.GeneratedMethodAccessor3.invoke(Unknown Source)
	at java.base/jdk.internal.reflect.DelegatingMethodAccessorImpl.invoke(DelegatingMethodAccessorImpl.java:43)
	at java.base/java.lang.reflect.Method.invoke(Method.java:566)
	at javafx.base/com.sun.javafx.reflect.MethodUtil.invoke(MethodUtil.java:275)
	at javafx.fxml/com.sun.javafx.fxml.MethodHelper.invoke(MethodHelper.java:84)
	at javafx.fxml/javafx.fxml.FXMLLoader$MethodHandler.invoke(FXMLLoader.java:1852)
	at javafx.fxml/javafx.fxml.FXMLLoader$ControllerMethodEventHandler.handle(FXMLLoader.java:1724)
	at javafx.base/com.sun.javafx.event.CompositeEventHandler.dispatchBubblingEvent(CompositeEventHandler.java:86)
	at javafx.base/com.sun.javafx.event.EventHandlerManager.dispatchBubblingEvent(EventHandlerManager.java:234)
	at javafx.base/com.sun.javafx.event.EventHandlerManager.dispatchBubblingEvent(EventHandlerManager.java:191)
	at javafx.base/com.sun.javafx.event.CompositeEventDispatcher.dispatchBubblingEvent(CompositeEventDispatcher.java:59)
	at javafx.base/com.sun.javafx.event.BasicEventDispatcher.dispatchEvent(BasicEventDispatcher.java:58)
	at javafx.base/com.sun.javafx.event.EventDispatchChainImpl.dispatchEvent(EventDispatchChainImpl.java:114)
	at javafx.base/com.sun.javafx.event.BasicEventDispatcher.dispatchEvent(BasicEventDispatcher.java:56)
	at javafx.base/com.sun.javafx.event.EventDispatchChainImpl.dispatchEvent(EventDispatchChainImpl.java:114)
	at javafx.base/com.sun.javafx.event.BasicEventDispatcher.dispatchEvent(BasicEventDispatcher.java:56)
	at javafx.base/com.sun.javafx.event.EventDispatchChainImpl.dispatchEvent(EventDispatchChainImpl.java:114)
	at javafx.base/com.sun.javafx.event.EventUtil.fireEventImpl(EventUtil.java:74)
	at javafx.base/com.sun.javafx.event.EventUtil.fireEvent(EventUtil.java:49)
	at javafx.base/javafx.event.Event.fireEvent(Event.java:198)
	at javafx.graphics/javafx.scene.Node.fireEvent(Node.java:8792)
	at javafx.controls/javafx.scene.control.Button.fire(Button.java:203)
	at javafx.controls/com.sun.javafx.scene.control.behavior.ButtonBehavior.mouseReleased(ButtonBehavior.java:208)
	at javafx.controls/com.sun.javafx.scene.control.inputmap.InputMap.handle(InputMap.java:274)
	at javafx.base/com.sun.javafx.event.CompositeEventHandler$NormalEventHandlerRecord.handleBubblingEvent(CompositeEventHandler.java:247)
	at javafx.base/com.sun.javafx.event.CompositeEventHandler.dispatchBubblingEvent(CompositeEventHandler.java:80)
	at javafx.base/com.sun.javafx.event.EventHandlerManager.dispatchBubblingEvent(EventHandlerManager.java:234)
	at javafx.base/com.sun.javafx.event.EventHandlerManager.dispatchBubblingEvent(EventHandlerManager.java:191)
	at javafx.base/com.sun.javafx.event.CompositeEventDispatcher.dispatchBubblingEvent(CompositeEventDispatcher.java:59)
	at javafx.base/com.sun.javafx.event.BasicEventDispatcher.dispatchEvent(BasicEventDispatcher.java:58)
	at javafx.base/com.sun.javafx.event.EventDispatchChainImpl.dispatchEvent(EventDispatchChainImpl.java:114)
	at javafx.base/com.sun.javafx.event.BasicEventDispatcher.dispatchEvent(BasicEventDispatcher.java:56)
	at javafx.base/com.sun.javafx.event.EventDispatchChainImpl.dispatchEvent(EventDispatchChainImpl.java:114)
	at javafx.base/com.sun.javafx.event.BasicEventDispatcher.dispatchEvent(BasicEventDispatcher.java:56)
	at javafx.base/com.sun.javafx.event.EventDispatchChainImpl.dispatchEvent(EventDispatchChainImpl.java:114)
	at javafx.base/com.sun.javafx.event.EventUtil.fireEventImpl(EventUtil.java:74)
	at javafx.base/com.sun.javafx.event.EventUtil.fireEvent(EventUtil.java:54)
	at javafx.base/javafx.event.Event.fireEvent(Event.java:198)
	at javafx.graphics/javafx.scene.Scene$MouseHandler.process(Scene.java:3897)
	at javafx.graphics/javafx.scene.Scene.processMouseEvent(Scene.java:1878)
	at javafx.graphics/javafx.scene.Scene$ScenePeerListener.mouseEvent(Scene.java:2623)
	at javafx.graphics/com.sun.javafx.tk.quantum.GlassViewEventHandler$MouseEventNotification.run(GlassViewEventHandler.java:411)
	at javafx.graphics/com.sun.javafx.tk.quantum.GlassViewEventHandler$MouseEventNotification.run(GlassViewEventHandler.java:301)
	at java.base/java.security.AccessController.doPrivileged(Native Method)
	at javafx.graphics/com.sun.javafx.tk.quantum.GlassViewEventHandler.lambda$handleMouseEvent$2(GlassViewEventHandler.java:450)
	at javafx.graphics/com.sun.javafx.tk.quantum.QuantumToolkit.runWithoutRenderLock(QuantumToolkit.java:423)
	at javafx.graphics/com.sun.javafx.tk.quantum.GlassViewEventHandler.handleMouseEvent(GlassViewEventHandler.java:449)
	at javafx.graphics/com.sun.glass.ui.View.handleMouseEvent(View.java:551)
	at javafx.graphics/com.sun.glass.ui.View.notifyMouse(View.java:937)
	at javafx.graphics/com.sun.glass.ui.gtk.GtkApplication._runLoop(Native Method)
	at javafx.graphics/com.sun.glass.ui.gtk.GtkApplication.lambda$runLoop$11(GtkApplication.java:290)
	at java.base/java.lang.Thread.run(Thread.java:829)
Caused by: java.lang.IllegalArgumentException: Unable to coerce Nombre total de factures enregistrées pour cette session to class javafx.scene.control.Tooltip.
	at javafx.fxml/com.sun.javafx.fxml.BeanAdapter.coerce(BeanAdapter.java:497)
	at javafx.fxml/com.sun.javafx.fxml.BeanAdapter.put(BeanAdapter.java:259)
	at javafx.fxml/com.sun.javafx.fxml.BeanAdapter.put(BeanAdapter.java:54)
	at javafx.fxml/javafx.fxml.FXMLLoader$Element.applyProperty(FXMLLoader.java:523)
	at javafx.fxml/javafx.fxml.FXMLLoader$Element.processValue(FXMLLoader.java:373)
	at javafx.fxml/javafx.fxml.FXMLLoader$Element.processPropertyAttribute(FXMLLoader.java:335)
	at javafx.fxml/javafx.fxml.FXMLLoader$Element.processInstancePropertyAttributes(FXMLLoader.java:245)
	at javafx.fxml/javafx.fxml.FXMLLoader$ValueElement.processEndElement(FXMLLoader.java:778)
	at javafx.fxml/javafx.fxml.FXMLLoader.processEndElement(FXMLLoader.java:2961)
	at javafx.fxml/javafx.fxml.FXMLLoader.loadImpl(FXMLLoader.java:2646)
	... 62 more
15-10-2024 04:19 | [INFO]Ouverture de l'application...
15-10-2024 04:19 | [AVERTISSEMENT]Votre version de java ne supporte pas le systèm Tray...
15-10-2024 04:19 | [ERREUR]
Connexion au serveur de données echoué
org.postgresql.util.PSQLException: La tentative de connexion a échoué.
	at org.postgresql.core.v3.ConnectionFactoryImpl.openConnectionImpl(ConnectionFactoryImpl.java:331)
	at org.postgresql.core.ConnectionFactory.openConnection(ConnectionFactory.java:49)
	at org.postgresql.jdbc.PgConnection.<init>(PgConnection.java:247)
	at org.postgresql.Driver.makeConnection(Driver.java:434)
	at org.postgresql.Driver.connect(Driver.java:291)
	at java.sql/java.sql.DriverManager.getConnection(DriverManager.java:677)
	at java.sql/java.sql.DriverManager.getConnection(DriverManager.java:228)
	at com.lymytz.lymytzsell.dao.RemoteDao.<init>(RemoteDao.java:48)
	at com.lymytz.lymytzsell.dao.RemoteDao.getInstance(RemoteDao.java:82)
	at com.lymytz.lymytzsell.dao.RemoteDao.getInstance(RemoteDao.java:59)
	at com.lymytz.lymytzsell.dao.query.RQueryFactories.getIdServer(RQueryFactories.java:65)
	at com.lymytz.lymytzsell.service.utils.UtilsProject.initDataR(UtilsProject.java:310)
	at com.lymytz.lymytzsell.service.utils.UtilsProject.loadInitData(UtilsProject.java:365)
	at com.lymytz.lymytzsell.service.start.StartController.lambda$loadInitData$2(StartController.java:335)
	at java.base/java.lang.Thread.run(Thread.java:829)
Caused by: java.net.NoRouteToHostException: Aucun chemin d'accès pour atteindre l'hôte cible (Host unreachable)
	at java.base/java.net.PlainSocketImpl.socketConnect(Native Method)
	at java.base/java.net.AbstractPlainSocketImpl.doConnect(AbstractPlainSocketImpl.java:412)
	at java.base/java.net.AbstractPlainSocketImpl.connectToAddress(AbstractPlainSocketImpl.java:255)
	at java.base/java.net.AbstractPlainSocketImpl.connect(AbstractPlainSocketImpl.java:237)
	at java.base/java.net.SocksSocketImpl.connect(SocksSocketImpl.java:392)
	at java.base/java.net.Socket.connect(Socket.java:609)
	at org.postgresql.core.PGStream.createSocket(PGStream.java:241)
	at org.postgresql.core.PGStream.<init>(PGStream.java:98)
	at org.postgresql.core.v3.ConnectionFactoryImpl.tryConnect(ConnectionFactoryImpl.java:109)
	at org.postgresql.core.v3.ConnectionFactoryImpl.openConnectionImpl(ConnectionFactoryImpl.java:235)
	... 14 more
15-10-2024 04:19 | [ERREUR]
Connexion au serveur de données echoué
org.postgresql.util.PSQLException: La tentative de connexion a échoué.
	at org.postgresql.core.v3.ConnectionFactoryImpl.openConnectionImpl(ConnectionFactoryImpl.java:331)
	at org.postgresql.core.ConnectionFactory.openConnection(ConnectionFactory.java:49)
	at org.postgresql.jdbc.PgConnection.<init>(PgConnection.java:247)
	at org.postgresql.Driver.makeConnection(Driver.java:434)
	at org.postgresql.Driver.connect(Driver.java:291)
	at java.sql/java.sql.DriverManager.getConnection(DriverManager.java:677)
	at java.sql/java.sql.DriverManager.getConnection(DriverManager.java:228)
	at com.lymytz.lymytzsell.dao.RemoteDao.<init>(RemoteDao.java:48)
	at com.lymytz.lymytzsell.dao.RemoteDao.getInstance(RemoteDao.java:82)
	at com.lymytz.lymytzsell.dao.RemoteDao.getInstance(RemoteDao.java:59)
	at com.lymytz.lymytzsell.dao.query.RQueryFactories.insertInfoServeur(RQueryFactories.java:390)
	at com.lymytz.lymytzsell.service.utils.UtilsProject.initDataR(UtilsProject.java:313)
	at com.lymytz.lymytzsell.service.utils.UtilsProject.loadInitData(UtilsProject.java:365)
	at com.lymytz.lymytzsell.service.start.StartController.lambda$loadInitData$2(StartController.java:335)
	at java.base/java.lang.Thread.run(Thread.java:829)
Caused by: java.net.NoRouteToHostException: Aucun chemin d'accès pour atteindre l'hôte cible (Host unreachable)
	at java.base/java.net.PlainSocketImpl.socketConnect(Native Method)
	at java.base/java.net.AbstractPlainSocketImpl.doConnect(AbstractPlainSocketImpl.java:412)
	at java.base/java.net.AbstractPlainSocketImpl.connectToAddress(AbstractPlainSocketImpl.java:255)
	at java.base/java.net.AbstractPlainSocketImpl.connect(AbstractPlainSocketImpl.java:237)
	at java.base/java.net.SocksSocketImpl.connect(SocksSocketImpl.java:392)
	at java.base/java.net.Socket.connect(Socket.java:609)
	at org.postgresql.core.PGStream.createSocket(PGStream.java:241)
	at org.postgresql.core.PGStream.<init>(PGStream.java:98)
	at org.postgresql.core.v3.ConnectionFactoryImpl.tryConnect(ConnectionFactoryImpl.java:109)
	at org.postgresql.core.v3.ConnectionFactoryImpl.openConnectionImpl(ConnectionFactoryImpl.java:235)
	... 14 more
15-10-2024 04:21 | [INFO]Ouverture de l'application...
15-10-2024 04:21 | [AVERTISSEMENT]Votre version de java ne supporte pas le systèm Tray...
15-10-2024 04:21 | [ERREUR]
Connexion au serveur de données echoué
org.postgresql.util.PSQLException: La tentative de connexion a échoué.
	at org.postgresql.core.v3.ConnectionFactoryImpl.openConnectionImpl(ConnectionFactoryImpl.java:331)
	at org.postgresql.core.ConnectionFactory.openConnection(ConnectionFactory.java:49)
	at org.postgresql.jdbc.PgConnection.<init>(PgConnection.java:247)
	at org.postgresql.Driver.makeConnection(Driver.java:434)
	at org.postgresql.Driver.connect(Driver.java:291)
	at java.sql/java.sql.DriverManager.getConnection(DriverManager.java:677)
	at java.sql/java.sql.DriverManager.getConnection(DriverManager.java:228)
	at com.lymytz.lymytzsell.dao.RemoteDao.<init>(RemoteDao.java:48)
	at com.lymytz.lymytzsell.dao.RemoteDao.getInstance(RemoteDao.java:82)
	at com.lymytz.lymytzsell.dao.RemoteDao.getInstance(RemoteDao.java:59)
	at com.lymytz.lymytzsell.dao.query.RQueryFactories.getIdServer(RQueryFactories.java:65)
	at com.lymytz.lymytzsell.service.utils.UtilsProject.initDataR(UtilsProject.java:310)
	at com.lymytz.lymytzsell.service.utils.UtilsProject.loadInitData(UtilsProject.java:365)
	at com.lymytz.lymytzsell.service.start.StartController.lambda$loadInitData$2(StartController.java:335)
	at java.base/java.lang.Thread.run(Thread.java:829)
Caused by: java.net.NoRouteToHostException: Aucun chemin d'accès pour atteindre l'hôte cible (Host unreachable)
	at java.base/java.net.PlainSocketImpl.socketConnect(Native Method)
	at java.base/java.net.AbstractPlainSocketImpl.doConnect(AbstractPlainSocketImpl.java:412)
	at java.base/java.net.AbstractPlainSocketImpl.connectToAddress(AbstractPlainSocketImpl.java:255)
	at java.base/java.net.AbstractPlainSocketImpl.connect(AbstractPlainSocketImpl.java:237)
	at java.base/java.net.SocksSocketImpl.connect(SocksSocketImpl.java:392)
	at java.base/java.net.Socket.connect(Socket.java:609)
	at org.postgresql.core.PGStream.createSocket(PGStream.java:241)
	at org.postgresql.core.PGStream.<init>(PGStream.java:98)
	at org.postgresql.core.v3.ConnectionFactoryImpl.tryConnect(ConnectionFactoryImpl.java:109)
	at org.postgresql.core.v3.ConnectionFactoryImpl.openConnectionImpl(ConnectionFactoryImpl.java:235)
	... 14 more
15-10-2024 04:21 | [ERREUR]
Connexion au serveur de données echoué
org.postgresql.util.PSQLException: La tentative de connexion a échoué.
	at org.postgresql.core.v3.ConnectionFactoryImpl.openConnectionImpl(ConnectionFactoryImpl.java:331)
	at org.postgresql.core.ConnectionFactory.openConnection(ConnectionFactory.java:49)
	at org.postgresql.jdbc.PgConnection.<init>(PgConnection.java:247)
	at org.postgresql.Driver.makeConnection(Driver.java:434)
	at org.postgresql.Driver.connect(Driver.java:291)
	at java.sql/java.sql.DriverManager.getConnection(DriverManager.java:677)
	at java.sql/java.sql.DriverManager.getConnection(DriverManager.java:228)
	at com.lymytz.lymytzsell.dao.RemoteDao.<init>(RemoteDao.java:48)
	at com.lymytz.lymytzsell.dao.RemoteDao.getInstance(RemoteDao.java:82)
	at com.lymytz.lymytzsell.dao.RemoteDao.getInstance(RemoteDao.java:59)
	at com.lymytz.lymytzsell.dao.query.RQueryFactories.insertInfoServeur(RQueryFactories.java:390)
	at com.lymytz.lymytzsell.service.utils.UtilsProject.initDataR(UtilsProject.java:313)
	at com.lymytz.lymytzsell.service.utils.UtilsProject.loadInitData(UtilsProject.java:365)
	at com.lymytz.lymytzsell.service.start.StartController.lambda$loadInitData$2(StartController.java:335)
	at java.base/java.lang.Thread.run(Thread.java:829)
Caused by: java.net.NoRouteToHostException: Aucun chemin d'accès pour atteindre l'hôte cible (Host unreachable)
	at java.base/java.net.PlainSocketImpl.socketConnect(Native Method)
	at java.base/java.net.AbstractPlainSocketImpl.doConnect(AbstractPlainSocketImpl.java:412)
	at java.base/java.net.AbstractPlainSocketImpl.connectToAddress(AbstractPlainSocketImpl.java:255)
	at java.base/java.net.AbstractPlainSocketImpl.connect(AbstractPlainSocketImpl.java:237)
	at java.base/java.net.SocksSocketImpl.connect(SocksSocketImpl.java:392)
	at java.base/java.net.Socket.connect(Socket.java:609)
	at org.postgresql.core.PGStream.createSocket(PGStream.java:241)
	at org.postgresql.core.PGStream.<init>(PGStream.java:98)
	at org.postgresql.core.v3.ConnectionFactoryImpl.tryConnect(ConnectionFactoryImpl.java:109)
	at org.postgresql.core.v3.ConnectionFactoryImpl.openConnectionImpl(ConnectionFactoryImpl.java:235)
	... 14 more
15-10-2024 04:23 | [INFO]Ouverture de l'application...
15-10-2024 04:23 | [AVERTISSEMENT]Votre version de java ne supporte pas le systèm Tray...
15-10-2024 04:24 | [ERREUR]
Connexion au serveur de données echoué
org.postgresql.util.PSQLException: La tentative de connexion a échoué.
	at org.postgresql.core.v3.ConnectionFactoryImpl.openConnectionImpl(ConnectionFactoryImpl.java:331)
	at org.postgresql.core.ConnectionFactory.openConnection(ConnectionFactory.java:49)
	at org.postgresql.jdbc.PgConnection.<init>(PgConnection.java:247)
	at org.postgresql.Driver.makeConnection(Driver.java:434)
	at org.postgresql.Driver.connect(Driver.java:291)
	at java.sql/java.sql.DriverManager.getConnection(DriverManager.java:677)
	at java.sql/java.sql.DriverManager.getConnection(DriverManager.java:228)
	at com.lymytz.lymytzsell.dao.RemoteDao.<init>(RemoteDao.java:48)
	at com.lymytz.lymytzsell.dao.RemoteDao.getInstance(RemoteDao.java:82)
	at com.lymytz.lymytzsell.dao.RemoteDao.getInstance(RemoteDao.java:59)
	at com.lymytz.lymytzsell.dao.query.RQueryFactories.getIdServer(RQueryFactories.java:65)
	at com.lymytz.lymytzsell.service.utils.UtilsProject.initDataR(UtilsProject.java:310)
	at com.lymytz.lymytzsell.service.utils.UtilsProject.loadInitData(UtilsProject.java:365)
	at com.lymytz.lymytzsell.service.start.StartController.lambda$loadInitData$2(StartController.java:335)
	at java.base/java.lang.Thread.run(Thread.java:829)
Caused by: java.net.NoRouteToHostException: Aucun chemin d'accès pour atteindre l'hôte cible (Host unreachable)
	at java.base/java.net.PlainSocketImpl.socketConnect(Native Method)
	at java.base/java.net.AbstractPlainSocketImpl.doConnect(AbstractPlainSocketImpl.java:412)
	at java.base/java.net.AbstractPlainSocketImpl.connectToAddress(AbstractPlainSocketImpl.java:255)
	at java.base/java.net.AbstractPlainSocketImpl.connect(AbstractPlainSocketImpl.java:237)
	at java.base/java.net.SocksSocketImpl.connect(SocksSocketImpl.java:392)
	at java.base/java.net.Socket.connect(Socket.java:609)
	at org.postgresql.core.PGStream.createSocket(PGStream.java:241)
	at org.postgresql.core.PGStream.<init>(PGStream.java:98)
	at org.postgresql.core.v3.ConnectionFactoryImpl.tryConnect(ConnectionFactoryImpl.java:109)
	at org.postgresql.core.v3.ConnectionFactoryImpl.openConnectionImpl(ConnectionFactoryImpl.java:235)
	... 14 more
15-10-2024 04:24 | [ERREUR]
Connexion au serveur de données echoué
org.postgresql.util.PSQLException: La tentative de connexion a échoué.
	at org.postgresql.core.v3.ConnectionFactoryImpl.openConnectionImpl(ConnectionFactoryImpl.java:331)
	at org.postgresql.core.ConnectionFactory.openConnection(ConnectionFactory.java:49)
	at org.postgresql.jdbc.PgConnection.<init>(PgConnection.java:247)
	at org.postgresql.Driver.makeConnection(Driver.java:434)
	at org.postgresql.Driver.connect(Driver.java:291)
	at java.sql/java.sql.DriverManager.getConnection(DriverManager.java:677)
	at java.sql/java.sql.DriverManager.getConnection(DriverManager.java:228)
	at com.lymytz.lymytzsell.dao.RemoteDao.<init>(RemoteDao.java:48)
	at com.lymytz.lymytzsell.dao.RemoteDao.getInstance(RemoteDao.java:82)
	at com.lymytz.lymytzsell.dao.RemoteDao.getInstance(RemoteDao.java:59)
	at com.lymytz.lymytzsell.dao.query.RQueryFactories.insertInfoServeur(RQueryFactories.java:390)
	at com.lymytz.lymytzsell.service.utils.UtilsProject.initDataR(UtilsProject.java:313)
	at com.lymytz.lymytzsell.service.utils.UtilsProject.loadInitData(UtilsProject.java:365)
	at com.lymytz.lymytzsell.service.start.StartController.lambda$loadInitData$2(StartController.java:335)
	at java.base/java.lang.Thread.run(Thread.java:829)
Caused by: java.net.NoRouteToHostException: Aucun chemin d'accès pour atteindre l'hôte cible (Host unreachable)
	at java.base/java.net.PlainSocketImpl.socketConnect(Native Method)
	at java.base/java.net.AbstractPlainSocketImpl.doConnect(AbstractPlainSocketImpl.java:412)
	at java.base/java.net.AbstractPlainSocketImpl.connectToAddress(AbstractPlainSocketImpl.java:255)
	at java.base/java.net.AbstractPlainSocketImpl.connect(AbstractPlainSocketImpl.java:237)
	at java.base/java.net.SocksSocketImpl.connect(SocksSocketImpl.java:392)
	at java.base/java.net.Socket.connect(Socket.java:609)
	at org.postgresql.core.PGStream.createSocket(PGStream.java:241)
	at org.postgresql.core.PGStream.<init>(PGStream.java:98)
	at org.postgresql.core.v3.ConnectionFactoryImpl.tryConnect(ConnectionFactoryImpl.java:109)
	at org.postgresql.core.v3.ConnectionFactoryImpl.openConnectionImpl(ConnectionFactoryImpl.java:235)
	... 14 more
15-10-2024 04:32 | [INFO]Ouverture de l'application...
15-10-2024 04:32 | [AVERTISSEMENT]Votre version de java ne supporte pas le systèm Tray...
15-10-2024 04:32 | [ERREUR]
Connexion au serveur de données echoué
org.postgresql.util.PSQLException: La tentative de connexion a échoué.
	at org.postgresql.core.v3.ConnectionFactoryImpl.openConnectionImpl(ConnectionFactoryImpl.java:331)
	at org.postgresql.core.ConnectionFactory.openConnection(ConnectionFactory.java:49)
	at org.postgresql.jdbc.PgConnection.<init>(PgConnection.java:247)
	at org.postgresql.Driver.makeConnection(Driver.java:434)
	at org.postgresql.Driver.connect(Driver.java:291)
	at java.sql/java.sql.DriverManager.getConnection(DriverManager.java:677)
	at java.sql/java.sql.DriverManager.getConnection(DriverManager.java:228)
	at com.lymytz.lymytzsell.dao.RemoteDao.<init>(RemoteDao.java:48)
	at com.lymytz.lymytzsell.dao.RemoteDao.getInstance(RemoteDao.java:82)
	at com.lymytz.lymytzsell.dao.RemoteDao.getInstance(RemoteDao.java:59)
	at com.lymytz.lymytzsell.dao.query.RQueryFactories.getIdServer(RQueryFactories.java:65)
	at com.lymytz.lymytzsell.service.utils.UtilsProject.initDataR(UtilsProject.java:310)
	at com.lymytz.lymytzsell.service.utils.UtilsProject.loadInitData(UtilsProject.java:365)
	at com.lymytz.lymytzsell.service.start.StartController.lambda$loadInitData$2(StartController.java:335)
	at java.base/java.lang.Thread.run(Thread.java:829)
Caused by: java.net.NoRouteToHostException: Aucun chemin d'accès pour atteindre l'hôte cible (Host unreachable)
	at java.base/java.net.PlainSocketImpl.socketConnect(Native Method)
	at java.base/java.net.AbstractPlainSocketImpl.doConnect(AbstractPlainSocketImpl.java:412)
	at java.base/java.net.AbstractPlainSocketImpl.connectToAddress(AbstractPlainSocketImpl.java:255)
	at java.base/java.net.AbstractPlainSocketImpl.connect(AbstractPlainSocketImpl.java:237)
	at java.base/java.net.SocksSocketImpl.connect(SocksSocketImpl.java:392)
	at java.base/java.net.Socket.connect(Socket.java:609)
	at org.postgresql.core.PGStream.createSocket(PGStream.java:241)
	at org.postgresql.core.PGStream.<init>(PGStream.java:98)
	at org.postgresql.core.v3.ConnectionFactoryImpl.tryConnect(ConnectionFactoryImpl.java:109)
	at org.postgresql.core.v3.ConnectionFactoryImpl.openConnectionImpl(ConnectionFactoryImpl.java:235)
	... 14 more
15-10-2024 04:32 | [ERREUR]
Connexion au serveur de données echoué
org.postgresql.util.PSQLException: La tentative de connexion a échoué.
	at org.postgresql.core.v3.ConnectionFactoryImpl.openConnectionImpl(ConnectionFactoryImpl.java:331)
	at org.postgresql.core.ConnectionFactory.openConnection(ConnectionFactory.java:49)
	at org.postgresql.jdbc.PgConnection.<init>(PgConnection.java:247)
	at org.postgresql.Driver.makeConnection(Driver.java:434)
	at org.postgresql.Driver.connect(Driver.java:291)
	at java.sql/java.sql.DriverManager.getConnection(DriverManager.java:677)
	at java.sql/java.sql.DriverManager.getConnection(DriverManager.java:228)
	at com.lymytz.lymytzsell.dao.RemoteDao.<init>(RemoteDao.java:48)
	at com.lymytz.lymytzsell.dao.RemoteDao.getInstance(RemoteDao.java:82)
	at com.lymytz.lymytzsell.dao.RemoteDao.getInstance(RemoteDao.java:59)
	at com.lymytz.lymytzsell.dao.query.RQueryFactories.insertInfoServeur(RQueryFactories.java:390)
	at com.lymytz.lymytzsell.service.utils.UtilsProject.initDataR(UtilsProject.java:313)
	at com.lymytz.lymytzsell.service.utils.UtilsProject.loadInitData(UtilsProject.java:365)
	at com.lymytz.lymytzsell.service.start.StartController.lambda$loadInitData$2(StartController.java:335)
	at java.base/java.lang.Thread.run(Thread.java:829)
Caused by: java.net.NoRouteToHostException: Aucun chemin d'accès pour atteindre l'hôte cible (Host unreachable)
	at java.base/java.net.PlainSocketImpl.socketConnect(Native Method)
	at java.base/java.net.AbstractPlainSocketImpl.doConnect(AbstractPlainSocketImpl.java:412)
	at java.base/java.net.AbstractPlainSocketImpl.connectToAddress(AbstractPlainSocketImpl.java:255)
	at java.base/java.net.AbstractPlainSocketImpl.connect(AbstractPlainSocketImpl.java:237)
	at java.base/java.net.SocksSocketImpl.connect(SocksSocketImpl.java:392)
	at java.base/java.net.Socket.connect(Socket.java:609)
	at org.postgresql.core.PGStream.createSocket(PGStream.java:241)
	at org.postgresql.core.PGStream.<init>(PGStream.java:98)
	at org.postgresql.core.v3.ConnectionFactoryImpl.tryConnect(ConnectionFactoryImpl.java:109)
	at org.postgresql.core.v3.ConnectionFactoryImpl.openConnectionImpl(ConnectionFactoryImpl.java:235)
	... 14 more
15-10-2024 04:37 | [INFO]Ouverture de l'application...
15-10-2024 04:37 | [AVERTISSEMENT]Votre version de java ne supporte pas le systèm Tray...
15-10-2024 04:37 | [ERREUR]
Connexion au serveur de données echoué
org.postgresql.util.PSQLException: La tentative de connexion a échoué.
	at org.postgresql.core.v3.ConnectionFactoryImpl.openConnectionImpl(ConnectionFactoryImpl.java:331)
	at org.postgresql.core.ConnectionFactory.openConnection(ConnectionFactory.java:49)
	at org.postgresql.jdbc.PgConnection.<init>(PgConnection.java:247)
	at org.postgresql.Driver.makeConnection(Driver.java:434)
	at org.postgresql.Driver.connect(Driver.java:291)
	at java.sql/java.sql.DriverManager.getConnection(DriverManager.java:677)
	at java.sql/java.sql.DriverManager.getConnection(DriverManager.java:228)
	at com.lymytz.lymytzsell.dao.RemoteDao.<init>(RemoteDao.java:48)
	at com.lymytz.lymytzsell.dao.RemoteDao.getInstance(RemoteDao.java:82)
	at com.lymytz.lymytzsell.dao.RemoteDao.getInstance(RemoteDao.java:59)
	at com.lymytz.lymytzsell.dao.query.RQueryFactories.getIdServer(RQueryFactories.java:65)
	at com.lymytz.lymytzsell.service.utils.UtilsProject.initDataR(UtilsProject.java:310)
	at com.lymytz.lymytzsell.service.utils.UtilsProject.loadInitData(UtilsProject.java:365)
	at com.lymytz.lymytzsell.service.start.StartController.lambda$loadInitData$2(StartController.java:335)
	at java.base/java.lang.Thread.run(Thread.java:829)
Caused by: java.net.NoRouteToHostException: Aucun chemin d'accès pour atteindre l'hôte cible (Host unreachable)
	at java.base/java.net.PlainSocketImpl.socketConnect(Native Method)
	at java.base/java.net.AbstractPlainSocketImpl.doConnect(AbstractPlainSocketImpl.java:412)
	at java.base/java.net.AbstractPlainSocketImpl.connectToAddress(AbstractPlainSocketImpl.java:255)
	at java.base/java.net.AbstractPlainSocketImpl.connect(AbstractPlainSocketImpl.java:237)
	at java.base/java.net.SocksSocketImpl.connect(SocksSocketImpl.java:392)
	at java.base/java.net.Socket.connect(Socket.java:609)
	at org.postgresql.core.PGStream.createSocket(PGStream.java:241)
	at org.postgresql.core.PGStream.<init>(PGStream.java:98)
	at org.postgresql.core.v3.ConnectionFactoryImpl.tryConnect(ConnectionFactoryImpl.java:109)
	at org.postgresql.core.v3.ConnectionFactoryImpl.openConnectionImpl(ConnectionFactoryImpl.java:235)
	... 14 more
15-10-2024 04:37 | [ERREUR]
Connexion au serveur de données echoué
org.postgresql.util.PSQLException: La tentative de connexion a échoué.
	at org.postgresql.core.v3.ConnectionFactoryImpl.openConnectionImpl(ConnectionFactoryImpl.java:331)
	at org.postgresql.core.ConnectionFactory.openConnection(ConnectionFactory.java:49)
	at org.postgresql.jdbc.PgConnection.<init>(PgConnection.java:247)
	at org.postgresql.Driver.makeConnection(Driver.java:434)
	at org.postgresql.Driver.connect(Driver.java:291)
	at java.sql/java.sql.DriverManager.getConnection(DriverManager.java:677)
	at java.sql/java.sql.DriverManager.getConnection(DriverManager.java:228)
	at com.lymytz.lymytzsell.dao.RemoteDao.<init>(RemoteDao.java:48)
	at com.lymytz.lymytzsell.dao.RemoteDao.getInstance(RemoteDao.java:82)
	at com.lymytz.lymytzsell.dao.RemoteDao.getInstance(RemoteDao.java:59)
	at com.lymytz.lymytzsell.dao.query.RQueryFactories.insertInfoServeur(RQueryFactories.java:390)
	at com.lymytz.lymytzsell.service.utils.UtilsProject.initDataR(UtilsProject.java:313)
	at com.lymytz.lymytzsell.service.utils.UtilsProject.loadInitData(UtilsProject.java:365)
	at com.lymytz.lymytzsell.service.start.StartController.lambda$loadInitData$2(StartController.java:335)
	at java.base/java.lang.Thread.run(Thread.java:829)
Caused by: java.net.NoRouteToHostException: Aucun chemin d'accès pour atteindre l'hôte cible (Host unreachable)
	at java.base/java.net.PlainSocketImpl.socketConnect(Native Method)
	at java.base/java.net.AbstractPlainSocketImpl.doConnect(AbstractPlainSocketImpl.java:412)
	at java.base/java.net.AbstractPlainSocketImpl.connectToAddress(AbstractPlainSocketImpl.java:255)
	at java.base/java.net.AbstractPlainSocketImpl.connect(AbstractPlainSocketImpl.java:237)
	at java.base/java.net.SocksSocketImpl.connect(SocksSocketImpl.java:392)
	at java.base/java.net.Socket.connect(Socket.java:609)
	at org.postgresql.core.PGStream.createSocket(PGStream.java:241)
	at org.postgresql.core.PGStream.<init>(PGStream.java:98)
	at org.postgresql.core.v3.ConnectionFactoryImpl.tryConnect(ConnectionFactoryImpl.java:109)
	at org.postgresql.core.v3.ConnectionFactoryImpl.openConnectionImpl(ConnectionFactoryImpl.java:235)
	... 14 more
15-10-2024 04:40 | [INFO]Ouverture de l'application...
15-10-2024 04:40 | [AVERTISSEMENT]Votre version de java ne supporte pas le systèm Tray...
15-10-2024 04:40 | [ERREUR]
Connexion au serveur de données echoué
org.postgresql.util.PSQLException: La tentative de connexion a échoué.
	at org.postgresql.core.v3.ConnectionFactoryImpl.openConnectionImpl(ConnectionFactoryImpl.java:331)
	at org.postgresql.core.ConnectionFactory.openConnection(ConnectionFactory.java:49)
	at org.postgresql.jdbc.PgConnection.<init>(PgConnection.java:247)
	at org.postgresql.Driver.makeConnection(Driver.java:434)
	at org.postgresql.Driver.connect(Driver.java:291)
	at java.sql/java.sql.DriverManager.getConnection(DriverManager.java:677)
	at java.sql/java.sql.DriverManager.getConnection(DriverManager.java:228)
	at com.lymytz.lymytzsell.dao.RemoteDao.<init>(RemoteDao.java:48)
	at com.lymytz.lymytzsell.dao.RemoteDao.getInstance(RemoteDao.java:82)
	at com.lymytz.lymytzsell.dao.RemoteDao.getInstance(RemoteDao.java:59)
	at com.lymytz.lymytzsell.dao.query.RQueryFactories.getIdServer(RQueryFactories.java:65)
	at com.lymytz.lymytzsell.service.utils.UtilsProject.initDataR(UtilsProject.java:310)
	at com.lymytz.lymytzsell.service.utils.UtilsProject.loadInitData(UtilsProject.java:365)
	at com.lymytz.lymytzsell.service.start.StartController.lambda$loadInitData$2(StartController.java:335)
	at java.base/java.lang.Thread.run(Thread.java:829)
Caused by: java.net.NoRouteToHostException: Aucun chemin d'accès pour atteindre l'hôte cible (Host unreachable)
	at java.base/java.net.PlainSocketImpl.socketConnect(Native Method)
	at java.base/java.net.AbstractPlainSocketImpl.doConnect(AbstractPlainSocketImpl.java:412)
	at java.base/java.net.AbstractPlainSocketImpl.connectToAddress(AbstractPlainSocketImpl.java:255)
	at java.base/java.net.AbstractPlainSocketImpl.connect(AbstractPlainSocketImpl.java:237)
	at java.base/java.net.SocksSocketImpl.connect(SocksSocketImpl.java:392)
	at java.base/java.net.Socket.connect(Socket.java:609)
	at org.postgresql.core.PGStream.createSocket(PGStream.java:241)
	at org.postgresql.core.PGStream.<init>(PGStream.java:98)
	at org.postgresql.core.v3.ConnectionFactoryImpl.tryConnect(ConnectionFactoryImpl.java:109)
	at org.postgresql.core.v3.ConnectionFactoryImpl.openConnectionImpl(ConnectionFactoryImpl.java:235)
	... 14 more
15-10-2024 04:40 | [ERREUR]
Connexion au serveur de données echoué
org.postgresql.util.PSQLException: La tentative de connexion a échoué.
	at org.postgresql.core.v3.ConnectionFactoryImpl.openConnectionImpl(ConnectionFactoryImpl.java:331)
	at org.postgresql.core.ConnectionFactory.openConnection(ConnectionFactory.java:49)
	at org.postgresql.jdbc.PgConnection.<init>(PgConnection.java:247)
	at org.postgresql.Driver.makeConnection(Driver.java:434)
	at org.postgresql.Driver.connect(Driver.java:291)
	at java.sql/java.sql.DriverManager.getConnection(DriverManager.java:677)
	at java.sql/java.sql.DriverManager.getConnection(DriverManager.java:228)
	at com.lymytz.lymytzsell.dao.RemoteDao.<init>(RemoteDao.java:48)
	at com.lymytz.lymytzsell.dao.RemoteDao.getInstance(RemoteDao.java:82)
	at com.lymytz.lymytzsell.dao.RemoteDao.getInstance(RemoteDao.java:59)
	at com.lymytz.lymytzsell.dao.query.RQueryFactories.insertInfoServeur(RQueryFactories.java:390)
	at com.lymytz.lymytzsell.service.utils.UtilsProject.initDataR(UtilsProject.java:313)
	at com.lymytz.lymytzsell.service.utils.UtilsProject.loadInitData(UtilsProject.java:365)
	at com.lymytz.lymytzsell.service.start.StartController.lambda$loadInitData$2(StartController.java:335)
	at java.base/java.lang.Thread.run(Thread.java:829)
Caused by: java.net.NoRouteToHostException: Aucun chemin d'accès pour atteindre l'hôte cible (Host unreachable)
	at java.base/java.net.PlainSocketImpl.socketConnect(Native Method)
	at java.base/java.net.AbstractPlainSocketImpl.doConnect(AbstractPlainSocketImpl.java:412)
	at java.base/java.net.AbstractPlainSocketImpl.connectToAddress(AbstractPlainSocketImpl.java:255)
	at java.base/java.net.AbstractPlainSocketImpl.connect(AbstractPlainSocketImpl.java:237)
	at java.base/java.net.SocksSocketImpl.connect(SocksSocketImpl.java:392)
	at java.base/java.net.Socket.connect(Socket.java:609)
	at org.postgresql.core.PGStream.createSocket(PGStream.java:241)
	at org.postgresql.core.PGStream.<init>(PGStream.java:98)
	at org.postgresql.core.v3.ConnectionFactoryImpl.tryConnect(ConnectionFactoryImpl.java:109)
	at org.postgresql.core.v3.ConnectionFactoryImpl.openConnectionImpl(ConnectionFactoryImpl.java:235)
	... 14 more
15-10-2024 04:41 | [INFO]Ouverture de l'application...
15-10-2024 04:41 | [AVERTISSEMENT]Votre version de java ne supporte pas le systèm Tray...
15-10-2024 04:41 | [ERREUR]
Connexion au serveur de données echoué
org.postgresql.util.PSQLException: La tentative de connexion a échoué.
	at org.postgresql.core.v3.ConnectionFactoryImpl.openConnectionImpl(ConnectionFactoryImpl.java:331)
	at org.postgresql.core.ConnectionFactory.openConnection(ConnectionFactory.java:49)
	at org.postgresql.jdbc.PgConnection.<init>(PgConnection.java:247)
	at org.postgresql.Driver.makeConnection(Driver.java:434)
	at org.postgresql.Driver.connect(Driver.java:291)
	at java.sql/java.sql.DriverManager.getConnection(DriverManager.java:677)
	at java.sql/java.sql.DriverManager.getConnection(DriverManager.java:228)
	at com.lymytz.lymytzsell.dao.RemoteDao.<init>(RemoteDao.java:48)
	at com.lymytz.lymytzsell.dao.RemoteDao.getInstance(RemoteDao.java:82)
	at com.lymytz.lymytzsell.dao.RemoteDao.getInstance(RemoteDao.java:59)
	at com.lymytz.lymytzsell.dao.query.RQueryFactories.getIdServer(RQueryFactories.java:65)
	at com.lymytz.lymytzsell.service.utils.UtilsProject.initDataR(UtilsProject.java:310)
	at com.lymytz.lymytzsell.service.utils.UtilsProject.loadInitData(UtilsProject.java:365)
	at com.lymytz.lymytzsell.service.start.StartController.lambda$loadInitData$2(StartController.java:335)
	at java.base/java.lang.Thread.run(Thread.java:829)
Caused by: java.net.NoRouteToHostException: Aucun chemin d'accès pour atteindre l'hôte cible (Host unreachable)
	at java.base/java.net.PlainSocketImpl.socketConnect(Native Method)
	at java.base/java.net.AbstractPlainSocketImpl.doConnect(AbstractPlainSocketImpl.java:412)
	at java.base/java.net.AbstractPlainSocketImpl.connectToAddress(AbstractPlainSocketImpl.java:255)
	at java.base/java.net.AbstractPlainSocketImpl.connect(AbstractPlainSocketImpl.java:237)
	at java.base/java.net.SocksSocketImpl.connect(SocksSocketImpl.java:392)
	at java.base/java.net.Socket.connect(Socket.java:609)
	at org.postgresql.core.PGStream.createSocket(PGStream.java:241)
	at org.postgresql.core.PGStream.<init>(PGStream.java:98)
	at org.postgresql.core.v3.ConnectionFactoryImpl.tryConnect(ConnectionFactoryImpl.java:109)
	at org.postgresql.core.v3.ConnectionFactoryImpl.openConnectionImpl(ConnectionFactoryImpl.java:235)
	... 14 more
15-10-2024 04:41 | [ERREUR]
Connexion au serveur de données echoué
org.postgresql.util.PSQLException: La tentative de connexion a échoué.
	at org.postgresql.core.v3.ConnectionFactoryImpl.openConnectionImpl(ConnectionFactoryImpl.java:331)
	at org.postgresql.core.ConnectionFactory.openConnection(ConnectionFactory.java:49)
	at org.postgresql.jdbc.PgConnection.<init>(PgConnection.java:247)
	at org.postgresql.Driver.makeConnection(Driver.java:434)
	at org.postgresql.Driver.connect(Driver.java:291)
	at java.sql/java.sql.DriverManager.getConnection(DriverManager.java:677)
	at java.sql/java.sql.DriverManager.getConnection(DriverManager.java:228)
	at com.lymytz.lymytzsell.dao.RemoteDao.<init>(RemoteDao.java:48)
	at com.lymytz.lymytzsell.dao.RemoteDao.getInstance(RemoteDao.java:82)
	at com.lymytz.lymytzsell.dao.RemoteDao.getInstance(RemoteDao.java:59)
	at com.lymytz.lymytzsell.dao.query.RQueryFactories.insertInfoServeur(RQueryFactories.java:390)
	at com.lymytz.lymytzsell.service.utils.UtilsProject.initDataR(UtilsProject.java:313)
	at com.lymytz.lymytzsell.service.utils.UtilsProject.loadInitData(UtilsProject.java:365)
	at com.lymytz.lymytzsell.service.start.StartController.lambda$loadInitData$2(StartController.java:335)
	at java.base/java.lang.Thread.run(Thread.java:829)
Caused by: java.net.NoRouteToHostException: Aucun chemin d'accès pour atteindre l'hôte cible (Host unreachable)
	at java.base/java.net.PlainSocketImpl.socketConnect(Native Method)
	at java.base/java.net.AbstractPlainSocketImpl.doConnect(AbstractPlainSocketImpl.java:412)
	at java.base/java.net.AbstractPlainSocketImpl.connectToAddress(AbstractPlainSocketImpl.java:255)
	at java.base/java.net.AbstractPlainSocketImpl.connect(AbstractPlainSocketImpl.java:237)
	at java.base/java.net.SocksSocketImpl.connect(SocksSocketImpl.java:392)
	at java.base/java.net.Socket.connect(Socket.java:609)
	at org.postgresql.core.PGStream.createSocket(PGStream.java:241)
	at org.postgresql.core.PGStream.<init>(PGStream.java:98)
	at org.postgresql.core.v3.ConnectionFactoryImpl.tryConnect(ConnectionFactoryImpl.java:109)
	at org.postgresql.core.v3.ConnectionFactoryImpl.openConnectionImpl(ConnectionFactoryImpl.java:235)
	... 14 more
15-10-2024 05:14 | [ERREUR]

java.lang.IllegalStateException: InjectionManagerFactory not found.
	at org.glassfish.jersey.internal.inject.Injections.lambda$lookupInjectionManagerFactory$0(Injections.java:98)
	at java.base/java.util.Optional.orElseThrow(Optional.java:408)
	at org.glassfish.jersey.internal.inject.Injections.lookupInjectionManagerFactory(Injections.java:98)
	at org.glassfish.jersey.internal.inject.Injections.createInjectionManager(Injections.java:68)
	at org.glassfish.jersey.client.ClientConfig$State.initRuntime(ClientConfig.java:432)
	at org.glassfish.jersey.internal.util.collection.Values$LazyValueImpl.get(Values.java:341)
	at org.glassfish.jersey.client.ClientConfig.getRuntime(ClientConfig.java:826)
	at org.glassfish.jersey.client.ClientRequest.getConfiguration(ClientRequest.java:285)
	at org.glassfish.jersey.client.JerseyInvocation.validateHttpMethodAndEntity(JerseyInvocation.java:143)
	at org.glassfish.jersey.client.JerseyInvocation.<init>(JerseyInvocation.java:112)
	at org.glassfish.jersey.client.JerseyInvocation.<init>(JerseyInvocation.java:108)
	at org.glassfish.jersey.client.JerseyInvocation.<init>(JerseyInvocation.java:99)
	at org.glassfish.jersey.client.JerseyInvocation$Builder.method(JerseyInvocation.java:419)
	at org.glassfish.jersey.client.JerseyInvocation$Builder.get(JerseyInvocation.java:319)
	at com.lymytz.lymytzsell.synchro.ws.WsSynchro.getStock(WsSynchro.java:215)
	at com.lymytz.lymytzsell.service.utils.UtilsProject.getStocks(UtilsProject.java:204)
	at com.lymytz.lymytzsell.service.application.loader.LoaderStock.call(LoaderStock.java:63)
	at com.lymytz.lymytzsell.service.application.loader.LoaderStock.call(LoaderStock.java:24)
	at javafx.graphics/javafx.concurrent.Task$TaskCallable.call(Task.java:1426)
	at java.base/java.util.concurrent.FutureTask.run$$$capture(FutureTask.java:264)
	at java.base/java.util.concurrent.FutureTask.run(FutureTask.java)
	at java.base/java.lang.Thread.run(Thread.java:829)
15-10-2024 05:21 | [INFO]Ouverture de l'application...
15-10-2024 05:21 | [AVERTISSEMENT]Votre version de java ne supporte pas le systèm Tray...
15-10-2024 05:21 | [ERREUR]
Connexion au serveur de données echoué
org.postgresql.util.PSQLException: La tentative de connexion a échoué.
	at org.postgresql.core.v3.ConnectionFactoryImpl.openConnectionImpl(ConnectionFactoryImpl.java:331)
	at org.postgresql.core.ConnectionFactory.openConnection(ConnectionFactory.java:49)
	at org.postgresql.jdbc.PgConnection.<init>(PgConnection.java:247)
	at org.postgresql.Driver.makeConnection(Driver.java:434)
	at org.postgresql.Driver.connect(Driver.java:291)
	at java.sql/java.sql.DriverManager.getConnection(DriverManager.java:677)
	at java.sql/java.sql.DriverManager.getConnection(DriverManager.java:228)
	at com.lymytz.lymytzsell.dao.RemoteDao.<init>(RemoteDao.java:48)
	at com.lymytz.lymytzsell.dao.RemoteDao.getInstance(RemoteDao.java:82)
	at com.lymytz.lymytzsell.dao.RemoteDao.getInstance(RemoteDao.java:59)
	at com.lymytz.lymytzsell.dao.query.RQueryFactories.getIdServer(RQueryFactories.java:65)
	at com.lymytz.lymytzsell.service.utils.UtilsProject.initDataR(UtilsProject.java:311)
	at com.lymytz.lymytzsell.service.utils.UtilsProject.loadInitData(UtilsProject.java:363)
	at com.lymytz.lymytzsell.service.start.StartController.lambda$loadInitData$2(StartController.java:335)
	at java.base/java.lang.Thread.run(Thread.java:829)
Caused by: java.net.NoRouteToHostException: Aucun chemin d'accès pour atteindre l'hôte cible (Host unreachable)
	at java.base/java.net.PlainSocketImpl.socketConnect(Native Method)
	at java.base/java.net.AbstractPlainSocketImpl.doConnect(AbstractPlainSocketImpl.java:412)
	at java.base/java.net.AbstractPlainSocketImpl.connectToAddress(AbstractPlainSocketImpl.java:255)
	at java.base/java.net.AbstractPlainSocketImpl.connect(AbstractPlainSocketImpl.java:237)
	at java.base/java.net.SocksSocketImpl.connect(SocksSocketImpl.java:392)
	at java.base/java.net.Socket.connect(Socket.java:609)
	at org.postgresql.core.PGStream.createSocket(PGStream.java:241)
	at org.postgresql.core.PGStream.<init>(PGStream.java:98)
	at org.postgresql.core.v3.ConnectionFactoryImpl.tryConnect(ConnectionFactoryImpl.java:109)
	at org.postgresql.core.v3.ConnectionFactoryImpl.openConnectionImpl(ConnectionFactoryImpl.java:235)
	... 14 more
15-10-2024 05:21 | [ERREUR]
Connexion au serveur de données echoué
org.postgresql.util.PSQLException: La tentative de connexion a échoué.
	at org.postgresql.core.v3.ConnectionFactoryImpl.openConnectionImpl(ConnectionFactoryImpl.java:331)
	at org.postgresql.core.ConnectionFactory.openConnection(ConnectionFactory.java:49)
	at org.postgresql.jdbc.PgConnection.<init>(PgConnection.java:247)
	at org.postgresql.Driver.makeConnection(Driver.java:434)
	at org.postgresql.Driver.connect(Driver.java:291)
	at java.sql/java.sql.DriverManager.getConnection(DriverManager.java:677)
	at java.sql/java.sql.DriverManager.getConnection(DriverManager.java:228)
	at com.lymytz.lymytzsell.dao.RemoteDao.<init>(RemoteDao.java:48)
	at com.lymytz.lymytzsell.dao.RemoteDao.getInstance(RemoteDao.java:82)
	at com.lymytz.lymytzsell.dao.RemoteDao.getInstance(RemoteDao.java:59)
	at com.lymytz.lymytzsell.dao.query.RQueryFactories.insertInfoServeur(RQueryFactories.java:390)
	at com.lymytz.lymytzsell.service.utils.UtilsProject.initDataR(UtilsProject.java:314)
	at com.lymytz.lymytzsell.service.utils.UtilsProject.loadInitData(UtilsProject.java:363)
	at com.lymytz.lymytzsell.service.start.StartController.lambda$loadInitData$2(StartController.java:335)
	at java.base/java.lang.Thread.run(Thread.java:829)
Caused by: java.net.NoRouteToHostException: Aucun chemin d'accès pour atteindre l'hôte cible (Host unreachable)
	at java.base/java.net.PlainSocketImpl.socketConnect(Native Method)
	at java.base/java.net.AbstractPlainSocketImpl.doConnect(AbstractPlainSocketImpl.java:412)
	at java.base/java.net.AbstractPlainSocketImpl.connectToAddress(AbstractPlainSocketImpl.java:255)
	at java.base/java.net.AbstractPlainSocketImpl.connect(AbstractPlainSocketImpl.java:237)
	at java.base/java.net.SocksSocketImpl.connect(SocksSocketImpl.java:392)
	at java.base/java.net.Socket.connect(Socket.java:609)
	at org.postgresql.core.PGStream.createSocket(PGStream.java:241)
	at org.postgresql.core.PGStream.<init>(PGStream.java:98)
	at org.postgresql.core.v3.ConnectionFactoryImpl.tryConnect(ConnectionFactoryImpl.java:109)
	at org.postgresql.core.v3.ConnectionFactoryImpl.openConnectionImpl(ConnectionFactoryImpl.java:235)
	... 14 more
15-10-2024 05:24 | [ERREUR]

java.lang.IllegalStateException: InjectionManagerFactory not found.
	at org.glassfish.jersey.internal.inject.Injections.lambda$lookupInjectionManagerFactory$0(Injections.java:98)
	at java.base/java.util.Optional.orElseThrow(Optional.java:408)
	at org.glassfish.jersey.internal.inject.Injections.lookupInjectionManagerFactory(Injections.java:98)
	at org.glassfish.jersey.internal.inject.Injections.createInjectionManager(Injections.java:68)
	at org.glassfish.jersey.client.ClientConfig$State.initRuntime(ClientConfig.java:432)
	at org.glassfish.jersey.internal.util.collection.Values$LazyValueImpl.get(Values.java:341)
	at org.glassfish.jersey.client.ClientConfig.getRuntime(ClientConfig.java:826)
	at org.glassfish.jersey.client.ClientRequest.getConfiguration(ClientRequest.java:285)
	at org.glassfish.jersey.client.JerseyInvocation.validateHttpMethodAndEntity(JerseyInvocation.java:143)
	at org.glassfish.jersey.client.JerseyInvocation.<init>(JerseyInvocation.java:112)
	at org.glassfish.jersey.client.JerseyInvocation.<init>(JerseyInvocation.java:108)
	at org.glassfish.jersey.client.JerseyInvocation.<init>(JerseyInvocation.java:99)
	at org.glassfish.jersey.client.JerseyInvocation$Builder.method(JerseyInvocation.java:419)
	at org.glassfish.jersey.client.JerseyInvocation$Builder.get(JerseyInvocation.java:319)
	at com.lymytz.lymytzsell.synchro.ws.WsSynchro.getStock(WsSynchro.java:215)
	at com.lymytz.lymytzsell.service.utils.UtilsProject.getStocks(UtilsProject.java:205)
	at com.lymytz.lymytzsell.service.application.loader.LoaderStock.call(LoaderStock.java:64)
	at com.lymytz.lymytzsell.service.application.loader.LoaderStock.call(LoaderStock.java:25)
	at javafx.graphics/javafx.concurrent.Task$TaskCallable.call(Task.java:1426)
	at java.base/java.util.concurrent.FutureTask.run$$$capture(FutureTask.java:264)
	at java.base/java.util.concurrent.FutureTask.run(FutureTask.java)
	at java.base/java.lang.Thread.run(Thread.java:829)
15-10-2024 05:25 | [INFO]Ouverture de l'application...
15-10-2024 05:25 | [AVERTISSEMENT]Votre version de java ne supporte pas le systèm Tray...
15-10-2024 05:25 | [ERREUR]
Connexion au serveur de données echoué
org.postgresql.util.PSQLException: La tentative de connexion a échoué.
	at org.postgresql.core.v3.ConnectionFactoryImpl.openConnectionImpl(ConnectionFactoryImpl.java:331)
	at org.postgresql.core.ConnectionFactory.openConnection(ConnectionFactory.java:49)
	at org.postgresql.jdbc.PgConnection.<init>(PgConnection.java:247)
	at org.postgresql.Driver.makeConnection(Driver.java:434)
	at org.postgresql.Driver.connect(Driver.java:291)
	at java.sql/java.sql.DriverManager.getConnection(DriverManager.java:677)
	at java.sql/java.sql.DriverManager.getConnection(DriverManager.java:228)
	at com.lymytz.lymytzsell.dao.RemoteDao.<init>(RemoteDao.java:48)
	at com.lymytz.lymytzsell.dao.RemoteDao.getInstance(RemoteDao.java:82)
	at com.lymytz.lymytzsell.dao.RemoteDao.getInstance(RemoteDao.java:59)
	at com.lymytz.lymytzsell.dao.query.RQueryFactories.getIdServer(RQueryFactories.java:65)
	at com.lymytz.lymytzsell.service.utils.UtilsProject.initDataR(UtilsProject.java:312)
	at com.lymytz.lymytzsell.service.utils.UtilsProject.loadInitData(UtilsProject.java:364)
	at com.lymytz.lymytzsell.service.start.StartController.lambda$loadInitData$2(StartController.java:335)
	at java.base/java.lang.Thread.run(Thread.java:829)
Caused by: java.net.NoRouteToHostException: Aucun chemin d'accès pour atteindre l'hôte cible (Host unreachable)
	at java.base/java.net.PlainSocketImpl.socketConnect(Native Method)
	at java.base/java.net.AbstractPlainSocketImpl.doConnect(AbstractPlainSocketImpl.java:412)
	at java.base/java.net.AbstractPlainSocketImpl.connectToAddress(AbstractPlainSocketImpl.java:255)
	at java.base/java.net.AbstractPlainSocketImpl.connect(AbstractPlainSocketImpl.java:237)
	at java.base/java.net.SocksSocketImpl.connect(SocksSocketImpl.java:392)
	at java.base/java.net.Socket.connect(Socket.java:609)
	at org.postgresql.core.PGStream.createSocket(PGStream.java:241)
	at org.postgresql.core.PGStream.<init>(PGStream.java:98)
	at org.postgresql.core.v3.ConnectionFactoryImpl.tryConnect(ConnectionFactoryImpl.java:109)
	at org.postgresql.core.v3.ConnectionFactoryImpl.openConnectionImpl(ConnectionFactoryImpl.java:235)
	... 14 more
15-10-2024 05:25 | [ERREUR]
Connexion au serveur de données echoué
org.postgresql.util.PSQLException: La tentative de connexion a échoué.
	at org.postgresql.core.v3.ConnectionFactoryImpl.openConnectionImpl(ConnectionFactoryImpl.java:331)
	at org.postgresql.core.ConnectionFactory.openConnection(ConnectionFactory.java:49)
	at org.postgresql.jdbc.PgConnection.<init>(PgConnection.java:247)
	at org.postgresql.Driver.makeConnection(Driver.java:434)
	at org.postgresql.Driver.connect(Driver.java:291)
	at java.sql/java.sql.DriverManager.getConnection(DriverManager.java:677)
	at java.sql/java.sql.DriverManager.getConnection(DriverManager.java:228)
	at com.lymytz.lymytzsell.dao.RemoteDao.<init>(RemoteDao.java:48)
	at com.lymytz.lymytzsell.dao.RemoteDao.getInstance(RemoteDao.java:82)
	at com.lymytz.lymytzsell.dao.RemoteDao.getInstance(RemoteDao.java:59)
	at com.lymytz.lymytzsell.dao.query.RQueryFactories.insertInfoServeur(RQueryFactories.java:390)
	at com.lymytz.lymytzsell.service.utils.UtilsProject.initDataR(UtilsProject.java:315)
	at com.lymytz.lymytzsell.service.utils.UtilsProject.loadInitData(UtilsProject.java:364)
	at com.lymytz.lymytzsell.service.start.StartController.lambda$loadInitData$2(StartController.java:335)
	at java.base/java.lang.Thread.run(Thread.java:829)
Caused by: java.net.NoRouteToHostException: Aucun chemin d'accès pour atteindre l'hôte cible (Host unreachable)
	at java.base/java.net.PlainSocketImpl.socketConnect(Native Method)
	at java.base/java.net.AbstractPlainSocketImpl.doConnect(AbstractPlainSocketImpl.java:412)
	at java.base/java.net.AbstractPlainSocketImpl.connectToAddress(AbstractPlainSocketImpl.java:255)
	at java.base/java.net.AbstractPlainSocketImpl.connect(AbstractPlainSocketImpl.java:237)
	at java.base/java.net.SocksSocketImpl.connect(SocksSocketImpl.java:392)
	at java.base/java.net.Socket.connect(Socket.java:609)
	at org.postgresql.core.PGStream.createSocket(PGStream.java:241)
	at org.postgresql.core.PGStream.<init>(PGStream.java:98)
	at org.postgresql.core.v3.ConnectionFactoryImpl.tryConnect(ConnectionFactoryImpl.java:109)
	at org.postgresql.core.v3.ConnectionFactoryImpl.openConnectionImpl(ConnectionFactoryImpl.java:235)
	... 14 more
15-10-2024 05:26 | [ERREUR]

java.lang.IllegalStateException: InjectionManagerFactory not found.
	at org.glassfish.jersey.internal.inject.Injections.lambda$lookupInjectionManagerFactory$0(Injections.java:98)
	at java.base/java.util.Optional.orElseThrow(Optional.java:408)
	at org.glassfish.jersey.internal.inject.Injections.lookupInjectionManagerFactory(Injections.java:98)
	at org.glassfish.jersey.internal.inject.Injections.createInjectionManager(Injections.java:68)
	at org.glassfish.jersey.client.ClientConfig$State.initRuntime(ClientConfig.java:432)
	at org.glassfish.jersey.internal.util.collection.Values$LazyValueImpl.get(Values.java:341)
	at org.glassfish.jersey.client.ClientConfig.getRuntime(ClientConfig.java:826)
	at org.glassfish.jersey.client.ClientRequest.getConfiguration(ClientRequest.java:285)
	at org.glassfish.jersey.client.JerseyInvocation.validateHttpMethodAndEntity(JerseyInvocation.java:143)
	at org.glassfish.jersey.client.JerseyInvocation.<init>(JerseyInvocation.java:112)
	at org.glassfish.jersey.client.JerseyInvocation.<init>(JerseyInvocation.java:108)
	at org.glassfish.jersey.client.JerseyInvocation.<init>(JerseyInvocation.java:99)
	at org.glassfish.jersey.client.JerseyInvocation$Builder.method(JerseyInvocation.java:419)
	at org.glassfish.jersey.client.JerseyInvocation$Builder.get(JerseyInvocation.java:319)
	at com.lymytz.lymytzsell.synchro.ws.WsSynchro.getStock(WsSynchro.java:215)
	at com.lymytz.lymytzsell.service.utils.UtilsProject.getStocks(UtilsProject.java:206)
	at com.lymytz.lymytzsell.service.application.loader.LoaderStock.call(LoaderStock.java:64)
	at com.lymytz.lymytzsell.service.application.loader.LoaderStock.call(LoaderStock.java:25)
	at javafx.graphics/javafx.concurrent.Task$TaskCallable.call(Task.java:1426)
	at java.base/java.util.concurrent.FutureTask.run$$$capture(FutureTask.java:264)
	at java.base/java.util.concurrent.FutureTask.run(FutureTask.java)
	at java.base/java.lang.Thread.run(Thread.java:829)
15-10-2024 05:31 | [INFO]Ouverture de l'application...
15-10-2024 05:31 | [AVERTISSEMENT]Votre version de java ne supporte pas le systèm Tray...
15-10-2024 05:31 | [ERREUR]
Connexion au serveur de données echoué
org.postgresql.util.PSQLException: La tentative de connexion a échoué.
	at org.postgresql.core.v3.ConnectionFactoryImpl.openConnectionImpl(ConnectionFactoryImpl.java:331)
	at org.postgresql.core.ConnectionFactory.openConnection(ConnectionFactory.java:49)
	at org.postgresql.jdbc.PgConnection.<init>(PgConnection.java:247)
	at org.postgresql.Driver.makeConnection(Driver.java:434)
	at org.postgresql.Driver.connect(Driver.java:291)
	at java.sql/java.sql.DriverManager.getConnection(DriverManager.java:677)
	at java.sql/java.sql.DriverManager.getConnection(DriverManager.java:228)
	at com.lymytz.lymytzsell.dao.RemoteDao.<init>(RemoteDao.java:48)
	at com.lymytz.lymytzsell.dao.RemoteDao.getInstance(RemoteDao.java:82)
	at com.lymytz.lymytzsell.dao.RemoteDao.getInstance(RemoteDao.java:59)
	at com.lymytz.lymytzsell.dao.query.RQueryFactories.getIdServer(RQueryFactories.java:65)
	at com.lymytz.lymytzsell.service.utils.UtilsProject.initDataR(UtilsProject.java:312)
	at com.lymytz.lymytzsell.service.utils.UtilsProject.loadInitData(UtilsProject.java:364)
	at com.lymytz.lymytzsell.service.start.StartController.lambda$loadInitData$2(StartController.java:335)
	at java.base/java.lang.Thread.run(Thread.java:829)
Caused by: java.net.NoRouteToHostException: Aucun chemin d'accès pour atteindre l'hôte cible (Host unreachable)
	at java.base/java.net.PlainSocketImpl.socketConnect(Native Method)
	at java.base/java.net.AbstractPlainSocketImpl.doConnect(AbstractPlainSocketImpl.java:412)
	at java.base/java.net.AbstractPlainSocketImpl.connectToAddress(AbstractPlainSocketImpl.java:255)
	at java.base/java.net.AbstractPlainSocketImpl.connect(AbstractPlainSocketImpl.java:237)
	at java.base/java.net.SocksSocketImpl.connect(SocksSocketImpl.java:392)
	at java.base/java.net.Socket.connect(Socket.java:609)
	at org.postgresql.core.PGStream.createSocket(PGStream.java:241)
	at org.postgresql.core.PGStream.<init>(PGStream.java:98)
	at org.postgresql.core.v3.ConnectionFactoryImpl.tryConnect(ConnectionFactoryImpl.java:109)
	at org.postgresql.core.v3.ConnectionFactoryImpl.openConnectionImpl(ConnectionFactoryImpl.java:235)
	... 14 more
15-10-2024 05:31 | [ERREUR]
Connexion au serveur de données echoué
org.postgresql.util.PSQLException: La tentative de connexion a échoué.
	at org.postgresql.core.v3.ConnectionFactoryImpl.openConnectionImpl(ConnectionFactoryImpl.java:331)
	at org.postgresql.core.ConnectionFactory.openConnection(ConnectionFactory.java:49)
	at org.postgresql.jdbc.PgConnection.<init>(PgConnection.java:247)
	at org.postgresql.Driver.makeConnection(Driver.java:434)
	at org.postgresql.Driver.connect(Driver.java:291)
	at java.sql/java.sql.DriverManager.getConnection(DriverManager.java:677)
	at java.sql/java.sql.DriverManager.getConnection(DriverManager.java:228)
	at com.lymytz.lymytzsell.dao.RemoteDao.<init>(RemoteDao.java:48)
	at com.lymytz.lymytzsell.dao.RemoteDao.getInstance(RemoteDao.java:82)
	at com.lymytz.lymytzsell.dao.RemoteDao.getInstance(RemoteDao.java:59)
	at com.lymytz.lymytzsell.dao.query.RQueryFactories.insertInfoServeur(RQueryFactories.java:390)
	at com.lymytz.lymytzsell.service.utils.UtilsProject.initDataR(UtilsProject.java:315)
	at com.lymytz.lymytzsell.service.utils.UtilsProject.loadInitData(UtilsProject.java:364)
	at com.lymytz.lymytzsell.service.start.StartController.lambda$loadInitData$2(StartController.java:335)
	at java.base/java.lang.Thread.run(Thread.java:829)
Caused by: java.net.NoRouteToHostException: Aucun chemin d'accès pour atteindre l'hôte cible (Host unreachable)
	at java.base/java.net.PlainSocketImpl.socketConnect(Native Method)
	at java.base/java.net.AbstractPlainSocketImpl.doConnect(AbstractPlainSocketImpl.java:412)
	at java.base/java.net.AbstractPlainSocketImpl.connectToAddress(AbstractPlainSocketImpl.java:255)
	at java.base/java.net.AbstractPlainSocketImpl.connect(AbstractPlainSocketImpl.java:237)
	at java.base/java.net.SocksSocketImpl.connect(SocksSocketImpl.java:392)
	at java.base/java.net.Socket.connect(Socket.java:609)
	at org.postgresql.core.PGStream.createSocket(PGStream.java:241)
	at org.postgresql.core.PGStream.<init>(PGStream.java:98)
	at org.postgresql.core.v3.ConnectionFactoryImpl.tryConnect(ConnectionFactoryImpl.java:109)
	at org.postgresql.core.v3.ConnectionFactoryImpl.openConnectionImpl(ConnectionFactoryImpl.java:235)
	... 14 more
15-10-2024 05:31 | [ERREUR]

java.lang.IllegalStateException: InjectionManagerFactory not found.
	at org.glassfish.jersey.internal.inject.Injections.lambda$lookupInjectionManagerFactory$0(Injections.java:98)
	at java.base/java.util.Optional.orElseThrow(Optional.java:408)
	at org.glassfish.jersey.internal.inject.Injections.lookupInjectionManagerFactory(Injections.java:98)
	at org.glassfish.jersey.internal.inject.Injections.createInjectionManager(Injections.java:68)
	at org.glassfish.jersey.client.ClientConfig$State.initRuntime(ClientConfig.java:432)
	at org.glassfish.jersey.internal.util.collection.Values$LazyValueImpl.get(Values.java:341)
	at org.glassfish.jersey.client.ClientConfig.getRuntime(ClientConfig.java:826)
	at org.glassfish.jersey.client.ClientRequest.getConfiguration(ClientRequest.java:285)
	at org.glassfish.jersey.client.JerseyInvocation.validateHttpMethodAndEntity(JerseyInvocation.java:143)
	at org.glassfish.jersey.client.JerseyInvocation.<init>(JerseyInvocation.java:112)
	at org.glassfish.jersey.client.JerseyInvocation.<init>(JerseyInvocation.java:108)
	at org.glassfish.jersey.client.JerseyInvocation.<init>(JerseyInvocation.java:99)
	at org.glassfish.jersey.client.JerseyInvocation$Builder.method(JerseyInvocation.java:419)
	at org.glassfish.jersey.client.JerseyInvocation$Builder.get(JerseyInvocation.java:319)
	at com.lymytz.lymytzsell.synchro.ws.WsSynchro.getStock(WsSynchro.java:215)
	at com.lymytz.lymytzsell.service.utils.UtilsProject.getStocks(UtilsProject.java:206)
	at com.lymytz.lymytzsell.service.application.loader.LoaderStock.call(LoaderStock.java:64)
	at com.lymytz.lymytzsell.service.application.loader.LoaderStock.call(LoaderStock.java:25)
	at javafx.graphics/javafx.concurrent.Task$TaskCallable.call(Task.java:1426)
	at java.base/java.util.concurrent.FutureTask.run$$$capture(FutureTask.java:264)
	at java.base/java.util.concurrent.FutureTask.run(FutureTask.java)
	at java.base/java.lang.Thread.run(Thread.java:829)
15-10-2024 05:32 | [ERREUR]

java.lang.IllegalStateException: InjectionManagerFactory not found.
	at org.glassfish.jersey.internal.inject.Injections.lambda$lookupInjectionManagerFactory$0(Injections.java:98)
	at java.base/java.util.Optional.orElseThrow(Optional.java:408)
	at org.glassfish.jersey.internal.inject.Injections.lookupInjectionManagerFactory(Injections.java:98)
	at org.glassfish.jersey.internal.inject.Injections.createInjectionManager(Injections.java:68)
	at org.glassfish.jersey.client.ClientConfig$State.initRuntime(ClientConfig.java:432)
	at org.glassfish.jersey.internal.util.collection.Values$LazyValueImpl.get(Values.java:341)
	at org.glassfish.jersey.client.ClientConfig.getRuntime(ClientConfig.java:826)
	at org.glassfish.jersey.client.ClientRequest.getConfiguration(ClientRequest.java:285)
	at org.glassfish.jersey.client.JerseyInvocation.validateHttpMethodAndEntity(JerseyInvocation.java:143)
	at org.glassfish.jersey.client.JerseyInvocation.<init>(JerseyInvocation.java:112)
	at org.glassfish.jersey.client.JerseyInvocation.<init>(JerseyInvocation.java:108)
	at org.glassfish.jersey.client.JerseyInvocation.<init>(JerseyInvocation.java:99)
	at org.glassfish.jersey.client.JerseyInvocation$Builder.method(JerseyInvocation.java:419)
	at org.glassfish.jersey.client.JerseyInvocation$Builder.get(JerseyInvocation.java:319)
	at com.lymytz.lymytzsell.synchro.ws.WsSynchro.getStock(WsSynchro.java:215)
	at com.lymytz.lymytzsell.service.utils.UtilsProject.getStocks(UtilsProject.java:206)
	at com.lymytz.lymytzsell.service.application.loader.LoaderStock.call(LoaderStock.java:64)
	at com.lymytz.lymytzsell.service.application.loader.LoaderStock.call(LoaderStock.java:25)
	at javafx.graphics/javafx.concurrent.Task$TaskCallable.call(Task.java:1426)
	at java.base/java.util.concurrent.FutureTask.run$$$capture(FutureTask.java:264)
	at java.base/java.util.concurrent.FutureTask.run(FutureTask.java)
	at java.base/java.lang.Thread.run(Thread.java:829)
15-10-2024 05:38 | [INFO]Ouverture de l'application...
15-10-2024 05:38 | [AVERTISSEMENT]Votre version de java ne supporte pas le systèm Tray...
15-10-2024 05:40 | [ERREUR]
Connexion au serveur de données echoué
org.postgresql.util.PSQLException: La tentative de connexion a échoué.
	at org.postgresql.core.v3.ConnectionFactoryImpl.openConnectionImpl(ConnectionFactoryImpl.java:331)
	at org.postgresql.core.ConnectionFactory.openConnection(ConnectionFactory.java:49)
	at org.postgresql.jdbc.PgConnection.<init>(PgConnection.java:247)
	at org.postgresql.Driver.makeConnection(Driver.java:434)
	at org.postgresql.Driver.connect(Driver.java:291)
	at java.sql/java.sql.DriverManager.getConnection(DriverManager.java:677)
	at java.sql/java.sql.DriverManager.getConnection(DriverManager.java:228)
	at com.lymytz.lymytzsell.dao.RemoteDao.<init>(RemoteDao.java:48)
	at com.lymytz.lymytzsell.dao.RemoteDao.getInstance(RemoteDao.java:82)
	at com.lymytz.lymytzsell.dao.RemoteDao.getInstance(RemoteDao.java:59)
	at com.lymytz.lymytzsell.dao.query.RQueryFactories.getIdServer(RQueryFactories.java:65)
	at com.lymytz.lymytzsell.service.utils.UtilsProject.initDataR(UtilsProject.java:312)
	at com.lymytz.lymytzsell.service.utils.UtilsProject.loadInitData(UtilsProject.java:364)
	at com.lymytz.lymytzsell.service.start.StartController.lambda$loadInitData$2(StartController.java:335)
	at java.base/java.lang.Thread.run(Thread.java:829)
Caused by: java.net.NoRouteToHostException: Aucun chemin d'accès pour atteindre l'hôte cible (Host unreachable)
	at java.base/java.net.PlainSocketImpl.socketConnect(Native Method)
	at java.base/java.net.AbstractPlainSocketImpl.doConnect(AbstractPlainSocketImpl.java:412)
	at java.base/java.net.AbstractPlainSocketImpl.connectToAddress(AbstractPlainSocketImpl.java:255)
	at java.base/java.net.AbstractPlainSocketImpl.connect(AbstractPlainSocketImpl.java:237)
	at java.base/java.net.SocksSocketImpl.connect(SocksSocketImpl.java:392)
	at java.base/java.net.Socket.connect(Socket.java:609)
	at org.postgresql.core.PGStream.createSocket(PGStream.java:241)
	at org.postgresql.core.PGStream.<init>(PGStream.java:98)
	at org.postgresql.core.v3.ConnectionFactoryImpl.tryConnect(ConnectionFactoryImpl.java:109)
	at org.postgresql.core.v3.ConnectionFactoryImpl.openConnectionImpl(ConnectionFactoryImpl.java:235)
	... 14 more
15-10-2024 05:40 | [ERREUR]
Connexion au serveur de données echoué
org.postgresql.util.PSQLException: La tentative de connexion a échoué.
	at org.postgresql.core.v3.ConnectionFactoryImpl.openConnectionImpl(ConnectionFactoryImpl.java:331)
	at org.postgresql.core.ConnectionFactory.openConnection(ConnectionFactory.java:49)
	at org.postgresql.jdbc.PgConnection.<init>(PgConnection.java:247)
	at org.postgresql.Driver.makeConnection(Driver.java:434)
	at org.postgresql.Driver.connect(Driver.java:291)
	at java.sql/java.sql.DriverManager.getConnection(DriverManager.java:677)
	at java.sql/java.sql.DriverManager.getConnection(DriverManager.java:228)
	at com.lymytz.lymytzsell.dao.RemoteDao.<init>(RemoteDao.java:48)
	at com.lymytz.lymytzsell.dao.RemoteDao.getInstance(RemoteDao.java:82)
	at com.lymytz.lymytzsell.dao.RemoteDao.getInstance(RemoteDao.java:59)
	at com.lymytz.lymytzsell.dao.query.RQueryFactories.insertInfoServeur(RQueryFactories.java:390)
	at com.lymytz.lymytzsell.service.utils.UtilsProject.initDataR(UtilsProject.java:315)
	at com.lymytz.lymytzsell.service.utils.UtilsProject.loadInitData(UtilsProject.java:364)
	at com.lymytz.lymytzsell.service.start.StartController.lambda$loadInitData$2(StartController.java:335)
	at java.base/java.lang.Thread.run(Thread.java:829)
Caused by: java.net.NoRouteToHostException: Aucun chemin d'accès pour atteindre l'hôte cible (Host unreachable)
	at java.base/java.net.PlainSocketImpl.socketConnect(Native Method)
	at java.base/java.net.AbstractPlainSocketImpl.doConnect(AbstractPlainSocketImpl.java:412)
	at java.base/java.net.AbstractPlainSocketImpl.connectToAddress(AbstractPlainSocketImpl.java:255)
	at java.base/java.net.AbstractPlainSocketImpl.connect(AbstractPlainSocketImpl.java:237)
	at java.base/java.net.SocksSocketImpl.connect(SocksSocketImpl.java:392)
	at java.base/java.net.Socket.connect(Socket.java:609)
	at org.postgresql.core.PGStream.createSocket(PGStream.java:241)
	at org.postgresql.core.PGStream.<init>(PGStream.java:98)
	at org.postgresql.core.v3.ConnectionFactoryImpl.tryConnect(ConnectionFactoryImpl.java:109)
	at org.postgresql.core.v3.ConnectionFactoryImpl.openConnectionImpl(ConnectionFactoryImpl.java:235)
	... 14 more
15-10-2024 05:43 | [INFO]Ouverture de l'application...
15-10-2024 05:43 | [AVERTISSEMENT]Votre version de java ne supporte pas le systèm Tray...
15-10-2024 05:45 | [ERREUR]
Connexion au serveur de données echoué
org.postgresql.util.PSQLException: La tentative de connexion a échoué.
	at org.postgresql.core.v3.ConnectionFactoryImpl.openConnectionImpl(ConnectionFactoryImpl.java:331)
	at org.postgresql.core.ConnectionFactory.openConnection(ConnectionFactory.java:49)
	at org.postgresql.jdbc.PgConnection.<init>(PgConnection.java:247)
	at org.postgresql.Driver.makeConnection(Driver.java:434)
	at org.postgresql.Driver.connect(Driver.java:291)
	at java.sql/java.sql.DriverManager.getConnection(DriverManager.java:677)
	at java.sql/java.sql.DriverManager.getConnection(DriverManager.java:228)
	at com.lymytz.lymytzsell.dao.RemoteDao.<init>(RemoteDao.java:48)
	at com.lymytz.lymytzsell.dao.RemoteDao.getInstance(RemoteDao.java:82)
	at com.lymytz.lymytzsell.dao.RemoteDao.getInstance(RemoteDao.java:59)
	at com.lymytz.lymytzsell.dao.query.RQueryFactories.getIdServer(RQueryFactories.java:65)
	at com.lymytz.lymytzsell.service.utils.UtilsProject.initDataR(UtilsProject.java:312)
	at com.lymytz.lymytzsell.service.utils.UtilsProject.loadInitData(UtilsProject.java:364)
	at com.lymytz.lymytzsell.service.start.StartController.lambda$loadInitData$2(StartController.java:335)
	at java.base/java.lang.Thread.run(Thread.java:829)
Caused by: java.net.NoRouteToHostException: Aucun chemin d'accès pour atteindre l'hôte cible (Host unreachable)
	at java.base/java.net.PlainSocketImpl.socketConnect(Native Method)
	at java.base/java.net.AbstractPlainSocketImpl.doConnect(AbstractPlainSocketImpl.java:412)
	at java.base/java.net.AbstractPlainSocketImpl.connectToAddress(AbstractPlainSocketImpl.java:255)
	at java.base/java.net.AbstractPlainSocketImpl.connect(AbstractPlainSocketImpl.java:237)
	at java.base/java.net.SocksSocketImpl.connect(SocksSocketImpl.java:392)
	at java.base/java.net.Socket.connect(Socket.java:609)
	at org.postgresql.core.PGStream.createSocket(PGStream.java:241)
	at org.postgresql.core.PGStream.<init>(PGStream.java:98)
	at org.postgresql.core.v3.ConnectionFactoryImpl.tryConnect(ConnectionFactoryImpl.java:109)
	at org.postgresql.core.v3.ConnectionFactoryImpl.openConnectionImpl(ConnectionFactoryImpl.java:235)
	... 14 more
15-10-2024 05:45 | [ERREUR]
Connexion au serveur de données echoué
org.postgresql.util.PSQLException: La tentative de connexion a échoué.
	at org.postgresql.core.v3.ConnectionFactoryImpl.openConnectionImpl(ConnectionFactoryImpl.java:331)
	at org.postgresql.core.ConnectionFactory.openConnection(ConnectionFactory.java:49)
	at org.postgresql.jdbc.PgConnection.<init>(PgConnection.java:247)
	at org.postgresql.Driver.makeConnection(Driver.java:434)
	at org.postgresql.Driver.connect(Driver.java:291)
	at java.sql/java.sql.DriverManager.getConnection(DriverManager.java:677)
	at java.sql/java.sql.DriverManager.getConnection(DriverManager.java:228)
	at com.lymytz.lymytzsell.dao.RemoteDao.<init>(RemoteDao.java:48)
	at com.lymytz.lymytzsell.dao.RemoteDao.getInstance(RemoteDao.java:82)
	at com.lymytz.lymytzsell.dao.RemoteDao.getInstance(RemoteDao.java:59)
	at com.lymytz.lymytzsell.dao.query.RQueryFactories.insertInfoServeur(RQueryFactories.java:390)
	at com.lymytz.lymytzsell.service.utils.UtilsProject.initDataR(UtilsProject.java:315)
	at com.lymytz.lymytzsell.service.utils.UtilsProject.loadInitData(UtilsProject.java:364)
	at com.lymytz.lymytzsell.service.start.StartController.lambda$loadInitData$2(StartController.java:335)
	at java.base/java.lang.Thread.run(Thread.java:829)
Caused by: java.net.NoRouteToHostException: Aucun chemin d'accès pour atteindre l'hôte cible (Host unreachable)
	at java.base/java.net.PlainSocketImpl.socketConnect(Native Method)
	at java.base/java.net.AbstractPlainSocketImpl.doConnect(AbstractPlainSocketImpl.java:412)
	at java.base/java.net.AbstractPlainSocketImpl.connectToAddress(AbstractPlainSocketImpl.java:255)
	at java.base/java.net.AbstractPlainSocketImpl.connect(AbstractPlainSocketImpl.java:237)
	at java.base/java.net.SocksSocketImpl.connect(SocksSocketImpl.java:392)
	at java.base/java.net.Socket.connect(Socket.java:609)
	at org.postgresql.core.PGStream.createSocket(PGStream.java:241)
	at org.postgresql.core.PGStream.<init>(PGStream.java:98)
	at org.postgresql.core.v3.ConnectionFactoryImpl.tryConnect(ConnectionFactoryImpl.java:109)
	at org.postgresql.core.v3.ConnectionFactoryImpl.openConnectionImpl(ConnectionFactoryImpl.java:235)
	... 14 more
15-10-2024 05:47 | [INFO]Ouverture de l'application...
15-10-2024 05:47 | [AVERTISSEMENT]Votre version de java ne supporte pas le systèm Tray...
15-10-2024 05:47 | [ERREUR]
Connexion au serveur de données echoué
org.postgresql.util.PSQLException: La tentative de connexion a échoué.
	at org.postgresql.core.v3.ConnectionFactoryImpl.openConnectionImpl(ConnectionFactoryImpl.java:331)
	at org.postgresql.core.ConnectionFactory.openConnection(ConnectionFactory.java:49)
	at org.postgresql.jdbc.PgConnection.<init>(PgConnection.java:247)
	at org.postgresql.Driver.makeConnection(Driver.java:434)
	at org.postgresql.Driver.connect(Driver.java:291)
	at java.sql/java.sql.DriverManager.getConnection(DriverManager.java:677)
	at java.sql/java.sql.DriverManager.getConnection(DriverManager.java:228)
	at com.lymytz.lymytzsell.dao.RemoteDao.<init>(RemoteDao.java:48)
	at com.lymytz.lymytzsell.dao.RemoteDao.getInstance(RemoteDao.java:82)
	at com.lymytz.lymytzsell.dao.RemoteDao.getInstance(RemoteDao.java:59)
	at com.lymytz.lymytzsell.dao.query.RQueryFactories.getIdServer(RQueryFactories.java:65)
	at com.lymytz.lymytzsell.service.utils.UtilsProject.initDataR(UtilsProject.java:312)
	at com.lymytz.lymytzsell.service.utils.UtilsProject.loadInitData(UtilsProject.java:364)
	at com.lymytz.lymytzsell.service.start.StartController.lambda$loadInitData$2(StartController.java:335)
	at java.base/java.lang.Thread.run(Thread.java:829)
Caused by: java.net.NoRouteToHostException: Aucun chemin d'accès pour atteindre l'hôte cible (Host unreachable)
	at java.base/java.net.PlainSocketImpl.socketConnect(Native Method)
	at java.base/java.net.AbstractPlainSocketImpl.doConnect(AbstractPlainSocketImpl.java:412)
	at java.base/java.net.AbstractPlainSocketImpl.connectToAddress(AbstractPlainSocketImpl.java:255)
	at java.base/java.net.AbstractPlainSocketImpl.connect(AbstractPlainSocketImpl.java:237)
	at java.base/java.net.SocksSocketImpl.connect(SocksSocketImpl.java:392)
	at java.base/java.net.Socket.connect(Socket.java:609)
	at org.postgresql.core.PGStream.createSocket(PGStream.java:241)
	at org.postgresql.core.PGStream.<init>(PGStream.java:98)
	at org.postgresql.core.v3.ConnectionFactoryImpl.tryConnect(ConnectionFactoryImpl.java:109)
	at org.postgresql.core.v3.ConnectionFactoryImpl.openConnectionImpl(ConnectionFactoryImpl.java:235)
	... 14 more
15-10-2024 05:47 | [ERREUR]
Connexion au serveur de données echoué
org.postgresql.util.PSQLException: La tentative de connexion a échoué.
	at org.postgresql.core.v3.ConnectionFactoryImpl.openConnectionImpl(ConnectionFactoryImpl.java:331)
	at org.postgresql.core.ConnectionFactory.openConnection(ConnectionFactory.java:49)
	at org.postgresql.jdbc.PgConnection.<init>(PgConnection.java:247)
	at org.postgresql.Driver.makeConnection(Driver.java:434)
	at org.postgresql.Driver.connect(Driver.java:291)
	at java.sql/java.sql.DriverManager.getConnection(DriverManager.java:677)
	at java.sql/java.sql.DriverManager.getConnection(DriverManager.java:228)
	at com.lymytz.lymytzsell.dao.RemoteDao.<init>(RemoteDao.java:48)
	at com.lymytz.lymytzsell.dao.RemoteDao.getInstance(RemoteDao.java:82)
	at com.lymytz.lymytzsell.dao.RemoteDao.getInstance(RemoteDao.java:59)
	at com.lymytz.lymytzsell.dao.query.RQueryFactories.insertInfoServeur(RQueryFactories.java:390)
	at com.lymytz.lymytzsell.service.utils.UtilsProject.initDataR(UtilsProject.java:315)
	at com.lymytz.lymytzsell.service.utils.UtilsProject.loadInitData(UtilsProject.java:364)
	at com.lymytz.lymytzsell.service.start.StartController.lambda$loadInitData$2(StartController.java:335)
	at java.base/java.lang.Thread.run(Thread.java:829)
Caused by: java.net.NoRouteToHostException: Aucun chemin d'accès pour atteindre l'hôte cible (Host unreachable)
	at java.base/java.net.PlainSocketImpl.socketConnect(Native Method)
	at java.base/java.net.AbstractPlainSocketImpl.doConnect(AbstractPlainSocketImpl.java:412)
	at java.base/java.net.AbstractPlainSocketImpl.connectToAddress(AbstractPlainSocketImpl.java:255)
	at java.base/java.net.AbstractPlainSocketImpl.connect(AbstractPlainSocketImpl.java:237)
	at java.base/java.net.SocksSocketImpl.connect(SocksSocketImpl.java:392)
	at java.base/java.net.Socket.connect(Socket.java:609)
	at org.postgresql.core.PGStream.createSocket(PGStream.java:241)
	at org.postgresql.core.PGStream.<init>(PGStream.java:98)
	at org.postgresql.core.v3.ConnectionFactoryImpl.tryConnect(ConnectionFactoryImpl.java:109)
	at org.postgresql.core.v3.ConnectionFactoryImpl.openConnectionImpl(ConnectionFactoryImpl.java:235)
	... 14 more
15-10-2024 05:48 | [ERREUR]

java.lang.IllegalStateException: InjectionManagerFactory not found.
	at org.glassfish.jersey.internal.inject.Injections.lambda$lookupInjectionManagerFactory$0(Injections.java:98)
	at java.base/java.util.Optional.orElseThrow(Optional.java:408)
	at org.glassfish.jersey.internal.inject.Injections.lookupInjectionManagerFactory(Injections.java:98)
	at org.glassfish.jersey.internal.inject.Injections.createInjectionManager(Injections.java:68)
	at org.glassfish.jersey.client.ClientConfig$State.initRuntime(ClientConfig.java:432)
	at org.glassfish.jersey.internal.util.collection.Values$LazyValueImpl.get(Values.java:341)
	at org.glassfish.jersey.client.ClientConfig.getRuntime(ClientConfig.java:826)
	at org.glassfish.jersey.client.ClientRequest.getConfiguration(ClientRequest.java:285)
	at org.glassfish.jersey.client.JerseyInvocation.validateHttpMethodAndEntity(JerseyInvocation.java:143)
	at org.glassfish.jersey.client.JerseyInvocation.<init>(JerseyInvocation.java:112)
	at org.glassfish.jersey.client.JerseyInvocation.<init>(JerseyInvocation.java:108)
	at org.glassfish.jersey.client.JerseyInvocation.<init>(JerseyInvocation.java:99)
	at org.glassfish.jersey.client.JerseyInvocation$Builder.method(JerseyInvocation.java:419)
	at org.glassfish.jersey.client.JerseyInvocation$Builder.get(JerseyInvocation.java:319)
	at com.lymytz.lymytzsell.synchro.ws.WsSynchro.getStock(WsSynchro.java:215)
	at com.lymytz.lymytzsell.service.utils.UtilsProject.getStocks(UtilsProject.java:206)
	at com.lymytz.lymytzsell.service.application.loader.LoaderStock.call(LoaderStock.java:64)
	at com.lymytz.lymytzsell.service.application.loader.LoaderStock.call(LoaderStock.java:25)
	at javafx.graphics/javafx.concurrent.Task$TaskCallable.call(Task.java:1426)
	at java.base/java.util.concurrent.FutureTask.run$$$capture(FutureTask.java:264)
	at java.base/java.util.concurrent.FutureTask.run(FutureTask.java)
	at java.base/java.lang.Thread.run(Thread.java:829)
15-10-2024 05:48 | [ERREUR]

java.lang.IllegalStateException: InjectionManagerFactory not found.
	at org.glassfish.jersey.internal.inject.Injections.lambda$lookupInjectionManagerFactory$0(Injections.java:98)
	at java.base/java.util.Optional.orElseThrow(Optional.java:408)
	at org.glassfish.jersey.internal.inject.Injections.lookupInjectionManagerFactory(Injections.java:98)
	at org.glassfish.jersey.internal.inject.Injections.createInjectionManager(Injections.java:68)
	at org.glassfish.jersey.client.ClientConfig$State.initRuntime(ClientConfig.java:432)
	at org.glassfish.jersey.internal.util.collection.Values$LazyValueImpl.get(Values.java:341)
	at org.glassfish.jersey.client.ClientConfig.getRuntime(ClientConfig.java:826)
	at org.glassfish.jersey.client.ClientRequest.getConfiguration(ClientRequest.java:285)
	at org.glassfish.jersey.client.JerseyInvocation.validateHttpMethodAndEntity(JerseyInvocation.java:143)
	at org.glassfish.jersey.client.JerseyInvocation.<init>(JerseyInvocation.java:112)
	at org.glassfish.jersey.client.JerseyInvocation.<init>(JerseyInvocation.java:108)
	at org.glassfish.jersey.client.JerseyInvocation.<init>(JerseyInvocation.java:99)
	at org.glassfish.jersey.client.JerseyInvocation$Builder.method(JerseyInvocation.java:419)
	at org.glassfish.jersey.client.JerseyInvocation$Builder.get(JerseyInvocation.java:319)
	at com.lymytz.lymytzsell.synchro.ws.WsSynchro.getStock(WsSynchro.java:215)
	at com.lymytz.lymytzsell.service.utils.UtilsProject.getStocks(UtilsProject.java:206)
	at com.lymytz.lymytzsell.service.application.loader.LoaderStock.call(LoaderStock.java:64)
	at com.lymytz.lymytzsell.service.application.loader.LoaderStock.call(LoaderStock.java:25)
	at javafx.graphics/javafx.concurrent.Task$TaskCallable.call(Task.java:1426)
	at java.base/java.util.concurrent.FutureTask.run$$$capture(FutureTask.java:264)
	at java.base/java.util.concurrent.FutureTask.run(FutureTask.java)
	at java.base/java.lang.Thread.run(Thread.java:829)
15-10-2024 05:48 | [ERREUR]

java.lang.IllegalStateException: InjectionManagerFactory not found.
	at org.glassfish.jersey.internal.inject.Injections.lambda$lookupInjectionManagerFactory$0(Injections.java:98)
	at java.base/java.util.Optional.orElseThrow(Optional.java:408)
	at org.glassfish.jersey.internal.inject.Injections.lookupInjectionManagerFactory(Injections.java:98)
	at org.glassfish.jersey.internal.inject.Injections.createInjectionManager(Injections.java:68)
	at org.glassfish.jersey.client.ClientConfig$State.initRuntime(ClientConfig.java:432)
	at org.glassfish.jersey.internal.util.collection.Values$LazyValueImpl.get(Values.java:341)
	at org.glassfish.jersey.client.ClientConfig.getRuntime(ClientConfig.java:826)
	at org.glassfish.jersey.client.ClientRequest.getConfiguration(ClientRequest.java:285)
	at org.glassfish.jersey.client.JerseyInvocation.validateHttpMethodAndEntity(JerseyInvocation.java:143)
	at org.glassfish.jersey.client.JerseyInvocation.<init>(JerseyInvocation.java:112)
	at org.glassfish.jersey.client.JerseyInvocation.<init>(JerseyInvocation.java:108)
	at org.glassfish.jersey.client.JerseyInvocation.<init>(JerseyInvocation.java:99)
	at org.glassfish.jersey.client.JerseyInvocation$Builder.method(JerseyInvocation.java:419)
	at org.glassfish.jersey.client.JerseyInvocation$Builder.get(JerseyInvocation.java:319)
	at com.lymytz.lymytzsell.synchro.ws.WsSynchro.getStock(WsSynchro.java:215)
	at com.lymytz.lymytzsell.service.utils.UtilsProject.getStocks(UtilsProject.java:206)
	at com.lymytz.lymytzsell.service.application.loader.LoaderStock.call(LoaderStock.java:64)
	at com.lymytz.lymytzsell.service.application.loader.LoaderStock.call(LoaderStock.java:25)
	at javafx.graphics/javafx.concurrent.Task$TaskCallable.call(Task.java:1426)
	at java.base/java.util.concurrent.FutureTask.run$$$capture(FutureTask.java:264)
	at java.base/java.util.concurrent.FutureTask.run(FutureTask.java)
	at java.base/java.lang.Thread.run(Thread.java:829)
15-10-2024 05:48 | [ERREUR]

java.lang.IllegalStateException: InjectionManagerFactory not found.
	at org.glassfish.jersey.internal.inject.Injections.lambda$lookupInjectionManagerFactory$0(Injections.java:98)
	at java.base/java.util.Optional.orElseThrow(Optional.java:408)
	at org.glassfish.jersey.internal.inject.Injections.lookupInjectionManagerFactory(Injections.java:98)
	at org.glassfish.jersey.internal.inject.Injections.createInjectionManager(Injections.java:68)
	at org.glassfish.jersey.client.ClientConfig$State.initRuntime(ClientConfig.java:432)
	at org.glassfish.jersey.internal.util.collection.Values$LazyValueImpl.get(Values.java:341)
	at org.glassfish.jersey.client.ClientConfig.getRuntime(ClientConfig.java:826)
	at org.glassfish.jersey.client.ClientRequest.getConfiguration(ClientRequest.java:285)
	at org.glassfish.jersey.client.JerseyInvocation.validateHttpMethodAndEntity(JerseyInvocation.java:143)
	at org.glassfish.jersey.client.JerseyInvocation.<init>(JerseyInvocation.java:112)
	at org.glassfish.jersey.client.JerseyInvocation.<init>(JerseyInvocation.java:108)
	at org.glassfish.jersey.client.JerseyInvocation.<init>(JerseyInvocation.java:99)
	at org.glassfish.jersey.client.JerseyInvocation$Builder.method(JerseyInvocation.java:419)
	at org.glassfish.jersey.client.JerseyInvocation$Builder.get(JerseyInvocation.java:319)
	at com.lymytz.lymytzsell.synchro.ws.WsSynchro.getStock(WsSynchro.java:215)
	at com.lymytz.lymytzsell.service.utils.UtilsProject.getStocks(UtilsProject.java:206)
	at com.lymytz.lymytzsell.service.application.loader.LoaderStock.call(LoaderStock.java:64)
	at com.lymytz.lymytzsell.service.application.loader.LoaderStock.call(LoaderStock.java:25)
	at javafx.graphics/javafx.concurrent.Task$TaskCallable.call(Task.java:1426)
	at java.base/java.util.concurrent.FutureTask.run$$$capture(FutureTask.java:264)
	at java.base/java.util.concurrent.FutureTask.run(FutureTask.java)
	at java.base/java.lang.Thread.run(Thread.java:829)
15-10-2024 05:48 | [ERREUR]

java.lang.IllegalStateException: InjectionManagerFactory not found.
	at org.glassfish.jersey.internal.inject.Injections.lambda$lookupInjectionManagerFactory$0(Injections.java:98)
	at java.base/java.util.Optional.orElseThrow(Optional.java:408)
	at org.glassfish.jersey.internal.inject.Injections.lookupInjectionManagerFactory(Injections.java:98)
	at org.glassfish.jersey.internal.inject.Injections.createInjectionManager(Injections.java:68)
	at org.glassfish.jersey.client.ClientConfig$State.initRuntime(ClientConfig.java:432)
	at org.glassfish.jersey.internal.util.collection.Values$LazyValueImpl.get(Values.java:341)
	at org.glassfish.jersey.client.ClientConfig.getRuntime(ClientConfig.java:826)
	at org.glassfish.jersey.client.ClientRequest.getConfiguration(ClientRequest.java:285)
	at org.glassfish.jersey.client.JerseyInvocation.validateHttpMethodAndEntity(JerseyInvocation.java:143)
	at org.glassfish.jersey.client.JerseyInvocation.<init>(JerseyInvocation.java:112)
	at org.glassfish.jersey.client.JerseyInvocation.<init>(JerseyInvocation.java:108)
	at org.glassfish.jersey.client.JerseyInvocation.<init>(JerseyInvocation.java:99)
	at org.glassfish.jersey.client.JerseyInvocation$Builder.method(JerseyInvocation.java:419)
	at org.glassfish.jersey.client.JerseyInvocation$Builder.get(JerseyInvocation.java:319)
	at com.lymytz.lymytzsell.synchro.ws.WsSynchro.getStock(WsSynchro.java:215)
	at com.lymytz.lymytzsell.service.utils.UtilsProject.getStocks(UtilsProject.java:206)
	at com.lymytz.lymytzsell.service.application.loader.LoaderStock.call(LoaderStock.java:64)
	at com.lymytz.lymytzsell.service.application.loader.LoaderStock.call(LoaderStock.java:25)
	at javafx.graphics/javafx.concurrent.Task$TaskCallable.call(Task.java:1426)
	at java.base/java.util.concurrent.FutureTask.run$$$capture(FutureTask.java:264)
	at java.base/java.util.concurrent.FutureTask.run(FutureTask.java)
	at java.base/java.lang.Thread.run(Thread.java:829)
15-10-2024 05:50 | [INFO]Ouverture de l'application...
15-10-2024 05:50 | [AVERTISSEMENT]Votre version de java ne supporte pas le systèm Tray...
15-10-2024 05:51 | [ERREUR]
Connexion au serveur de données echoué
org.postgresql.util.PSQLException: La tentative de connexion a échoué.
	at org.postgresql.core.v3.ConnectionFactoryImpl.openConnectionImpl(ConnectionFactoryImpl.java:331)
	at org.postgresql.core.ConnectionFactory.openConnection(ConnectionFactory.java:49)
	at org.postgresql.jdbc.PgConnection.<init>(PgConnection.java:247)
	at org.postgresql.Driver.makeConnection(Driver.java:434)
	at org.postgresql.Driver.connect(Driver.java:291)
	at java.sql/java.sql.DriverManager.getConnection(DriverManager.java:677)
	at java.sql/java.sql.DriverManager.getConnection(DriverManager.java:228)
	at com.lymytz.lymytzsell.dao.RemoteDao.<init>(RemoteDao.java:48)
	at com.lymytz.lymytzsell.dao.RemoteDao.getInstance(RemoteDao.java:82)
	at com.lymytz.lymytzsell.dao.RemoteDao.getInstance(RemoteDao.java:59)
	at com.lymytz.lymytzsell.dao.query.RQueryFactories.getIdServer(RQueryFactories.java:65)
	at com.lymytz.lymytzsell.service.utils.UtilsProject.initDataR(UtilsProject.java:312)
	at com.lymytz.lymytzsell.service.utils.UtilsProject.loadInitData(UtilsProject.java:364)
	at com.lymytz.lymytzsell.service.start.StartController.lambda$loadInitData$2(StartController.java:335)
	at java.base/java.lang.Thread.run(Thread.java:829)
Caused by: java.net.NoRouteToHostException: Aucun chemin d'accès pour atteindre l'hôte cible (Host unreachable)
	at java.base/java.net.PlainSocketImpl.socketConnect(Native Method)
	at java.base/java.net.AbstractPlainSocketImpl.doConnect(AbstractPlainSocketImpl.java:412)
	at java.base/java.net.AbstractPlainSocketImpl.connectToAddress(AbstractPlainSocketImpl.java:255)
	at java.base/java.net.AbstractPlainSocketImpl.connect(AbstractPlainSocketImpl.java:237)
	at java.base/java.net.SocksSocketImpl.connect(SocksSocketImpl.java:392)
	at java.base/java.net.Socket.connect(Socket.java:609)
	at org.postgresql.core.PGStream.createSocket(PGStream.java:241)
	at org.postgresql.core.PGStream.<init>(PGStream.java:98)
	at org.postgresql.core.v3.ConnectionFactoryImpl.tryConnect(ConnectionFactoryImpl.java:109)
	at org.postgresql.core.v3.ConnectionFactoryImpl.openConnectionImpl(ConnectionFactoryImpl.java:235)
	... 14 more
15-10-2024 05:51 | [ERREUR]
Connexion au serveur de données echoué
org.postgresql.util.PSQLException: La tentative de connexion a échoué.
	at org.postgresql.core.v3.ConnectionFactoryImpl.openConnectionImpl(ConnectionFactoryImpl.java:331)
	at org.postgresql.core.ConnectionFactory.openConnection(ConnectionFactory.java:49)
	at org.postgresql.jdbc.PgConnection.<init>(PgConnection.java:247)
	at org.postgresql.Driver.makeConnection(Driver.java:434)
	at org.postgresql.Driver.connect(Driver.java:291)
	at java.sql/java.sql.DriverManager.getConnection(DriverManager.java:677)
	at java.sql/java.sql.DriverManager.getConnection(DriverManager.java:228)
	at com.lymytz.lymytzsell.dao.RemoteDao.<init>(RemoteDao.java:48)
	at com.lymytz.lymytzsell.dao.RemoteDao.getInstance(RemoteDao.java:82)
	at com.lymytz.lymytzsell.dao.RemoteDao.getInstance(RemoteDao.java:59)
	at com.lymytz.lymytzsell.dao.query.RQueryFactories.insertInfoServeur(RQueryFactories.java:390)
	at com.lymytz.lymytzsell.service.utils.UtilsProject.initDataR(UtilsProject.java:315)
	at com.lymytz.lymytzsell.service.utils.UtilsProject.loadInitData(UtilsProject.java:364)
	at com.lymytz.lymytzsell.service.start.StartController.lambda$loadInitData$2(StartController.java:335)
	at java.base/java.lang.Thread.run(Thread.java:829)
Caused by: java.net.NoRouteToHostException: Aucun chemin d'accès pour atteindre l'hôte cible (Host unreachable)
	at java.base/java.net.PlainSocketImpl.socketConnect(Native Method)
	at java.base/java.net.AbstractPlainSocketImpl.doConnect(AbstractPlainSocketImpl.java:412)
	at java.base/java.net.AbstractPlainSocketImpl.connectToAddress(AbstractPlainSocketImpl.java:255)
	at java.base/java.net.AbstractPlainSocketImpl.connect(AbstractPlainSocketImpl.java:237)
	at java.base/java.net.SocksSocketImpl.connect(SocksSocketImpl.java:392)
	at java.base/java.net.Socket.connect(Socket.java:609)
	at org.postgresql.core.PGStream.createSocket(PGStream.java:241)
	at org.postgresql.core.PGStream.<init>(PGStream.java:98)
	at org.postgresql.core.v3.ConnectionFactoryImpl.tryConnect(ConnectionFactoryImpl.java:109)
	at org.postgresql.core.v3.ConnectionFactoryImpl.openConnectionImpl(ConnectionFactoryImpl.java:235)
	... 14 more
15-10-2024 05:51 | [ERREUR]

java.lang.IllegalStateException: InjectionManagerFactory not found.
	at org.glassfish.jersey.internal.inject.Injections.lambda$lookupInjectionManagerFactory$0(Injections.java:98)
	at java.base/java.util.Optional.orElseThrow(Optional.java:408)
	at org.glassfish.jersey.internal.inject.Injections.lookupInjectionManagerFactory(Injections.java:98)
	at org.glassfish.jersey.internal.inject.Injections.createInjectionManager(Injections.java:68)
	at org.glassfish.jersey.client.ClientConfig$State.initRuntime(ClientConfig.java:432)
	at org.glassfish.jersey.internal.util.collection.Values$LazyValueImpl.get(Values.java:341)
	at org.glassfish.jersey.client.ClientConfig.getRuntime(ClientConfig.java:826)
	at org.glassfish.jersey.client.ClientRequest.getConfiguration(ClientRequest.java:285)
	at org.glassfish.jersey.client.JerseyInvocation.validateHttpMethodAndEntity(JerseyInvocation.java:143)
	at org.glassfish.jersey.client.JerseyInvocation.<init>(JerseyInvocation.java:112)
	at org.glassfish.jersey.client.JerseyInvocation.<init>(JerseyInvocation.java:108)
	at org.glassfish.jersey.client.JerseyInvocation.<init>(JerseyInvocation.java:99)
	at org.glassfish.jersey.client.JerseyInvocation$Builder.method(JerseyInvocation.java:419)
	at org.glassfish.jersey.client.JerseyInvocation$Builder.get(JerseyInvocation.java:319)
	at com.lymytz.lymytzsell.synchro.ws.WsSynchro.getStock(WsSynchro.java:215)
	at com.lymytz.lymytzsell.service.utils.UtilsProject.getStocks(UtilsProject.java:206)
	at com.lymytz.lymytzsell.service.application.loader.LoaderStock.call(LoaderStock.java:64)
	at com.lymytz.lymytzsell.service.application.loader.LoaderStock.call(LoaderStock.java:25)
	at javafx.graphics/javafx.concurrent.Task$TaskCallable.call(Task.java:1426)
	at java.base/java.util.concurrent.FutureTask.run$$$capture(FutureTask.java:264)
	at java.base/java.util.concurrent.FutureTask.run(FutureTask.java)
	at java.base/java.lang.Thread.run(Thread.java:829)
15-10-2024 05:51 | [ERREUR]

java.lang.IllegalStateException: InjectionManagerFactory not found.
	at org.glassfish.jersey.internal.inject.Injections.lambda$lookupInjectionManagerFactory$0(Injections.java:98)
	at java.base/java.util.Optional.orElseThrow(Optional.java:408)
	at org.glassfish.jersey.internal.inject.Injections.lookupInjectionManagerFactory(Injections.java:98)
	at org.glassfish.jersey.internal.inject.Injections.createInjectionManager(Injections.java:68)
	at org.glassfish.jersey.client.ClientConfig$State.initRuntime(ClientConfig.java:432)
	at org.glassfish.jersey.internal.util.collection.Values$LazyValueImpl.get(Values.java:341)
	at org.glassfish.jersey.client.ClientConfig.getRuntime(ClientConfig.java:826)
	at org.glassfish.jersey.client.ClientRequest.getConfiguration(ClientRequest.java:285)
	at org.glassfish.jersey.client.JerseyInvocation.validateHttpMethodAndEntity(JerseyInvocation.java:143)
	at org.glassfish.jersey.client.JerseyInvocation.<init>(JerseyInvocation.java:112)
	at org.glassfish.jersey.client.JerseyInvocation.<init>(JerseyInvocation.java:108)
	at org.glassfish.jersey.client.JerseyInvocation.<init>(JerseyInvocation.java:99)
	at org.glassfish.jersey.client.JerseyInvocation$Builder.method(JerseyInvocation.java:419)
	at org.glassfish.jersey.client.JerseyInvocation$Builder.get(JerseyInvocation.java:319)
	at com.lymytz.lymytzsell.synchro.ws.WsSynchro.getStock(WsSynchro.java:215)
	at com.lymytz.lymytzsell.service.utils.UtilsProject.getStocks(UtilsProject.java:206)
	at com.lymytz.lymytzsell.service.application.loader.LoaderStock.call(LoaderStock.java:64)
	at com.lymytz.lymytzsell.service.application.loader.LoaderStock.call(LoaderStock.java:25)
	at javafx.graphics/javafx.concurrent.Task$TaskCallable.call(Task.java:1426)
	at java.base/java.util.concurrent.FutureTask.run$$$capture(FutureTask.java:264)
	at java.base/java.util.concurrent.FutureTask.run(FutureTask.java)
	at java.base/java.lang.Thread.run(Thread.java:829)
15-10-2024 05:51 | [ERREUR]

java.lang.IllegalStateException: InjectionManagerFactory not found.
	at org.glassfish.jersey.internal.inject.Injections.lambda$lookupInjectionManagerFactory$0(Injections.java:98)
	at java.base/java.util.Optional.orElseThrow(Optional.java:408)
	at org.glassfish.jersey.internal.inject.Injections.lookupInjectionManagerFactory(Injections.java:98)
	at org.glassfish.jersey.internal.inject.Injections.createInjectionManager(Injections.java:68)
	at org.glassfish.jersey.client.ClientConfig$State.initRuntime(ClientConfig.java:432)
	at org.glassfish.jersey.internal.util.collection.Values$LazyValueImpl.get(Values.java:341)
	at org.glassfish.jersey.client.ClientConfig.getRuntime(ClientConfig.java:826)
	at org.glassfish.jersey.client.ClientRequest.getConfiguration(ClientRequest.java:285)
	at org.glassfish.jersey.client.JerseyInvocation.validateHttpMethodAndEntity(JerseyInvocation.java:143)
	at org.glassfish.jersey.client.JerseyInvocation.<init>(JerseyInvocation.java:112)
	at org.glassfish.jersey.client.JerseyInvocation.<init>(JerseyInvocation.java:108)
	at org.glassfish.jersey.client.JerseyInvocation.<init>(JerseyInvocation.java:99)
	at org.glassfish.jersey.client.JerseyInvocation$Builder.method(JerseyInvocation.java:419)
	at org.glassfish.jersey.client.JerseyInvocation$Builder.get(JerseyInvocation.java:319)
	at com.lymytz.lymytzsell.synchro.ws.WsSynchro.getStock(WsSynchro.java:215)
	at com.lymytz.lymytzsell.service.utils.UtilsProject.getStocks(UtilsProject.java:206)
	at com.lymytz.lymytzsell.service.application.loader.LoaderStock.call(LoaderStock.java:64)
	at com.lymytz.lymytzsell.service.application.loader.LoaderStock.call(LoaderStock.java:25)
	at javafx.graphics/javafx.concurrent.Task$TaskCallable.call(Task.java:1426)
	at java.base/java.util.concurrent.FutureTask.run$$$capture(FutureTask.java:264)
	at java.base/java.util.concurrent.FutureTask.run(FutureTask.java)
	at java.base/java.lang.Thread.run(Thread.java:829)
15-10-2024 05:51 | [ERREUR]

java.lang.IllegalStateException: InjectionManagerFactory not found.
	at org.glassfish.jersey.internal.inject.Injections.lambda$lookupInjectionManagerFactory$0(Injections.java:98)
	at java.base/java.util.Optional.orElseThrow(Optional.java:408)
	at org.glassfish.jersey.internal.inject.Injections.lookupInjectionManagerFactory(Injections.java:98)
	at org.glassfish.jersey.internal.inject.Injections.createInjectionManager(Injections.java:68)
	at org.glassfish.jersey.client.ClientConfig$State.initRuntime(ClientConfig.java:432)
	at org.glassfish.jersey.internal.util.collection.Values$LazyValueImpl.get(Values.java:341)
	at org.glassfish.jersey.client.ClientConfig.getRuntime(ClientConfig.java:826)
	at org.glassfish.jersey.client.ClientRequest.getConfiguration(ClientRequest.java:285)
	at org.glassfish.jersey.client.JerseyInvocation.validateHttpMethodAndEntity(JerseyInvocation.java:143)
	at org.glassfish.jersey.client.JerseyInvocation.<init>(JerseyInvocation.java:112)
	at org.glassfish.jersey.client.JerseyInvocation.<init>(JerseyInvocation.java:108)
	at org.glassfish.jersey.client.JerseyInvocation.<init>(JerseyInvocation.java:99)
	at org.glassfish.jersey.client.JerseyInvocation$Builder.method(JerseyInvocation.java:419)
	at org.glassfish.jersey.client.JerseyInvocation$Builder.get(JerseyInvocation.java:319)
	at com.lymytz.lymytzsell.synchro.ws.WsSynchro.getStock(WsSynchro.java:215)
	at com.lymytz.lymytzsell.service.utils.UtilsProject.getStocks(UtilsProject.java:206)
	at com.lymytz.lymytzsell.service.application.loader.LoaderStock.call(LoaderStock.java:64)
	at com.lymytz.lymytzsell.service.application.loader.LoaderStock.call(LoaderStock.java:25)
	at javafx.graphics/javafx.concurrent.Task$TaskCallable.call(Task.java:1426)
	at java.base/java.util.concurrent.FutureTask.run$$$capture(FutureTask.java:264)
	at java.base/java.util.concurrent.FutureTask.run(FutureTask.java)
	at java.base/java.lang.Thread.run(Thread.java:829)
15-10-2024 05:55 | [INFO]Ouverture de l'application...
15-10-2024 05:55 | [AVERTISSEMENT]Votre version de java ne supporte pas le systèm Tray...
15-10-2024 05:55 | [ERREUR]
Connexion au serveur de données echoué
org.postgresql.util.PSQLException: La tentative de connexion a échoué.
	at org.postgresql.core.v3.ConnectionFactoryImpl.openConnectionImpl(ConnectionFactoryImpl.java:331)
	at org.postgresql.core.ConnectionFactory.openConnection(ConnectionFactory.java:49)
	at org.postgresql.jdbc.PgConnection.<init>(PgConnection.java:247)
	at org.postgresql.Driver.makeConnection(Driver.java:434)
	at org.postgresql.Driver.connect(Driver.java:291)
	at java.sql/java.sql.DriverManager.getConnection(DriverManager.java:677)
	at java.sql/java.sql.DriverManager.getConnection(DriverManager.java:228)
	at com.lymytz.lymytzsell.dao.RemoteDao.<init>(RemoteDao.java:48)
	at com.lymytz.lymytzsell.dao.RemoteDao.getInstance(RemoteDao.java:82)
	at com.lymytz.lymytzsell.dao.RemoteDao.getInstance(RemoteDao.java:59)
	at com.lymytz.lymytzsell.dao.query.RQueryFactories.getIdServer(RQueryFactories.java:65)
	at com.lymytz.lymytzsell.service.utils.UtilsProject.initDataR(UtilsProject.java:312)
	at com.lymytz.lymytzsell.service.utils.UtilsProject.loadInitData(UtilsProject.java:364)
	at com.lymytz.lymytzsell.service.start.StartController.lambda$loadInitData$2(StartController.java:335)
	at java.base/java.lang.Thread.run(Thread.java:829)
Caused by: java.net.NoRouteToHostException: Aucun chemin d'accès pour atteindre l'hôte cible (Host unreachable)
	at java.base/java.net.PlainSocketImpl.socketConnect(Native Method)
	at java.base/java.net.AbstractPlainSocketImpl.doConnect(AbstractPlainSocketImpl.java:412)
	at java.base/java.net.AbstractPlainSocketImpl.connectToAddress(AbstractPlainSocketImpl.java:255)
	at java.base/java.net.AbstractPlainSocketImpl.connect(AbstractPlainSocketImpl.java:237)
	at java.base/java.net.SocksSocketImpl.connect(SocksSocketImpl.java:392)
	at java.base/java.net.Socket.connect(Socket.java:609)
	at org.postgresql.core.PGStream.createSocket(PGStream.java:241)
	at org.postgresql.core.PGStream.<init>(PGStream.java:98)
	at org.postgresql.core.v3.ConnectionFactoryImpl.tryConnect(ConnectionFactoryImpl.java:109)
	at org.postgresql.core.v3.ConnectionFactoryImpl.openConnectionImpl(ConnectionFactoryImpl.java:235)
	... 14 more
15-10-2024 05:55 | [ERREUR]
Connexion au serveur de données echoué
org.postgresql.util.PSQLException: La tentative de connexion a échoué.
	at org.postgresql.core.v3.ConnectionFactoryImpl.openConnectionImpl(ConnectionFactoryImpl.java:331)
	at org.postgresql.core.ConnectionFactory.openConnection(ConnectionFactory.java:49)
	at org.postgresql.jdbc.PgConnection.<init>(PgConnection.java:247)
	at org.postgresql.Driver.makeConnection(Driver.java:434)
	at org.postgresql.Driver.connect(Driver.java:291)
	at java.sql/java.sql.DriverManager.getConnection(DriverManager.java:677)
	at java.sql/java.sql.DriverManager.getConnection(DriverManager.java:228)
	at com.lymytz.lymytzsell.dao.RemoteDao.<init>(RemoteDao.java:48)
	at com.lymytz.lymytzsell.dao.RemoteDao.getInstance(RemoteDao.java:82)
	at com.lymytz.lymytzsell.dao.RemoteDao.getInstance(RemoteDao.java:59)
	at com.lymytz.lymytzsell.dao.query.RQueryFactories.insertInfoServeur(RQueryFactories.java:390)
	at com.lymytz.lymytzsell.service.utils.UtilsProject.initDataR(UtilsProject.java:315)
	at com.lymytz.lymytzsell.service.utils.UtilsProject.loadInitData(UtilsProject.java:364)
	at com.lymytz.lymytzsell.service.start.StartController.lambda$loadInitData$2(StartController.java:335)
	at java.base/java.lang.Thread.run(Thread.java:829)
Caused by: java.net.NoRouteToHostException: Aucun chemin d'accès pour atteindre l'hôte cible (Host unreachable)
	at java.base/java.net.PlainSocketImpl.socketConnect(Native Method)
	at java.base/java.net.AbstractPlainSocketImpl.doConnect(AbstractPlainSocketImpl.java:412)
	at java.base/java.net.AbstractPlainSocketImpl.connectToAddress(AbstractPlainSocketImpl.java:255)
	at java.base/java.net.AbstractPlainSocketImpl.connect(AbstractPlainSocketImpl.java:237)
	at java.base/java.net.SocksSocketImpl.connect(SocksSocketImpl.java:392)
	at java.base/java.net.Socket.connect(Socket.java:609)
	at org.postgresql.core.PGStream.createSocket(PGStream.java:241)
	at org.postgresql.core.PGStream.<init>(PGStream.java:98)
	at org.postgresql.core.v3.ConnectionFactoryImpl.tryConnect(ConnectionFactoryImpl.java:109)
	at org.postgresql.core.v3.ConnectionFactoryImpl.openConnectionImpl(ConnectionFactoryImpl.java:235)
	... 14 more
15-10-2024 05:55 | [ERREUR]

java.lang.IllegalStateException: InjectionManagerFactory not found.
	at org.glassfish.jersey.internal.inject.Injections.lambda$lookupInjectionManagerFactory$0(Injections.java:98)
	at java.base/java.util.Optional.orElseThrow(Optional.java:408)
	at org.glassfish.jersey.internal.inject.Injections.lookupInjectionManagerFactory(Injections.java:98)
	at org.glassfish.jersey.internal.inject.Injections.createInjectionManager(Injections.java:68)
	at org.glassfish.jersey.client.ClientConfig$State.initRuntime(ClientConfig.java:432)
	at org.glassfish.jersey.internal.util.collection.Values$LazyValueImpl.get(Values.java:341)
	at org.glassfish.jersey.client.ClientConfig.getRuntime(ClientConfig.java:826)
	at org.glassfish.jersey.client.ClientRequest.getConfiguration(ClientRequest.java:285)
	at org.glassfish.jersey.client.JerseyInvocation.validateHttpMethodAndEntity(JerseyInvocation.java:143)
	at org.glassfish.jersey.client.JerseyInvocation.<init>(JerseyInvocation.java:112)
	at org.glassfish.jersey.client.JerseyInvocation.<init>(JerseyInvocation.java:108)
	at org.glassfish.jersey.client.JerseyInvocation.<init>(JerseyInvocation.java:99)
	at org.glassfish.jersey.client.JerseyInvocation$Builder.method(JerseyInvocation.java:419)
	at org.glassfish.jersey.client.JerseyInvocation$Builder.get(JerseyInvocation.java:319)
	at com.lymytz.lymytzsell.synchro.ws.WsSynchro.getStock(WsSynchro.java:215)
	at com.lymytz.lymytzsell.service.utils.UtilsProject.getStocks(UtilsProject.java:206)
	at com.lymytz.lymytzsell.service.application.loader.LoaderStock.call(LoaderStock.java:64)
	at com.lymytz.lymytzsell.service.application.loader.LoaderStock.call(LoaderStock.java:25)
	at javafx.graphics/javafx.concurrent.Task$TaskCallable.call(Task.java:1426)
	at java.base/java.util.concurrent.FutureTask.run$$$capture(FutureTask.java:264)
	at java.base/java.util.concurrent.FutureTask.run(FutureTask.java)
	at java.base/java.lang.Thread.run(Thread.java:829)
15-10-2024 05:55 | [INFO]SELECT DISTINCT d.id,e.id, d.type_doc, d.statut, d.num_doc, d.nom_client, d.date_save, d.statut_livre, d.statut_regle, cl.nom, cl.prenom, e.date_entete, di.libele, cc.code, d.date_livraison_prevu, ds.id_distant, l.to_listen ,get_ttc_vente(d.id) FROM yvs_com_doc_ventes d INNER JOIN yvs_com_entete_doc_vente e ON e.id=d.entete_doc INNER JOIN yvs_com_creneau_horaire_users cr ON cr.id=e.creneau INNER JOIN yvs_com_client cl ON cl.id=d.client INNER JOIN yvs_base_categorie_comptable cc ON cc.id=d.categorie_comptable LEFT JOIN yvs_dictionnaire di ON di.id=d.adresse LEFT JOIN yvs_synchro_listen_table l ON (l.id_source=d.id AND l.name_table='yvs_com_doc_ventes') LEFT JOIN yvs_synchro_data_synchro ds ON ds.id_listen=l.id WHERE d.type_doc=? AND d.statut!=? AND e.id= ? ORDER BY d.type_doc, d.num_doc 
15-10-2024 05:56 | [ERREUR]

java.lang.IllegalStateException: InjectionManagerFactory not found.
	at org.glassfish.jersey.internal.inject.Injections.lambda$lookupInjectionManagerFactory$0(Injections.java:98)
	at java.base/java.util.Optional.orElseThrow(Optional.java:408)
	at org.glassfish.jersey.internal.inject.Injections.lookupInjectionManagerFactory(Injections.java:98)
	at org.glassfish.jersey.internal.inject.Injections.createInjectionManager(Injections.java:68)
	at org.glassfish.jersey.client.ClientConfig$State.initRuntime(ClientConfig.java:432)
	at org.glassfish.jersey.internal.util.collection.Values$LazyValueImpl.get(Values.java:341)
	at org.glassfish.jersey.client.ClientConfig.getRuntime(ClientConfig.java:826)
	at org.glassfish.jersey.client.ClientRequest.getConfiguration(ClientRequest.java:285)
	at org.glassfish.jersey.client.JerseyInvocation.validateHttpMethodAndEntity(JerseyInvocation.java:143)
	at org.glassfish.jersey.client.JerseyInvocation.<init>(JerseyInvocation.java:112)
	at org.glassfish.jersey.client.JerseyInvocation.<init>(JerseyInvocation.java:108)
	at org.glassfish.jersey.client.JerseyInvocation.<init>(JerseyInvocation.java:99)
	at org.glassfish.jersey.client.JerseyInvocation$Builder.method(JerseyInvocation.java:419)
	at org.glassfish.jersey.client.JerseyInvocation$Builder.get(JerseyInvocation.java:319)
	at com.lymytz.lymytzsell.synchro.ws.WsSynchro.getStock(WsSynchro.java:215)
	at com.lymytz.lymytzsell.service.utils.UtilsProject.getStocks(UtilsProject.java:206)
	at com.lymytz.lymytzsell.service.application.loader.LoaderStock.call(LoaderStock.java:64)
	at com.lymytz.lymytzsell.service.application.loader.LoaderStock.call(LoaderStock.java:25)
	at javafx.graphics/javafx.concurrent.Task$TaskCallable.call(Task.java:1426)
	at java.base/java.util.concurrent.FutureTask.run$$$capture(FutureTask.java:264)
	at java.base/java.util.concurrent.FutureTask.run(FutureTask.java)
	at java.base/java.lang.Thread.run(Thread.java:829)
15-10-2024 05:58 | [ERREUR]

java.lang.IllegalStateException: InjectionManagerFactory not found.
	at org.glassfish.jersey.internal.inject.Injections.lambda$lookupInjectionManagerFactory$0(Injections.java:98)
	at java.base/java.util.Optional.orElseThrow(Optional.java:408)
	at org.glassfish.jersey.internal.inject.Injections.lookupInjectionManagerFactory(Injections.java:98)
	at org.glassfish.jersey.internal.inject.Injections.createInjectionManager(Injections.java:68)
	at org.glassfish.jersey.client.ClientConfig$State.initRuntime(ClientConfig.java:432)
	at org.glassfish.jersey.internal.util.collection.Values$LazyValueImpl.get(Values.java:341)
	at org.glassfish.jersey.client.ClientConfig.getRuntime(ClientConfig.java:826)
	at org.glassfish.jersey.client.ClientRequest.getConfiguration(ClientRequest.java:285)
	at org.glassfish.jersey.client.JerseyInvocation.validateHttpMethodAndEntity(JerseyInvocation.java:143)
	at org.glassfish.jersey.client.JerseyInvocation.<init>(JerseyInvocation.java:112)
	at org.glassfish.jersey.client.JerseyInvocation.<init>(JerseyInvocation.java:108)
	at org.glassfish.jersey.client.JerseyInvocation.<init>(JerseyInvocation.java:99)
	at org.glassfish.jersey.client.JerseyInvocation$Builder.method(JerseyInvocation.java:419)
	at org.glassfish.jersey.client.JerseyInvocation$Builder.get(JerseyInvocation.java:319)
	at com.lymytz.lymytzsell.synchro.ws.WsSynchro.getStock(WsSynchro.java:215)
	at com.lymytz.lymytzsell.service.utils.UtilsProject.getStocks(UtilsProject.java:206)
	at com.lymytz.lymytzsell.service.application.loader.LoaderStock.call(LoaderStock.java:64)
	at com.lymytz.lymytzsell.service.application.loader.LoaderStock.call(LoaderStock.java:25)
	at javafx.graphics/javafx.concurrent.Task$TaskCallable.call(Task.java:1426)
	at java.base/java.util.concurrent.FutureTask.run$$$capture(FutureTask.java:264)
	at java.base/java.util.concurrent.FutureTask.run(FutureTask.java)
	at java.base/java.lang.Thread.run(Thread.java:829)
15-10-2024 05:58 | [ERREUR]

java.lang.IllegalStateException: InjectionManagerFactory not found.
	at org.glassfish.jersey.internal.inject.Injections.lambda$lookupInjectionManagerFactory$0(Injections.java:98)
	at java.base/java.util.Optional.orElseThrow(Optional.java:408)
	at org.glassfish.jersey.internal.inject.Injections.lookupInjectionManagerFactory(Injections.java:98)
	at org.glassfish.jersey.internal.inject.Injections.createInjectionManager(Injections.java:68)
	at org.glassfish.jersey.client.ClientConfig$State.initRuntime(ClientConfig.java:432)
	at org.glassfish.jersey.internal.util.collection.Values$LazyValueImpl.get(Values.java:341)
	at org.glassfish.jersey.client.ClientConfig.getRuntime(ClientConfig.java:826)
	at org.glassfish.jersey.client.ClientRequest.getConfiguration(ClientRequest.java:285)
	at org.glassfish.jersey.client.JerseyInvocation.validateHttpMethodAndEntity(JerseyInvocation.java:143)
	at org.glassfish.jersey.client.JerseyInvocation.<init>(JerseyInvocation.java:112)
	at org.glassfish.jersey.client.JerseyInvocation.<init>(JerseyInvocation.java:108)
	at org.glassfish.jersey.client.JerseyInvocation.<init>(JerseyInvocation.java:99)
	at org.glassfish.jersey.client.JerseyInvocation$Builder.method(JerseyInvocation.java:419)
	at org.glassfish.jersey.client.JerseyInvocation$Builder.get(JerseyInvocation.java:319)
	at com.lymytz.lymytzsell.synchro.ws.WsSynchro.getStock(WsSynchro.java:215)
	at com.lymytz.lymytzsell.service.utils.UtilsProject.getStocks(UtilsProject.java:206)
	at com.lymytz.lymytzsell.service.application.loader.LoaderStock.call(LoaderStock.java:64)
	at com.lymytz.lymytzsell.service.application.loader.LoaderStock.call(LoaderStock.java:25)
	at javafx.graphics/javafx.concurrent.Task$TaskCallable.call(Task.java:1426)
	at java.base/java.util.concurrent.FutureTask.run$$$capture(FutureTask.java:264)
	at java.base/java.util.concurrent.FutureTask.run(FutureTask.java)
	at java.base/java.lang.Thread.run(Thread.java:829)
15-10-2024 06:07 | [ERREUR]

java.lang.IllegalStateException: InjectionManagerFactory not found.
	at org.glassfish.jersey.internal.inject.Injections.lambda$lookupInjectionManagerFactory$0(Injections.java:98)
	at java.base/java.util.Optional.orElseThrow(Optional.java:408)
	at org.glassfish.jersey.internal.inject.Injections.lookupInjectionManagerFactory(Injections.java:98)
	at org.glassfish.jersey.internal.inject.Injections.createInjectionManager(Injections.java:68)
	at org.glassfish.jersey.client.ClientConfig$State.initRuntime(ClientConfig.java:432)
	at org.glassfish.jersey.internal.util.collection.Values$LazyValueImpl.get(Values.java:341)
	at org.glassfish.jersey.client.ClientConfig.getRuntime(ClientConfig.java:826)
	at org.glassfish.jersey.client.ClientRequest.getConfiguration(ClientRequest.java:285)
	at org.glassfish.jersey.client.JerseyInvocation.validateHttpMethodAndEntity(JerseyInvocation.java:143)
	at org.glassfish.jersey.client.JerseyInvocation.<init>(JerseyInvocation.java:112)
	at org.glassfish.jersey.client.JerseyInvocation.<init>(JerseyInvocation.java:108)
	at org.glassfish.jersey.client.JerseyInvocation.<init>(JerseyInvocation.java:99)
	at org.glassfish.jersey.client.JerseyInvocation$Builder.method(JerseyInvocation.java:419)
	at org.glassfish.jersey.client.JerseyInvocation$Builder.get(JerseyInvocation.java:319)
	at com.lymytz.lymytzsell.synchro.ws.WsSynchro.getStock(WsSynchro.java:215)
	at com.lymytz.lymytzsell.service.utils.UtilsProject.getStocks(UtilsProject.java:206)
	at com.lymytz.lymytzsell.service.application.loader.LoaderStock.call(LoaderStock.java:64)
	at com.lymytz.lymytzsell.service.application.loader.LoaderStock.call(LoaderStock.java:25)
	at javafx.graphics/javafx.concurrent.Task$TaskCallable.call(Task.java:1426)
	at java.base/java.util.concurrent.FutureTask.run$$$capture(FutureTask.java:264)
	at java.base/java.util.concurrent.FutureTask.run(FutureTask.java)
	at java.base/java.lang.Thread.run(Thread.java:829)
15-10-2024 06:07 | [ERREUR]

java.lang.IllegalStateException: InjectionManagerFactory not found.
	at org.glassfish.jersey.internal.inject.Injections.lambda$lookupInjectionManagerFactory$0(Injections.java:98)
	at java.base/java.util.Optional.orElseThrow(Optional.java:408)
	at org.glassfish.jersey.internal.inject.Injections.lookupInjectionManagerFactory(Injections.java:98)
	at org.glassfish.jersey.internal.inject.Injections.createInjectionManager(Injections.java:68)
	at org.glassfish.jersey.client.ClientConfig$State.initRuntime(ClientConfig.java:432)
	at org.glassfish.jersey.internal.util.collection.Values$LazyValueImpl.get(Values.java:341)
	at org.glassfish.jersey.client.ClientConfig.getRuntime(ClientConfig.java:826)
	at org.glassfish.jersey.client.ClientRequest.getConfiguration(ClientRequest.java:285)
	at org.glassfish.jersey.client.JerseyInvocation.validateHttpMethodAndEntity(JerseyInvocation.java:143)
	at org.glassfish.jersey.client.JerseyInvocation.<init>(JerseyInvocation.java:112)
	at org.glassfish.jersey.client.JerseyInvocation.<init>(JerseyInvocation.java:108)
	at org.glassfish.jersey.client.JerseyInvocation.<init>(JerseyInvocation.java:99)
	at org.glassfish.jersey.client.JerseyInvocation$Builder.method(JerseyInvocation.java:419)
	at org.glassfish.jersey.client.JerseyInvocation$Builder.get(JerseyInvocation.java:319)
	at com.lymytz.lymytzsell.synchro.ws.WsSynchro.getStock(WsSynchro.java:215)
	at com.lymytz.lymytzsell.service.utils.UtilsProject.getStocks(UtilsProject.java:206)
	at com.lymytz.lymytzsell.service.application.loader.LoaderStock.call(LoaderStock.java:64)
	at com.lymytz.lymytzsell.service.application.loader.LoaderStock.call(LoaderStock.java:25)
	at javafx.graphics/javafx.concurrent.Task$TaskCallable.call(Task.java:1426)
	at java.base/java.util.concurrent.FutureTask.run$$$capture(FutureTask.java:264)
	at java.base/java.util.concurrent.FutureTask.run(FutureTask.java)
	at java.base/java.lang.Thread.run(Thread.java:829)
15-10-2024 06:09 | [INFO]Ouverture de l'application...
15-10-2024 06:09 | [AVERTISSEMENT]Votre version de java ne supporte pas le systèm Tray...
15-10-2024 06:09 | [ERREUR]
Connexion au serveur de données echoué
org.postgresql.util.PSQLException: La tentative de connexion a échoué.
	at org.postgresql.core.v3.ConnectionFactoryImpl.openConnectionImpl(ConnectionFactoryImpl.java:331)
	at org.postgresql.core.ConnectionFactory.openConnection(ConnectionFactory.java:49)
	at org.postgresql.jdbc.PgConnection.<init>(PgConnection.java:247)
	at org.postgresql.Driver.makeConnection(Driver.java:434)
	at org.postgresql.Driver.connect(Driver.java:291)
	at java.sql/java.sql.DriverManager.getConnection(DriverManager.java:677)
	at java.sql/java.sql.DriverManager.getConnection(DriverManager.java:228)
	at com.lymytz.lymytzsell.dao.RemoteDao.<init>(RemoteDao.java:48)
	at com.lymytz.lymytzsell.dao.RemoteDao.getInstance(RemoteDao.java:82)
	at com.lymytz.lymytzsell.dao.RemoteDao.getInstance(RemoteDao.java:59)
	at com.lymytz.lymytzsell.dao.query.RQueryFactories.getIdServer(RQueryFactories.java:65)
	at com.lymytz.lymytzsell.service.utils.UtilsProject.initDataR(UtilsProject.java:312)
	at com.lymytz.lymytzsell.service.utils.UtilsProject.loadInitData(UtilsProject.java:364)
	at com.lymytz.lymytzsell.service.start.StartController.lambda$loadInitData$2(StartController.java:335)
	at java.base/java.lang.Thread.run(Thread.java:829)
Caused by: java.net.NoRouteToHostException: Aucun chemin d'accès pour atteindre l'hôte cible (Host unreachable)
	at java.base/java.net.PlainSocketImpl.socketConnect(Native Method)
	at java.base/java.net.AbstractPlainSocketImpl.doConnect(AbstractPlainSocketImpl.java:412)
	at java.base/java.net.AbstractPlainSocketImpl.connectToAddress(AbstractPlainSocketImpl.java:255)
	at java.base/java.net.AbstractPlainSocketImpl.connect(AbstractPlainSocketImpl.java:237)
	at java.base/java.net.SocksSocketImpl.connect(SocksSocketImpl.java:392)
	at java.base/java.net.Socket.connect(Socket.java:609)
	at org.postgresql.core.PGStream.createSocket(PGStream.java:241)
	at org.postgresql.core.PGStream.<init>(PGStream.java:98)
	at org.postgresql.core.v3.ConnectionFactoryImpl.tryConnect(ConnectionFactoryImpl.java:109)
	at org.postgresql.core.v3.ConnectionFactoryImpl.openConnectionImpl(ConnectionFactoryImpl.java:235)
	... 14 more
15-10-2024 06:09 | [ERREUR]
Connexion au serveur de données echoué
org.postgresql.util.PSQLException: La tentative de connexion a échoué.
	at org.postgresql.core.v3.ConnectionFactoryImpl.openConnectionImpl(ConnectionFactoryImpl.java:331)
	at org.postgresql.core.ConnectionFactory.openConnection(ConnectionFactory.java:49)
	at org.postgresql.jdbc.PgConnection.<init>(PgConnection.java:247)
	at org.postgresql.Driver.makeConnection(Driver.java:434)
	at org.postgresql.Driver.connect(Driver.java:291)
	at java.sql/java.sql.DriverManager.getConnection(DriverManager.java:677)
	at java.sql/java.sql.DriverManager.getConnection(DriverManager.java:228)
	at com.lymytz.lymytzsell.dao.RemoteDao.<init>(RemoteDao.java:48)
	at com.lymytz.lymytzsell.dao.RemoteDao.getInstance(RemoteDao.java:82)
	at com.lymytz.lymytzsell.dao.RemoteDao.getInstance(RemoteDao.java:59)
	at com.lymytz.lymytzsell.dao.query.RQueryFactories.insertInfoServeur(RQueryFactories.java:390)
	at com.lymytz.lymytzsell.service.utils.UtilsProject.initDataR(UtilsProject.java:315)
	at com.lymytz.lymytzsell.service.utils.UtilsProject.loadInitData(UtilsProject.java:364)
	at com.lymytz.lymytzsell.service.start.StartController.lambda$loadInitData$2(StartController.java:335)
	at java.base/java.lang.Thread.run(Thread.java:829)
Caused by: java.net.NoRouteToHostException: Aucun chemin d'accès pour atteindre l'hôte cible (Host unreachable)
	at java.base/java.net.PlainSocketImpl.socketConnect(Native Method)
	at java.base/java.net.AbstractPlainSocketImpl.doConnect(AbstractPlainSocketImpl.java:412)
	at java.base/java.net.AbstractPlainSocketImpl.connectToAddress(AbstractPlainSocketImpl.java:255)
	at java.base/java.net.AbstractPlainSocketImpl.connect(AbstractPlainSocketImpl.java:237)
	at java.base/java.net.SocksSocketImpl.connect(SocksSocketImpl.java:392)
	at java.base/java.net.Socket.connect(Socket.java:609)
	at org.postgresql.core.PGStream.createSocket(PGStream.java:241)
	at org.postgresql.core.PGStream.<init>(PGStream.java:98)
	at org.postgresql.core.v3.ConnectionFactoryImpl.tryConnect(ConnectionFactoryImpl.java:109)
	at org.postgresql.core.v3.ConnectionFactoryImpl.openConnectionImpl(ConnectionFactoryImpl.java:235)
	... 14 more
15-10-2024 17:41 | [ERREUR]

java.lang.IllegalStateException: InjectionManagerFactory not found.
	at org.glassfish.jersey.internal.inject.Injections.lambda$lookupInjectionManagerFactory$0(Injections.java:98)
	at java.base/java.util.Optional.orElseThrow(Optional.java:408)
	at org.glassfish.jersey.internal.inject.Injections.lookupInjectionManagerFactory(Injections.java:98)
	at org.glassfish.jersey.internal.inject.Injections.createInjectionManager(Injections.java:68)
	at org.glassfish.jersey.client.ClientConfig$State.initRuntime(ClientConfig.java:432)
	at org.glassfish.jersey.internal.util.collection.Values$LazyValueImpl.get(Values.java:341)
	at org.glassfish.jersey.client.ClientConfig.getRuntime(ClientConfig.java:826)
	at org.glassfish.jersey.client.ClientRequest.getConfiguration(ClientRequest.java:285)
	at org.glassfish.jersey.client.JerseyInvocation.validateHttpMethodAndEntity(JerseyInvocation.java:143)
	at org.glassfish.jersey.client.JerseyInvocation.<init>(JerseyInvocation.java:112)
	at org.glassfish.jersey.client.JerseyInvocation.<init>(JerseyInvocation.java:108)
	at org.glassfish.jersey.client.JerseyInvocation.<init>(JerseyInvocation.java:99)
	at org.glassfish.jersey.client.JerseyInvocation$Builder.method(JerseyInvocation.java:419)
	at org.glassfish.jersey.client.JerseyInvocation$Builder.get(JerseyInvocation.java:319)
	at com.lymytz.lymytzsell.synchro.ws.WsSynchro.getStock(WsSynchro.java:215)
	at com.lymytz.lymytzsell.service.utils.UtilsProject.getStocks(UtilsProject.java:206)
	at com.lymytz.lymytzsell.service.application.loader.LoaderStock.call(LoaderStock.java:64)
	at com.lymytz.lymytzsell.service.application.loader.LoaderStock.call(LoaderStock.java:25)
	at javafx.graphics/javafx.concurrent.Task$TaskCallable.call(Task.java:1426)
	at java.base/java.util.concurrent.FutureTask.run$$$capture(FutureTask.java:264)
	at java.base/java.util.concurrent.FutureTask.run(FutureTask.java)
	at java.base/java.lang.Thread.run(Thread.java:829)
15-10-2024 17:41 | [ERREUR]

java.lang.IllegalStateException: InjectionManagerFactory not found.
	at org.glassfish.jersey.internal.inject.Injections.lambda$lookupInjectionManagerFactory$0(Injections.java:98)
	at java.base/java.util.Optional.orElseThrow(Optional.java:408)
	at org.glassfish.jersey.internal.inject.Injections.lookupInjectionManagerFactory(Injections.java:98)
	at org.glassfish.jersey.internal.inject.Injections.createInjectionManager(Injections.java:68)
	at org.glassfish.jersey.client.ClientConfig$State.initRuntime(ClientConfig.java:432)
	at org.glassfish.jersey.internal.util.collection.Values$LazyValueImpl.get(Values.java:341)
	at org.glassfish.jersey.client.ClientConfig.getRuntime(ClientConfig.java:826)
	at org.glassfish.jersey.client.ClientRequest.getConfiguration(ClientRequest.java:285)
	at org.glassfish.jersey.client.JerseyInvocation.validateHttpMethodAndEntity(JerseyInvocation.java:143)
	at org.glassfish.jersey.client.JerseyInvocation.<init>(JerseyInvocation.java:112)
	at org.glassfish.jersey.client.JerseyInvocation.<init>(JerseyInvocation.java:108)
	at org.glassfish.jersey.client.JerseyInvocation.<init>(JerseyInvocation.java:99)
	at org.glassfish.jersey.client.JerseyInvocation$Builder.method(JerseyInvocation.java:419)
	at org.glassfish.jersey.client.JerseyInvocation$Builder.get(JerseyInvocation.java:319)
	at com.lymytz.lymytzsell.synchro.ws.WsSynchro.getStock(WsSynchro.java:215)
	at com.lymytz.lymytzsell.service.utils.UtilsProject.getStocks(UtilsProject.java:206)
	at com.lymytz.lymytzsell.service.application.loader.LoaderStock.call(LoaderStock.java:64)
	at com.lymytz.lymytzsell.service.application.loader.LoaderStock.call(LoaderStock.java:25)
	at javafx.graphics/javafx.concurrent.Task$TaskCallable.call(Task.java:1426)
	at java.base/java.util.concurrent.FutureTask.run$$$capture(FutureTask.java:264)
	at java.base/java.util.concurrent.FutureTask.run(FutureTask.java)
	at java.base/java.lang.Thread.run(Thread.java:829)
15-10-2024 17:41 | [ERREUR]

java.lang.IllegalStateException: InjectionManagerFactory not found.
	at org.glassfish.jersey.internal.inject.Injections.lambda$lookupInjectionManagerFactory$0(Injections.java:98)
	at java.base/java.util.Optional.orElseThrow(Optional.java:408)
	at org.glassfish.jersey.internal.inject.Injections.lookupInjectionManagerFactory(Injections.java:98)
	at org.glassfish.jersey.internal.inject.Injections.createInjectionManager(Injections.java:68)
	at org.glassfish.jersey.client.ClientConfig$State.initRuntime(ClientConfig.java:432)
	at org.glassfish.jersey.internal.util.collection.Values$LazyValueImpl.get(Values.java:341)
	at org.glassfish.jersey.client.ClientConfig.getRuntime(ClientConfig.java:826)
	at org.glassfish.jersey.client.ClientRequest.getConfiguration(ClientRequest.java:285)
	at org.glassfish.jersey.client.JerseyInvocation.validateHttpMethodAndEntity(JerseyInvocation.java:143)
	at org.glassfish.jersey.client.JerseyInvocation.<init>(JerseyInvocation.java:112)
	at org.glassfish.jersey.client.JerseyInvocation.<init>(JerseyInvocation.java:108)
	at org.glassfish.jersey.client.JerseyInvocation.<init>(JerseyInvocation.java:99)
	at org.glassfish.jersey.client.JerseyInvocation$Builder.method(JerseyInvocation.java:419)
	at org.glassfish.jersey.client.JerseyInvocation$Builder.get(JerseyInvocation.java:319)
	at com.lymytz.lymytzsell.synchro.ws.WsSynchro.getStock(WsSynchro.java:215)
	at com.lymytz.lymytzsell.service.utils.UtilsProject.getStocks(UtilsProject.java:206)
	at com.lymytz.lymytzsell.service.application.loader.LoaderStock.call(LoaderStock.java:64)
	at com.lymytz.lymytzsell.service.application.loader.LoaderStock.call(LoaderStock.java:25)
	at javafx.graphics/javafx.concurrent.Task$TaskCallable.call(Task.java:1426)
	at java.base/java.util.concurrent.FutureTask.run$$$capture(FutureTask.java:264)
	at java.base/java.util.concurrent.FutureTask.run(FutureTask.java)
	at java.base/java.lang.Thread.run(Thread.java:829)
15-10-2024 17:41 | [ERREUR]

java.lang.IllegalStateException: InjectionManagerFactory not found.
	at org.glassfish.jersey.internal.inject.Injections.lambda$lookupInjectionManagerFactory$0(Injections.java:98)
	at java.base/java.util.Optional.orElseThrow(Optional.java:408)
	at org.glassfish.jersey.internal.inject.Injections.lookupInjectionManagerFactory(Injections.java:98)
	at org.glassfish.jersey.internal.inject.Injections.createInjectionManager(Injections.java:68)
	at org.glassfish.jersey.client.ClientConfig$State.initRuntime(ClientConfig.java:432)
	at org.glassfish.jersey.internal.util.collection.Values$LazyValueImpl.get(Values.java:341)
	at org.glassfish.jersey.client.ClientConfig.getRuntime(ClientConfig.java:826)
	at org.glassfish.jersey.client.ClientRequest.getConfiguration(ClientRequest.java:285)
	at org.glassfish.jersey.client.JerseyInvocation.validateHttpMethodAndEntity(JerseyInvocation.java:143)
	at org.glassfish.jersey.client.JerseyInvocation.<init>(JerseyInvocation.java:112)
	at org.glassfish.jersey.client.JerseyInvocation.<init>(JerseyInvocation.java:108)
	at org.glassfish.jersey.client.JerseyInvocation.<init>(JerseyInvocation.java:99)
	at org.glassfish.jersey.client.JerseyInvocation$Builder.method(JerseyInvocation.java:419)
	at org.glassfish.jersey.client.JerseyInvocation$Builder.get(JerseyInvocation.java:319)
	at com.lymytz.lymytzsell.synchro.ws.WsSynchro.getStock(WsSynchro.java:215)
	at com.lymytz.lymytzsell.service.utils.UtilsProject.getStocks(UtilsProject.java:206)
	at com.lymytz.lymytzsell.service.application.loader.LoaderStock.call(LoaderStock.java:64)
	at com.lymytz.lymytzsell.service.application.loader.LoaderStock.call(LoaderStock.java:25)
	at javafx.graphics/javafx.concurrent.Task$TaskCallable.call(Task.java:1426)
	at java.base/java.util.concurrent.FutureTask.run$$$capture(FutureTask.java:264)
	at java.base/java.util.concurrent.FutureTask.run(FutureTask.java)
	at java.base/java.lang.Thread.run(Thread.java:829)
16-10-2024 07:40 | [INFO]Ouverture de l'application...
16-10-2024 07:40 | [AVERTISSEMENT]Votre version de java ne supporte pas le systèm Tray...
16-10-2024 07:40 | [ERREUR]
Connexion au serveur de données echoué
org.postgresql.util.PSQLException: La tentative de connexion a échoué.
	at org.postgresql.core.v3.ConnectionFactoryImpl.openConnectionImpl(ConnectionFactoryImpl.java:331)
	at org.postgresql.core.ConnectionFactory.openConnection(ConnectionFactory.java:49)
	at org.postgresql.jdbc.PgConnection.<init>(PgConnection.java:247)
	at org.postgresql.Driver.makeConnection(Driver.java:434)
	at org.postgresql.Driver.connect(Driver.java:291)
	at java.sql/java.sql.DriverManager.getConnection(DriverManager.java:677)
	at java.sql/java.sql.DriverManager.getConnection(DriverManager.java:228)
	at com.lymytz.lymytzsell.dao.RemoteDao.<init>(RemoteDao.java:48)
	at com.lymytz.lymytzsell.dao.RemoteDao.getInstance(RemoteDao.java:82)
	at com.lymytz.lymytzsell.dao.RemoteDao.getInstance(RemoteDao.java:59)
	at com.lymytz.lymytzsell.dao.query.RQueryFactories.getIdServer(RQueryFactories.java:65)
	at com.lymytz.lymytzsell.service.utils.UtilsProject.initDataR(UtilsProject.java:312)
	at com.lymytz.lymytzsell.service.utils.UtilsProject.loadInitData(UtilsProject.java:364)
	at com.lymytz.lymytzsell.service.start.StartController.lambda$loadInitData$2(StartController.java:335)
	at java.base/java.lang.Thread.run(Thread.java:829)
Caused by: java.net.NoRouteToHostException: Aucun chemin d'accès pour atteindre l'hôte cible (Host unreachable)
	at java.base/java.net.PlainSocketImpl.socketConnect(Native Method)
	at java.base/java.net.AbstractPlainSocketImpl.doConnect(AbstractPlainSocketImpl.java:412)
	at java.base/java.net.AbstractPlainSocketImpl.connectToAddress(AbstractPlainSocketImpl.java:255)
	at java.base/java.net.AbstractPlainSocketImpl.connect(AbstractPlainSocketImpl.java:237)
	at java.base/java.net.SocksSocketImpl.connect(SocksSocketImpl.java:392)
	at java.base/java.net.Socket.connect(Socket.java:609)
	at org.postgresql.core.PGStream.createSocket(PGStream.java:241)
	at org.postgresql.core.PGStream.<init>(PGStream.java:98)
	at org.postgresql.core.v3.ConnectionFactoryImpl.tryConnect(ConnectionFactoryImpl.java:109)
	at org.postgresql.core.v3.ConnectionFactoryImpl.openConnectionImpl(ConnectionFactoryImpl.java:235)
	... 14 more
16-10-2024 07:40 | [ERREUR]
Connexion au serveur de données echoué
org.postgresql.util.PSQLException: La tentative de connexion a échoué.
	at org.postgresql.core.v3.ConnectionFactoryImpl.openConnectionImpl(ConnectionFactoryImpl.java:331)
	at org.postgresql.core.ConnectionFactory.openConnection(ConnectionFactory.java:49)
	at org.postgresql.jdbc.PgConnection.<init>(PgConnection.java:247)
	at org.postgresql.Driver.makeConnection(Driver.java:434)
	at org.postgresql.Driver.connect(Driver.java:291)
	at java.sql/java.sql.DriverManager.getConnection(DriverManager.java:677)
	at java.sql/java.sql.DriverManager.getConnection(DriverManager.java:228)
	at com.lymytz.lymytzsell.dao.RemoteDao.<init>(RemoteDao.java:48)
	at com.lymytz.lymytzsell.dao.RemoteDao.getInstance(RemoteDao.java:82)
	at com.lymytz.lymytzsell.dao.RemoteDao.getInstance(RemoteDao.java:59)
	at com.lymytz.lymytzsell.dao.query.RQueryFactories.insertInfoServeur(RQueryFactories.java:390)
	at com.lymytz.lymytzsell.service.utils.UtilsProject.initDataR(UtilsProject.java:315)
	at com.lymytz.lymytzsell.service.utils.UtilsProject.loadInitData(UtilsProject.java:364)
	at com.lymytz.lymytzsell.service.start.StartController.lambda$loadInitData$2(StartController.java:335)
	at java.base/java.lang.Thread.run(Thread.java:829)
Caused by: java.net.NoRouteToHostException: Aucun chemin d'accès pour atteindre l'hôte cible (Host unreachable)
	at java.base/java.net.PlainSocketImpl.socketConnect(Native Method)
	at java.base/java.net.AbstractPlainSocketImpl.doConnect(AbstractPlainSocketImpl.java:412)
	at java.base/java.net.AbstractPlainSocketImpl.connectToAddress(AbstractPlainSocketImpl.java:255)
	at java.base/java.net.AbstractPlainSocketImpl.connect(AbstractPlainSocketImpl.java:237)
	at java.base/java.net.SocksSocketImpl.connect(SocksSocketImpl.java:392)
	at java.base/java.net.Socket.connect(Socket.java:609)
	at org.postgresql.core.PGStream.createSocket(PGStream.java:241)
	at org.postgresql.core.PGStream.<init>(PGStream.java:98)
	at org.postgresql.core.v3.ConnectionFactoryImpl.tryConnect(ConnectionFactoryImpl.java:109)
	at org.postgresql.core.v3.ConnectionFactoryImpl.openConnectionImpl(ConnectionFactoryImpl.java:235)
	... 14 more
18-10-2024 07:49 | [INFO]Ouverture de l'application...
18-10-2024 07:49 | [AVERTISSEMENT]Votre version de java ne supporte pas le systèm Tray...
18-10-2024 07:49 | [ERREUR]
Connexion au serveur de données echoué
org.postgresql.util.PSQLException: La tentative de connexion a échoué.
	at org.postgresql.core.v3.ConnectionFactoryImpl.openConnectionImpl(ConnectionFactoryImpl.java:331)
	at org.postgresql.core.ConnectionFactory.openConnection(ConnectionFactory.java:49)
	at org.postgresql.jdbc.PgConnection.<init>(PgConnection.java:247)
	at org.postgresql.Driver.makeConnection(Driver.java:434)
	at org.postgresql.Driver.connect(Driver.java:291)
	at java.sql/java.sql.DriverManager.getConnection(DriverManager.java:677)
	at java.sql/java.sql.DriverManager.getConnection(DriverManager.java:228)
	at com.lymytz.lymytzsell.dao.RemoteDao.<init>(RemoteDao.java:48)
	at com.lymytz.lymytzsell.dao.RemoteDao.getInstance(RemoteDao.java:82)
	at com.lymytz.lymytzsell.dao.RemoteDao.getInstance(RemoteDao.java:59)
	at com.lymytz.lymytzsell.dao.query.RQueryFactories.getIdServer(RQueryFactories.java:65)
	at com.lymytz.lymytzsell.service.utils.UtilsProject.initDataR(UtilsProject.java:314)
	at com.lymytz.lymytzsell.service.utils.UtilsProject.loadInitData(UtilsProject.java:366)
	at com.lymytz.lymytzsell.service.start.StartController.lambda$loadInitData$2(StartController.java:335)
	at java.base/java.lang.Thread.run(Thread.java:829)
Caused by: java.net.NoRouteToHostException: Aucun chemin d'accès pour atteindre l'hôte cible (Host unreachable)
	at java.base/java.net.PlainSocketImpl.socketConnect(Native Method)
	at java.base/java.net.AbstractPlainSocketImpl.doConnect(AbstractPlainSocketImpl.java:412)
	at java.base/java.net.AbstractPlainSocketImpl.connectToAddress(AbstractPlainSocketImpl.java:255)
	at java.base/java.net.AbstractPlainSocketImpl.connect(AbstractPlainSocketImpl.java:237)
	at java.base/java.net.SocksSocketImpl.connect(SocksSocketImpl.java:392)
	at java.base/java.net.Socket.connect(Socket.java:609)
	at org.postgresql.core.PGStream.createSocket(PGStream.java:241)
	at org.postgresql.core.PGStream.<init>(PGStream.java:98)
	at org.postgresql.core.v3.ConnectionFactoryImpl.tryConnect(ConnectionFactoryImpl.java:109)
	at org.postgresql.core.v3.ConnectionFactoryImpl.openConnectionImpl(ConnectionFactoryImpl.java:235)
	... 14 more
18-10-2024 07:49 | [ERREUR]
Connexion au serveur de données echoué
org.postgresql.util.PSQLException: La tentative de connexion a échoué.
	at org.postgresql.core.v3.ConnectionFactoryImpl.openConnectionImpl(ConnectionFactoryImpl.java:331)
	at org.postgresql.core.ConnectionFactory.openConnection(ConnectionFactory.java:49)
	at org.postgresql.jdbc.PgConnection.<init>(PgConnection.java:247)
	at org.postgresql.Driver.makeConnection(Driver.java:434)
	at org.postgresql.Driver.connect(Driver.java:291)
	at java.sql/java.sql.DriverManager.getConnection(DriverManager.java:677)
	at java.sql/java.sql.DriverManager.getConnection(DriverManager.java:228)
	at com.lymytz.lymytzsell.dao.RemoteDao.<init>(RemoteDao.java:48)
	at com.lymytz.lymytzsell.dao.RemoteDao.getInstance(RemoteDao.java:82)
	at com.lymytz.lymytzsell.dao.RemoteDao.getInstance(RemoteDao.java:59)
	at com.lymytz.lymytzsell.dao.query.RQueryFactories.insertInfoServeur(RQueryFactories.java:390)
	at com.lymytz.lymytzsell.service.utils.UtilsProject.initDataR(UtilsProject.java:317)
	at com.lymytz.lymytzsell.service.utils.UtilsProject.loadInitData(UtilsProject.java:366)
	at com.lymytz.lymytzsell.service.start.StartController.lambda$loadInitData$2(StartController.java:335)
	at java.base/java.lang.Thread.run(Thread.java:829)
Caused by: java.net.NoRouteToHostException: Aucun chemin d'accès pour atteindre l'hôte cible (Host unreachable)
	at java.base/java.net.PlainSocketImpl.socketConnect(Native Method)
	at java.base/java.net.AbstractPlainSocketImpl.doConnect(AbstractPlainSocketImpl.java:412)
	at java.base/java.net.AbstractPlainSocketImpl.connectToAddress(AbstractPlainSocketImpl.java:255)
	at java.base/java.net.AbstractPlainSocketImpl.connect(AbstractPlainSocketImpl.java:237)
	at java.base/java.net.SocksSocketImpl.connect(SocksSocketImpl.java:392)
	at java.base/java.net.Socket.connect(Socket.java:609)
	at org.postgresql.core.PGStream.createSocket(PGStream.java:241)
	at org.postgresql.core.PGStream.<init>(PGStream.java:98)
	at org.postgresql.core.v3.ConnectionFactoryImpl.tryConnect(ConnectionFactoryImpl.java:109)
	at org.postgresql.core.v3.ConnectionFactoryImpl.openConnectionImpl(ConnectionFactoryImpl.java:235)
	... 14 more
18-10-2024 08:49 | [INFO]SELECT DISTINCT d.id,e.id, d.type_doc, d.statut, d.num_doc, d.nom_client, d.date_save, d.statut_livre, d.statut_regle, cl.nom, cl.prenom, e.date_entete, di.libele, cc.code, d.date_livraison_prevu, ds.id_distant, l.to_listen ,get_ttc_vente(d.id) FROM yvs_com_doc_ventes d INNER JOIN yvs_com_entete_doc_vente e ON e.id=d.entete_doc INNER JOIN yvs_com_creneau_horaire_users cr ON cr.id=e.creneau INNER JOIN yvs_com_client cl ON cl.id=d.client INNER JOIN yvs_base_categorie_comptable cc ON cc.id=d.categorie_comptable LEFT JOIN yvs_dictionnaire di ON di.id=d.adresse LEFT JOIN yvs_synchro_listen_table l ON (l.id_source=d.id AND l.name_table='yvs_com_doc_ventes') LEFT JOIN yvs_synchro_data_synchro ds ON ds.id_listen=l.id WHERE d.type_doc=? AND d.statut!=? AND e.id= ? ORDER BY d.type_doc, d.num_doc 
18-10-2024 08:49 | [ERREUR]

java.lang.IllegalStateException: InjectionManagerFactory not found.
	at org.glassfish.jersey.internal.inject.Injections.lambda$lookupInjectionManagerFactory$0(Injections.java:98)
	at java.base/java.util.Optional.orElseThrow(Optional.java:408)
	at org.glassfish.jersey.internal.inject.Injections.lookupInjectionManagerFactory(Injections.java:98)
	at org.glassfish.jersey.internal.inject.Injections.createInjectionManager(Injections.java:68)
	at org.glassfish.jersey.client.ClientConfig$State.initRuntime(ClientConfig.java:432)
	at org.glassfish.jersey.internal.util.collection.Values$LazyValueImpl.get(Values.java:341)
	at org.glassfish.jersey.client.ClientConfig.getRuntime(ClientConfig.java:826)
	at org.glassfish.jersey.client.ClientRequest.getConfiguration(ClientRequest.java:285)
	at org.glassfish.jersey.client.JerseyInvocation.validateHttpMethodAndEntity(JerseyInvocation.java:143)
	at org.glassfish.jersey.client.JerseyInvocation.<init>(JerseyInvocation.java:112)
	at org.glassfish.jersey.client.JerseyInvocation.<init>(JerseyInvocation.java:108)
	at org.glassfish.jersey.client.JerseyInvocation.<init>(JerseyInvocation.java:99)
	at org.glassfish.jersey.client.JerseyInvocation$Builder.method(JerseyInvocation.java:419)
	at org.glassfish.jersey.client.JerseyInvocation$Builder.get(JerseyInvocation.java:319)
	at com.lymytz.lymytzsell.synchro.ws.WsSynchro.getStock(WsSynchro.java:215)
	at com.lymytz.lymytzsell.service.utils.UtilsProject.getStocks(UtilsProject.java:208)
	at com.lymytz.lymytzsell.service.application.loader.LoaderStock.call(LoaderStock.java:64)
	at com.lymytz.lymytzsell.service.application.loader.LoaderStock.call(LoaderStock.java:25)
	at javafx.graphics/javafx.concurrent.Task$TaskCallable.call(Task.java:1426)
	at java.base/java.util.concurrent.FutureTask.run$$$capture(FutureTask.java:264)
	at java.base/java.util.concurrent.FutureTask.run(FutureTask.java)
	at java.base/java.lang.Thread.run(Thread.java:829)
18-10-2024 08:49 | [ERREUR]

java.lang.IllegalStateException: InjectionManagerFactory not found.
	at org.glassfish.jersey.internal.inject.Injections.lambda$lookupInjectionManagerFactory$0(Injections.java:98)
	at java.base/java.util.Optional.orElseThrow(Optional.java:408)
	at org.glassfish.jersey.internal.inject.Injections.lookupInjectionManagerFactory(Injections.java:98)
	at org.glassfish.jersey.internal.inject.Injections.createInjectionManager(Injections.java:68)
	at org.glassfish.jersey.client.ClientConfig$State.initRuntime(ClientConfig.java:432)
	at org.glassfish.jersey.internal.util.collection.Values$LazyValueImpl.get(Values.java:341)
	at org.glassfish.jersey.client.ClientConfig.getRuntime(ClientConfig.java:826)
	at org.glassfish.jersey.client.ClientRequest.getConfiguration(ClientRequest.java:285)
	at org.glassfish.jersey.client.JerseyInvocation.validateHttpMethodAndEntity(JerseyInvocation.java:143)
	at org.glassfish.jersey.client.JerseyInvocation.<init>(JerseyInvocation.java:112)
	at org.glassfish.jersey.client.JerseyInvocation.<init>(JerseyInvocation.java:108)
	at org.glassfish.jersey.client.JerseyInvocation.<init>(JerseyInvocation.java:99)
	at org.glassfish.jersey.client.JerseyInvocation$Builder.method(JerseyInvocation.java:419)
	at org.glassfish.jersey.client.JerseyInvocation$Builder.get(JerseyInvocation.java:319)
	at com.lymytz.lymytzsell.synchro.ws.WsSynchro.getStock(WsSynchro.java:215)
	at com.lymytz.lymytzsell.service.utils.UtilsProject.getStocks(UtilsProject.java:208)
	at com.lymytz.lymytzsell.service.application.loader.LoaderStock.call(LoaderStock.java:64)
	at com.lymytz.lymytzsell.service.application.loader.LoaderStock.call(LoaderStock.java:25)
	at javafx.graphics/javafx.concurrent.Task$TaskCallable.call(Task.java:1426)
	at java.base/java.util.concurrent.FutureTask.run$$$capture(FutureTask.java:264)
	at java.base/java.util.concurrent.FutureTask.run(FutureTask.java)
	at java.base/java.lang.Thread.run(Thread.java:829)
18-10-2024 08:49 | [ERREUR]

java.lang.IllegalStateException: InjectionManagerFactory not found.
	at org.glassfish.jersey.internal.inject.Injections.lambda$lookupInjectionManagerFactory$0(Injections.java:98)
	at java.base/java.util.Optional.orElseThrow(Optional.java:408)
	at org.glassfish.jersey.internal.inject.Injections.lookupInjectionManagerFactory(Injections.java:98)
	at org.glassfish.jersey.internal.inject.Injections.createInjectionManager(Injections.java:68)
	at org.glassfish.jersey.client.ClientConfig$State.initRuntime(ClientConfig.java:432)
	at org.glassfish.jersey.internal.util.collection.Values$LazyValueImpl.get(Values.java:341)
	at org.glassfish.jersey.client.ClientConfig.getRuntime(ClientConfig.java:826)
	at org.glassfish.jersey.client.ClientRequest.getConfiguration(ClientRequest.java:285)
	at org.glassfish.jersey.client.JerseyInvocation.validateHttpMethodAndEntity(JerseyInvocation.java:143)
	at org.glassfish.jersey.client.JerseyInvocation.<init>(JerseyInvocation.java:112)
	at org.glassfish.jersey.client.JerseyInvocation.<init>(JerseyInvocation.java:108)
	at org.glassfish.jersey.client.JerseyInvocation.<init>(JerseyInvocation.java:99)
	at org.glassfish.jersey.client.JerseyInvocation$Builder.method(JerseyInvocation.java:419)
	at org.glassfish.jersey.client.JerseyInvocation$Builder.get(JerseyInvocation.java:319)
	at com.lymytz.lymytzsell.synchro.ws.WsSynchro.getStock(WsSynchro.java:215)
	at com.lymytz.lymytzsell.service.utils.UtilsProject.getStocks(UtilsProject.java:208)
	at com.lymytz.lymytzsell.service.application.loader.LoaderStock.call(LoaderStock.java:64)
	at com.lymytz.lymytzsell.service.application.loader.LoaderStock.call(LoaderStock.java:25)
	at javafx.graphics/javafx.concurrent.Task$TaskCallable.call(Task.java:1426)
	at java.base/java.util.concurrent.FutureTask.run$$$capture(FutureTask.java:264)
	at java.base/java.util.concurrent.FutureTask.run(FutureTask.java)
	at java.base/java.lang.Thread.run(Thread.java:829)
18-10-2024 08:50 | [INFO]SELECT DISTINCT d.id,e.id, d.type_doc, d.statut, d.num_doc, d.nom_client, d.date_save, d.statut_livre, d.statut_regle, cl.nom, cl.prenom, e.date_entete, di.libele, cc.code, d.date_livraison_prevu, ds.id_distant, l.to_listen ,get_ttc_vente(d.id) FROM yvs_com_doc_ventes d INNER JOIN yvs_com_entete_doc_vente e ON e.id=d.entete_doc INNER JOIN yvs_com_creneau_horaire_users cr ON cr.id=e.creneau INNER JOIN yvs_com_client cl ON cl.id=d.client INNER JOIN yvs_base_categorie_comptable cc ON cc.id=d.categorie_comptable LEFT JOIN yvs_dictionnaire di ON di.id=d.adresse LEFT JOIN yvs_synchro_listen_table l ON (l.id_source=d.id AND l.name_table='yvs_com_doc_ventes') LEFT JOIN yvs_synchro_data_synchro ds ON ds.id_listen=l.id WHERE d.type_doc=? AND d.statut!=? AND e.id= ? ORDER BY d.type_doc, d.num_doc 
18-10-2024 08:50 | [ERREUR]
Impossible de trouver l'En-tête de la facture
18-10-2024 08:50 | [ERREUR]

java.lang.NullPointerException
	at com.lymytz.lymytzsell.service.application.synchro.export.UtilExport.exportDocVente(UtilExport.java:444)
	at com.lymytz.lymytzsell.service.application.service.ServiceLivraison.saveLivraison(ServiceLivraison.java:52)
	at com.lymytz.lymytzsell.view.main.HomeCaisseController.saveOrGenerateBl(HomeCaisseController.java:1218)
	at com.lymytz.lymytzsell.view.main.HomeCaisseController.livrerFacture(HomeCaisseController.java:1211)
	at java.base/jdk.internal.reflect.NativeMethodAccessorImpl.invoke0(Native Method)
	at java.base/jdk.internal.reflect.NativeMethodAccessorImpl.invoke(NativeMethodAccessorImpl.java:62)
	at java.base/jdk.internal.reflect.DelegatingMethodAccessorImpl.invoke(DelegatingMethodAccessorImpl.java:43)
	at java.base/java.lang.reflect.Method.invoke(Method.java:566)
	at com.sun.javafx.reflect.Trampoline.invoke(MethodUtil.java:77)
	at jdk.internal.reflect.GeneratedMethodAccessor3.invoke(Unknown Source)
	at java.base/jdk.internal.reflect.DelegatingMethodAccessorImpl.invoke(DelegatingMethodAccessorImpl.java:43)
	at java.base/java.lang.reflect.Method.invoke(Method.java:566)
	at javafx.base/com.sun.javafx.reflect.MethodUtil.invoke(MethodUtil.java:275)
	at javafx.fxml/com.sun.javafx.fxml.MethodHelper.invoke(MethodHelper.java:84)
	at javafx.fxml/javafx.fxml.FXMLLoader$MethodHandler.invoke(FXMLLoader.java:1852)
	at javafx.fxml/javafx.fxml.FXMLLoader$ControllerMethodEventHandler.handle(FXMLLoader.java:1724)
	at javafx.base/com.sun.javafx.event.CompositeEventHandler.dispatchBubblingEvent(CompositeEventHandler.java:86)
	at javafx.base/com.sun.javafx.event.EventHandlerManager.dispatchBubblingEvent(EventHandlerManager.java:234)
	at javafx.base/com.sun.javafx.event.EventHandlerManager.dispatchBubblingEvent(EventHandlerManager.java:191)
	at javafx.base/com.sun.javafx.event.CompositeEventDispatcher.dispatchBubblingEvent(CompositeEventDispatcher.java:59)
	at javafx.base/com.sun.javafx.event.BasicEventDispatcher.dispatchEvent(BasicEventDispatcher.java:58)
	at javafx.base/com.sun.javafx.event.EventDispatchChainImpl.dispatchEvent(EventDispatchChainImpl.java:114)
	at javafx.base/com.sun.javafx.event.BasicEventDispatcher.dispatchEvent(BasicEventDispatcher.java:56)
	at javafx.base/com.sun.javafx.event.EventDispatchChainImpl.dispatchEvent(EventDispatchChainImpl.java:114)
	at javafx.base/com.sun.javafx.event.BasicEventDispatcher.dispatchEvent(BasicEventDispatcher.java:56)
	at javafx.base/com.sun.javafx.event.EventDispatchChainImpl.dispatchEvent(EventDispatchChainImpl.java:114)
	at javafx.base/com.sun.javafx.event.BasicEventDispatcher.dispatchEvent(BasicEventDispatcher.java:56)
	at javafx.base/com.sun.javafx.event.EventDispatchChainImpl.dispatchEvent(EventDispatchChainImpl.java:114)
	at javafx.base/com.sun.javafx.event.EventUtil.fireEventImpl(EventUtil.java:74)
	at javafx.base/com.sun.javafx.event.EventUtil.fireEvent(EventUtil.java:49)
	at javafx.base/javafx.event.Event.fireEvent(Event.java:198)
	at javafx.graphics/javafx.scene.Node.fireEvent(Node.java:8792)
	at javafx.controls/javafx.scene.control.Button.fire(Button.java:203)
	at javafx.controls/com.sun.javafx.scene.control.behavior.ButtonBehavior.mouseReleased(ButtonBehavior.java:208)
	at javafx.controls/com.sun.javafx.scene.control.inputmap.InputMap.handle(InputMap.java:274)
	at javafx.base/com.sun.javafx.event.CompositeEventHandler$NormalEventHandlerRecord.handleBubblingEvent(CompositeEventHandler.java:247)
	at javafx.base/com.sun.javafx.event.CompositeEventHandler.dispatchBubblingEvent(CompositeEventHandler.java:80)
	at javafx.base/com.sun.javafx.event.EventHandlerManager.dispatchBubblingEvent(EventHandlerManager.java:234)
	at javafx.base/com.sun.javafx.event.EventHandlerManager.dispatchBubblingEvent(EventHandlerManager.java:191)
	at javafx.base/com.sun.javafx.event.CompositeEventDispatcher.dispatchBubblingEvent(CompositeEventDispatcher.java:59)
	at javafx.base/com.sun.javafx.event.BasicEventDispatcher.dispatchEvent(BasicEventDispatcher.java:58)
	at javafx.base/com.sun.javafx.event.EventDispatchChainImpl.dispatchEvent(EventDispatchChainImpl.java:114)
	at javafx.base/com.sun.javafx.event.BasicEventDispatcher.dispatchEvent(BasicEventDispatcher.java:56)
	at javafx.base/com.sun.javafx.event.EventDispatchChainImpl.dispatchEvent(EventDispatchChainImpl.java:114)
	at javafx.base/com.sun.javafx.event.BasicEventDispatcher.dispatchEvent(BasicEventDispatcher.java:56)
	at javafx.base/com.sun.javafx.event.EventDispatchChainImpl.dispatchEvent(EventDispatchChainImpl.java:114)
	at javafx.base/com.sun.javafx.event.BasicEventDispatcher.dispatchEvent(BasicEventDispatcher.java:56)
	at javafx.base/com.sun.javafx.event.EventDispatchChainImpl.dispatchEvent(EventDispatchChainImpl.java:114)
	at javafx.base/com.sun.javafx.event.EventUtil.fireEventImpl(EventUtil.java:74)
	at javafx.base/com.sun.javafx.event.EventUtil.fireEvent(EventUtil.java:54)
	at javafx.base/javafx.event.Event.fireEvent(Event.java:198)
	at javafx.graphics/javafx.scene.Scene$MouseHandler.process(Scene.java:3897)
	at javafx.graphics/javafx.scene.Scene.processMouseEvent(Scene.java:1878)
	at javafx.graphics/javafx.scene.Scene$ScenePeerListener.mouseEvent(Scene.java:2623)
	at javafx.graphics/com.sun.javafx.tk.quantum.GlassViewEventHandler$MouseEventNotification.run(GlassViewEventHandler.java:411)
	at javafx.graphics/com.sun.javafx.tk.quantum.GlassViewEventHandler$MouseEventNotification.run(GlassViewEventHandler.java:301)
	at java.base/java.security.AccessController.doPrivileged(Native Method)
	at javafx.graphics/com.sun.javafx.tk.quantum.GlassViewEventHandler.lambda$handleMouseEvent$2(GlassViewEventHandler.java:450)
	at javafx.graphics/com.sun.javafx.tk.quantum.QuantumToolkit.runWithoutRenderLock(QuantumToolkit.java:423)
	at javafx.graphics/com.sun.javafx.tk.quantum.GlassViewEventHandler.handleMouseEvent(GlassViewEventHandler.java:449)
	at javafx.graphics/com.sun.glass.ui.View.handleMouseEvent(View.java:551)
	at javafx.graphics/com.sun.glass.ui.View.notifyMouse(View.java:937)
	at javafx.graphics/com.sun.glass.ui.gtk.GtkApplication._runLoop(Native Method)
	at javafx.graphics/com.sun.glass.ui.gtk.GtkApplication.lambda$runLoop$11(GtkApplication.java:290)
	at java.base/java.lang.Thread.run(Thread.java:829)
18-10-2024 08:50 | [ERREUR]

java.lang.NullPointerException
	at com.lymytz.lymytzsell.synchro.ws.WsSynchro.livraisonDocVente(WsSynchro.java:249)
	at com.lymytz.lymytzsell.service.application.service.ServiceLivraison.saveLivraison(ServiceLivraison.java:53)
	at com.lymytz.lymytzsell.view.main.HomeCaisseController.saveOrGenerateBl(HomeCaisseController.java:1218)
	at com.lymytz.lymytzsell.view.main.HomeCaisseController.livrerFacture(HomeCaisseController.java:1211)
	at java.base/jdk.internal.reflect.NativeMethodAccessorImpl.invoke0(Native Method)
	at java.base/jdk.internal.reflect.NativeMethodAccessorImpl.invoke(NativeMethodAccessorImpl.java:62)
	at java.base/jdk.internal.reflect.DelegatingMethodAccessorImpl.invoke(DelegatingMethodAccessorImpl.java:43)
	at java.base/java.lang.reflect.Method.invoke(Method.java:566)
	at com.sun.javafx.reflect.Trampoline.invoke(MethodUtil.java:77)
	at jdk.internal.reflect.GeneratedMethodAccessor3.invoke(Unknown Source)
	at java.base/jdk.internal.reflect.DelegatingMethodAccessorImpl.invoke(DelegatingMethodAccessorImpl.java:43)
	at java.base/java.lang.reflect.Method.invoke(Method.java:566)
	at javafx.base/com.sun.javafx.reflect.MethodUtil.invoke(MethodUtil.java:275)
	at javafx.fxml/com.sun.javafx.fxml.MethodHelper.invoke(MethodHelper.java:84)
	at javafx.fxml/javafx.fxml.FXMLLoader$MethodHandler.invoke(FXMLLoader.java:1852)
	at javafx.fxml/javafx.fxml.FXMLLoader$ControllerMethodEventHandler.handle(FXMLLoader.java:1724)
	at javafx.base/com.sun.javafx.event.CompositeEventHandler.dispatchBubblingEvent(CompositeEventHandler.java:86)
	at javafx.base/com.sun.javafx.event.EventHandlerManager.dispatchBubblingEvent(EventHandlerManager.java:234)
	at javafx.base/com.sun.javafx.event.EventHandlerManager.dispatchBubblingEvent(EventHandlerManager.java:191)
	at javafx.base/com.sun.javafx.event.CompositeEventDispatcher.dispatchBubblingEvent(CompositeEventDispatcher.java:59)
	at javafx.base/com.sun.javafx.event.BasicEventDispatcher.dispatchEvent(BasicEventDispatcher.java:58)
	at javafx.base/com.sun.javafx.event.EventDispatchChainImpl.dispatchEvent(EventDispatchChainImpl.java:114)
	at javafx.base/com.sun.javafx.event.BasicEventDispatcher.dispatchEvent(BasicEventDispatcher.java:56)
	at javafx.base/com.sun.javafx.event.EventDispatchChainImpl.dispatchEvent(EventDispatchChainImpl.java:114)
	at javafx.base/com.sun.javafx.event.BasicEventDispatcher.dispatchEvent(BasicEventDispatcher.java:56)
	at javafx.base/com.sun.javafx.event.EventDispatchChainImpl.dispatchEvent(EventDispatchChainImpl.java:114)
	at javafx.base/com.sun.javafx.event.BasicEventDispatcher.dispatchEvent(BasicEventDispatcher.java:56)
	at javafx.base/com.sun.javafx.event.EventDispatchChainImpl.dispatchEvent(EventDispatchChainImpl.java:114)
	at javafx.base/com.sun.javafx.event.EventUtil.fireEventImpl(EventUtil.java:74)
	at javafx.base/com.sun.javafx.event.EventUtil.fireEvent(EventUtil.java:49)
	at javafx.base/javafx.event.Event.fireEvent(Event.java:198)
	at javafx.graphics/javafx.scene.Node.fireEvent(Node.java:8792)
	at javafx.controls/javafx.scene.control.Button.fire(Button.java:203)
	at javafx.controls/com.sun.javafx.scene.control.behavior.ButtonBehavior.mouseReleased(ButtonBehavior.java:208)
	at javafx.controls/com.sun.javafx.scene.control.inputmap.InputMap.handle(InputMap.java:274)
	at javafx.base/com.sun.javafx.event.CompositeEventHandler$NormalEventHandlerRecord.handleBubblingEvent(CompositeEventHandler.java:247)
	at javafx.base/com.sun.javafx.event.CompositeEventHandler.dispatchBubblingEvent(CompositeEventHandler.java:80)
	at javafx.base/com.sun.javafx.event.EventHandlerManager.dispatchBubblingEvent(EventHandlerManager.java:234)
	at javafx.base/com.sun.javafx.event.EventHandlerManager.dispatchBubblingEvent(EventHandlerManager.java:191)
	at javafx.base/com.sun.javafx.event.CompositeEventDispatcher.dispatchBubblingEvent(CompositeEventDispatcher.java:59)
	at javafx.base/com.sun.javafx.event.BasicEventDispatcher.dispatchEvent(BasicEventDispatcher.java:58)
	at javafx.base/com.sun.javafx.event.EventDispatchChainImpl.dispatchEvent(EventDispatchChainImpl.java:114)
	at javafx.base/com.sun.javafx.event.BasicEventDispatcher.dispatchEvent(BasicEventDispatcher.java:56)
	at javafx.base/com.sun.javafx.event.EventDispatchChainImpl.dispatchEvent(EventDispatchChainImpl.java:114)
	at javafx.base/com.sun.javafx.event.BasicEventDispatcher.dispatchEvent(BasicEventDispatcher.java:56)
	at javafx.base/com.sun.javafx.event.EventDispatchChainImpl.dispatchEvent(EventDispatchChainImpl.java:114)
	at javafx.base/com.sun.javafx.event.BasicEventDispatcher.dispatchEvent(BasicEventDispatcher.java:56)
	at javafx.base/com.sun.javafx.event.EventDispatchChainImpl.dispatchEvent(EventDispatchChainImpl.java:114)
	at javafx.base/com.sun.javafx.event.EventUtil.fireEventImpl(EventUtil.java:74)
	at javafx.base/com.sun.javafx.event.EventUtil.fireEvent(EventUtil.java:54)
	at javafx.base/javafx.event.Event.fireEvent(Event.java:198)
	at javafx.graphics/javafx.scene.Scene$MouseHandler.process(Scene.java:3897)
	at javafx.graphics/javafx.scene.Scene.processMouseEvent(Scene.java:1878)
	at javafx.graphics/javafx.scene.Scene$ScenePeerListener.mouseEvent(Scene.java:2623)
	at javafx.graphics/com.sun.javafx.tk.quantum.GlassViewEventHandler$MouseEventNotification.run(GlassViewEventHandler.java:411)
	at javafx.graphics/com.sun.javafx.tk.quantum.GlassViewEventHandler$MouseEventNotification.run(GlassViewEventHandler.java:301)
	at java.base/java.security.AccessController.doPrivileged(Native Method)
	at javafx.graphics/com.sun.javafx.tk.quantum.GlassViewEventHandler.lambda$handleMouseEvent$2(GlassViewEventHandler.java:450)
	at javafx.graphics/com.sun.javafx.tk.quantum.QuantumToolkit.runWithoutRenderLock(QuantumToolkit.java:423)
	at javafx.graphics/com.sun.javafx.tk.quantum.GlassViewEventHandler.handleMouseEvent(GlassViewEventHandler.java:449)
	at javafx.graphics/com.sun.glass.ui.View.handleMouseEvent(View.java:551)
	at javafx.graphics/com.sun.glass.ui.View.notifyMouse(View.java:937)
	at javafx.graphics/com.sun.glass.ui.gtk.GtkApplication._runLoop(Native Method)
	at javafx.graphics/com.sun.glass.ui.gtk.GtkApplication.lambda$runLoop$11(GtkApplication.java:290)
	at java.base/java.lang.Thread.run(Thread.java:829)
18-10-2024 08:53 | [INFO]Ouverture de l'application...
18-10-2024 08:53 | [AVERTISSEMENT]Votre version de java ne supporte pas le systèm Tray...
18-10-2024 08:53 | [ERREUR]
Connexion au serveur de données echoué
org.postgresql.util.PSQLException: La tentative de connexion a échoué.
	at org.postgresql.core.v3.ConnectionFactoryImpl.openConnectionImpl(ConnectionFactoryImpl.java:331)
	at org.postgresql.core.ConnectionFactory.openConnection(ConnectionFactory.java:49)
	at org.postgresql.jdbc.PgConnection.<init>(PgConnection.java:247)
	at org.postgresql.Driver.makeConnection(Driver.java:434)
	at org.postgresql.Driver.connect(Driver.java:291)
	at java.sql/java.sql.DriverManager.getConnection(DriverManager.java:677)
	at java.sql/java.sql.DriverManager.getConnection(DriverManager.java:228)
	at com.lymytz.lymytzsell.dao.RemoteDao.<init>(RemoteDao.java:48)
	at com.lymytz.lymytzsell.dao.RemoteDao.getInstance(RemoteDao.java:82)
	at com.lymytz.lymytzsell.dao.RemoteDao.getInstance(RemoteDao.java:59)
	at com.lymytz.lymytzsell.dao.query.RQueryFactories.getIdServer(RQueryFactories.java:65)
	at com.lymytz.lymytzsell.service.utils.UtilsProject.initDataR(UtilsProject.java:314)
	at com.lymytz.lymytzsell.service.utils.UtilsProject.loadInitData(UtilsProject.java:366)
	at com.lymytz.lymytzsell.service.start.StartController.lambda$loadInitData$2(StartController.java:335)
	at java.base/java.lang.Thread.run(Thread.java:829)
Caused by: java.net.NoRouteToHostException: Aucun chemin d'accès pour atteindre l'hôte cible (Host unreachable)
	at java.base/java.net.PlainSocketImpl.socketConnect(Native Method)
	at java.base/java.net.AbstractPlainSocketImpl.doConnect(AbstractPlainSocketImpl.java:412)
	at java.base/java.net.AbstractPlainSocketImpl.connectToAddress(AbstractPlainSocketImpl.java:255)
	at java.base/java.net.AbstractPlainSocketImpl.connect(AbstractPlainSocketImpl.java:237)
	at java.base/java.net.SocksSocketImpl.connect(SocksSocketImpl.java:392)
	at java.base/java.net.Socket.connect(Socket.java:609)
	at org.postgresql.core.PGStream.createSocket(PGStream.java:241)
	at org.postgresql.core.PGStream.<init>(PGStream.java:98)
	at org.postgresql.core.v3.ConnectionFactoryImpl.tryConnect(ConnectionFactoryImpl.java:109)
	at org.postgresql.core.v3.ConnectionFactoryImpl.openConnectionImpl(ConnectionFactoryImpl.java:235)
	... 14 more
18-10-2024 08:53 | [ERREUR]
Connexion au serveur de données echoué
org.postgresql.util.PSQLException: La tentative de connexion a échoué.
	at org.postgresql.core.v3.ConnectionFactoryImpl.openConnectionImpl(ConnectionFactoryImpl.java:331)
	at org.postgresql.core.ConnectionFactory.openConnection(ConnectionFactory.java:49)
	at org.postgresql.jdbc.PgConnection.<init>(PgConnection.java:247)
	at org.postgresql.Driver.makeConnection(Driver.java:434)
	at org.postgresql.Driver.connect(Driver.java:291)
	at java.sql/java.sql.DriverManager.getConnection(DriverManager.java:677)
	at java.sql/java.sql.DriverManager.getConnection(DriverManager.java:228)
	at com.lymytz.lymytzsell.dao.RemoteDao.<init>(RemoteDao.java:48)
	at com.lymytz.lymytzsell.dao.RemoteDao.getInstance(RemoteDao.java:82)
	at com.lymytz.lymytzsell.dao.RemoteDao.getInstance(RemoteDao.java:59)
	at com.lymytz.lymytzsell.dao.query.RQueryFactories.insertInfoServeur(RQueryFactories.java:390)
	at com.lymytz.lymytzsell.service.utils.UtilsProject.initDataR(UtilsProject.java:317)
	at com.lymytz.lymytzsell.service.utils.UtilsProject.loadInitData(UtilsProject.java:366)
	at com.lymytz.lymytzsell.service.start.StartController.lambda$loadInitData$2(StartController.java:335)
	at java.base/java.lang.Thread.run(Thread.java:829)
Caused by: java.net.NoRouteToHostException: Aucun chemin d'accès pour atteindre l'hôte cible (Host unreachable)
	at java.base/java.net.PlainSocketImpl.socketConnect(Native Method)
	at java.base/java.net.AbstractPlainSocketImpl.doConnect(AbstractPlainSocketImpl.java:412)
	at java.base/java.net.AbstractPlainSocketImpl.connectToAddress(AbstractPlainSocketImpl.java:255)
	at java.base/java.net.AbstractPlainSocketImpl.connect(AbstractPlainSocketImpl.java:237)
	at java.base/java.net.SocksSocketImpl.connect(SocksSocketImpl.java:392)
	at java.base/java.net.Socket.connect(Socket.java:609)
	at org.postgresql.core.PGStream.createSocket(PGStream.java:241)
	at org.postgresql.core.PGStream.<init>(PGStream.java:98)
	at org.postgresql.core.v3.ConnectionFactoryImpl.tryConnect(ConnectionFactoryImpl.java:109)
	at org.postgresql.core.v3.ConnectionFactoryImpl.openConnectionImpl(ConnectionFactoryImpl.java:235)
	... 14 more
18-10-2024 08:53 | [INFO]SELECT DISTINCT d.id,e.id, d.type_doc, d.statut, d.num_doc, d.nom_client, d.date_save, d.statut_livre, d.statut_regle, cl.nom, cl.prenom, e.date_entete, di.libele, cc.code, d.date_livraison_prevu, ds.id_distant, l.to_listen ,get_ttc_vente(d.id) FROM yvs_com_doc_ventes d INNER JOIN yvs_com_entete_doc_vente e ON e.id=d.entete_doc INNER JOIN yvs_com_creneau_horaire_users cr ON cr.id=e.creneau INNER JOIN yvs_com_client cl ON cl.id=d.client INNER JOIN yvs_base_categorie_comptable cc ON cc.id=d.categorie_comptable LEFT JOIN yvs_dictionnaire di ON di.id=d.adresse LEFT JOIN yvs_synchro_listen_table l ON (l.id_source=d.id AND l.name_table='yvs_com_doc_ventes') LEFT JOIN yvs_synchro_data_synchro ds ON ds.id_listen=l.id WHERE d.type_doc=? AND d.statut!=? AND e.id= ? ORDER BY d.type_doc, d.num_doc 
18-10-2024 08:53 | [ERREUR]
Impossible de trouver l'En-tête de la facture
18-10-2024 08:53 | [ERREUR]

java.lang.NullPointerException
	at com.lymytz.lymytzsell.service.application.synchro.export.UtilExport.exportDocVente(UtilExport.java:444)
	at com.lymytz.lymytzsell.service.application.service.ServiceLivraison.saveLivraison(ServiceLivraison.java:52)
	at com.lymytz.lymytzsell.view.main.HomeCaisseController.saveOrGenerateBl(HomeCaisseController.java:1210)
	at com.lymytz.lymytzsell.view.main.HomeCaisseController.livrerFacture(HomeCaisseController.java:1203)
	at java.base/jdk.internal.reflect.NativeMethodAccessorImpl.invoke0(Native Method)
	at java.base/jdk.internal.reflect.NativeMethodAccessorImpl.invoke(NativeMethodAccessorImpl.java:62)
	at java.base/jdk.internal.reflect.DelegatingMethodAccessorImpl.invoke(DelegatingMethodAccessorImpl.java:43)
	at java.base/java.lang.reflect.Method.invoke(Method.java:566)
	at com.sun.javafx.reflect.Trampoline.invoke(MethodUtil.java:77)
	at jdk.internal.reflect.GeneratedMethodAccessor3.invoke(Unknown Source)
	at java.base/jdk.internal.reflect.DelegatingMethodAccessorImpl.invoke(DelegatingMethodAccessorImpl.java:43)
	at java.base/java.lang.reflect.Method.invoke(Method.java:566)
	at javafx.base/com.sun.javafx.reflect.MethodUtil.invoke(MethodUtil.java:275)
	at javafx.fxml/com.sun.javafx.fxml.MethodHelper.invoke(MethodHelper.java:84)
	at javafx.fxml/javafx.fxml.FXMLLoader$MethodHandler.invoke(FXMLLoader.java:1852)
	at javafx.fxml/javafx.fxml.FXMLLoader$ControllerMethodEventHandler.handle(FXMLLoader.java:1724)
	at javafx.base/com.sun.javafx.event.CompositeEventHandler.dispatchBubblingEvent(CompositeEventHandler.java:86)
	at javafx.base/com.sun.javafx.event.EventHandlerManager.dispatchBubblingEvent(EventHandlerManager.java:234)
	at javafx.base/com.sun.javafx.event.EventHandlerManager.dispatchBubblingEvent(EventHandlerManager.java:191)
	at javafx.base/com.sun.javafx.event.CompositeEventDispatcher.dispatchBubblingEvent(CompositeEventDispatcher.java:59)
	at javafx.base/com.sun.javafx.event.BasicEventDispatcher.dispatchEvent(BasicEventDispatcher.java:58)
	at javafx.base/com.sun.javafx.event.EventDispatchChainImpl.dispatchEvent(EventDispatchChainImpl.java:114)
	at javafx.base/com.sun.javafx.event.BasicEventDispatcher.dispatchEvent(BasicEventDispatcher.java:56)
	at javafx.base/com.sun.javafx.event.EventDispatchChainImpl.dispatchEvent(EventDispatchChainImpl.java:114)
	at javafx.base/com.sun.javafx.event.BasicEventDispatcher.dispatchEvent(BasicEventDispatcher.java:56)
	at javafx.base/com.sun.javafx.event.EventDispatchChainImpl.dispatchEvent(EventDispatchChainImpl.java:114)
	at javafx.base/com.sun.javafx.event.BasicEventDispatcher.dispatchEvent(BasicEventDispatcher.java:56)
	at javafx.base/com.sun.javafx.event.EventDispatchChainImpl.dispatchEvent(EventDispatchChainImpl.java:114)
	at javafx.base/com.sun.javafx.event.EventUtil.fireEventImpl(EventUtil.java:74)
	at javafx.base/com.sun.javafx.event.EventUtil.fireEvent(EventUtil.java:49)
	at javafx.base/javafx.event.Event.fireEvent(Event.java:198)
	at javafx.graphics/javafx.scene.Node.fireEvent(Node.java:8792)
	at javafx.controls/javafx.scene.control.Button.fire(Button.java:203)
	at javafx.controls/com.sun.javafx.scene.control.behavior.ButtonBehavior.mouseReleased(ButtonBehavior.java:208)
	at javafx.controls/com.sun.javafx.scene.control.inputmap.InputMap.handle(InputMap.java:274)
	at javafx.base/com.sun.javafx.event.CompositeEventHandler$NormalEventHandlerRecord.handleBubblingEvent(CompositeEventHandler.java:247)
	at javafx.base/com.sun.javafx.event.CompositeEventHandler.dispatchBubblingEvent(CompositeEventHandler.java:80)
	at javafx.base/com.sun.javafx.event.EventHandlerManager.dispatchBubblingEvent(EventHandlerManager.java:234)
	at javafx.base/com.sun.javafx.event.EventHandlerManager.dispatchBubblingEvent(EventHandlerManager.java:191)
	at javafx.base/com.sun.javafx.event.CompositeEventDispatcher.dispatchBubblingEvent(CompositeEventDispatcher.java:59)
	at javafx.base/com.sun.javafx.event.BasicEventDispatcher.dispatchEvent(BasicEventDispatcher.java:58)
	at javafx.base/com.sun.javafx.event.EventDispatchChainImpl.dispatchEvent(EventDispatchChainImpl.java:114)
	at javafx.base/com.sun.javafx.event.BasicEventDispatcher.dispatchEvent(BasicEventDispatcher.java:56)
	at javafx.base/com.sun.javafx.event.EventDispatchChainImpl.dispatchEvent(EventDispatchChainImpl.java:114)
	at javafx.base/com.sun.javafx.event.BasicEventDispatcher.dispatchEvent(BasicEventDispatcher.java:56)
	at javafx.base/com.sun.javafx.event.EventDispatchChainImpl.dispatchEvent(EventDispatchChainImpl.java:114)
	at javafx.base/com.sun.javafx.event.BasicEventDispatcher.dispatchEvent(BasicEventDispatcher.java:56)
	at javafx.base/com.sun.javafx.event.EventDispatchChainImpl.dispatchEvent(EventDispatchChainImpl.java:114)
	at javafx.base/com.sun.javafx.event.EventUtil.fireEventImpl(EventUtil.java:74)
	at javafx.base/com.sun.javafx.event.EventUtil.fireEvent(EventUtil.java:54)
	at javafx.base/javafx.event.Event.fireEvent(Event.java:198)
	at javafx.graphics/javafx.scene.Scene$MouseHandler.process(Scene.java:3897)
	at javafx.graphics/javafx.scene.Scene.processMouseEvent(Scene.java:1878)
	at javafx.graphics/javafx.scene.Scene$ScenePeerListener.mouseEvent(Scene.java:2623)
	at javafx.graphics/com.sun.javafx.tk.quantum.GlassViewEventHandler$MouseEventNotification.run(GlassViewEventHandler.java:411)
	at javafx.graphics/com.sun.javafx.tk.quantum.GlassViewEventHandler$MouseEventNotification.run(GlassViewEventHandler.java:301)
	at java.base/java.security.AccessController.doPrivileged(Native Method)
	at javafx.graphics/com.sun.javafx.tk.quantum.GlassViewEventHandler.lambda$handleMouseEvent$2(GlassViewEventHandler.java:450)
	at javafx.graphics/com.sun.javafx.tk.quantum.QuantumToolkit.runWithoutRenderLock(QuantumToolkit.java:423)
	at javafx.graphics/com.sun.javafx.tk.quantum.GlassViewEventHandler.handleMouseEvent(GlassViewEventHandler.java:449)
	at javafx.graphics/com.sun.glass.ui.View.handleMouseEvent(View.java:551)
	at javafx.graphics/com.sun.glass.ui.View.notifyMouse(View.java:937)
	at javafx.graphics/com.sun.glass.ui.gtk.GtkApplication._runLoop(Native Method)
	at javafx.graphics/com.sun.glass.ui.gtk.GtkApplication.lambda$runLoop$11(GtkApplication.java:290)
	at java.base/java.lang.Thread.run(Thread.java:829)
18-10-2024 08:54 | [ERREUR]

java.lang.NullPointerException
	at com.lymytz.lymytzsell.synchro.ws.WsSynchro.livraisonDocVente(WsSynchro.java:249)
	at com.lymytz.lymytzsell.service.application.service.ServiceLivraison.saveLivraison(ServiceLivraison.java:53)
	at com.lymytz.lymytzsell.view.main.HomeCaisseController.saveOrGenerateBl(HomeCaisseController.java:1210)
	at com.lymytz.lymytzsell.view.main.HomeCaisseController.livrerFacture(HomeCaisseController.java:1203)
	at java.base/jdk.internal.reflect.NativeMethodAccessorImpl.invoke0(Native Method)
	at java.base/jdk.internal.reflect.NativeMethodAccessorImpl.invoke(NativeMethodAccessorImpl.java:62)
	at java.base/jdk.internal.reflect.DelegatingMethodAccessorImpl.invoke(DelegatingMethodAccessorImpl.java:43)
	at java.base/java.lang.reflect.Method.invoke(Method.java:566)
	at com.sun.javafx.reflect.Trampoline.invoke(MethodUtil.java:77)
	at jdk.internal.reflect.GeneratedMethodAccessor3.invoke(Unknown Source)
	at java.base/jdk.internal.reflect.DelegatingMethodAccessorImpl.invoke(DelegatingMethodAccessorImpl.java:43)
	at java.base/java.lang.reflect.Method.invoke(Method.java:566)
	at javafx.base/com.sun.javafx.reflect.MethodUtil.invoke(MethodUtil.java:275)
	at javafx.fxml/com.sun.javafx.fxml.MethodHelper.invoke(MethodHelper.java:84)
	at javafx.fxml/javafx.fxml.FXMLLoader$MethodHandler.invoke(FXMLLoader.java:1852)
	at javafx.fxml/javafx.fxml.FXMLLoader$ControllerMethodEventHandler.handle(FXMLLoader.java:1724)
	at javafx.base/com.sun.javafx.event.CompositeEventHandler.dispatchBubblingEvent(CompositeEventHandler.java:86)
	at javafx.base/com.sun.javafx.event.EventHandlerManager.dispatchBubblingEvent(EventHandlerManager.java:234)
	at javafx.base/com.sun.javafx.event.EventHandlerManager.dispatchBubblingEvent(EventHandlerManager.java:191)
	at javafx.base/com.sun.javafx.event.CompositeEventDispatcher.dispatchBubblingEvent(CompositeEventDispatcher.java:59)
	at javafx.base/com.sun.javafx.event.BasicEventDispatcher.dispatchEvent(BasicEventDispatcher.java:58)
	at javafx.base/com.sun.javafx.event.EventDispatchChainImpl.dispatchEvent(EventDispatchChainImpl.java:114)
	at javafx.base/com.sun.javafx.event.BasicEventDispatcher.dispatchEvent(BasicEventDispatcher.java:56)
	at javafx.base/com.sun.javafx.event.EventDispatchChainImpl.dispatchEvent(EventDispatchChainImpl.java:114)
	at javafx.base/com.sun.javafx.event.BasicEventDispatcher.dispatchEvent(BasicEventDispatcher.java:56)
	at javafx.base/com.sun.javafx.event.EventDispatchChainImpl.dispatchEvent(EventDispatchChainImpl.java:114)
	at javafx.base/com.sun.javafx.event.BasicEventDispatcher.dispatchEvent(BasicEventDispatcher.java:56)
	at javafx.base/com.sun.javafx.event.EventDispatchChainImpl.dispatchEvent(EventDispatchChainImpl.java:114)
	at javafx.base/com.sun.javafx.event.EventUtil.fireEventImpl(EventUtil.java:74)
	at javafx.base/com.sun.javafx.event.EventUtil.fireEvent(EventUtil.java:49)
	at javafx.base/javafx.event.Event.fireEvent(Event.java:198)
	at javafx.graphics/javafx.scene.Node.fireEvent(Node.java:8792)
	at javafx.controls/javafx.scene.control.Button.fire(Button.java:203)
	at javafx.controls/com.sun.javafx.scene.control.behavior.ButtonBehavior.mouseReleased(ButtonBehavior.java:208)
	at javafx.controls/com.sun.javafx.scene.control.inputmap.InputMap.handle(InputMap.java:274)
	at javafx.base/com.sun.javafx.event.CompositeEventHandler$NormalEventHandlerRecord.handleBubblingEvent(CompositeEventHandler.java:247)
	at javafx.base/com.sun.javafx.event.CompositeEventHandler.dispatchBubblingEvent(CompositeEventHandler.java:80)
	at javafx.base/com.sun.javafx.event.EventHandlerManager.dispatchBubblingEvent(EventHandlerManager.java:234)
	at javafx.base/com.sun.javafx.event.EventHandlerManager.dispatchBubblingEvent(EventHandlerManager.java:191)
	at javafx.base/com.sun.javafx.event.CompositeEventDispatcher.dispatchBubblingEvent(CompositeEventDispatcher.java:59)
	at javafx.base/com.sun.javafx.event.BasicEventDispatcher.dispatchEvent(BasicEventDispatcher.java:58)
	at javafx.base/com.sun.javafx.event.EventDispatchChainImpl.dispatchEvent(EventDispatchChainImpl.java:114)
	at javafx.base/com.sun.javafx.event.BasicEventDispatcher.dispatchEvent(BasicEventDispatcher.java:56)
	at javafx.base/com.sun.javafx.event.EventDispatchChainImpl.dispatchEvent(EventDispatchChainImpl.java:114)
	at javafx.base/com.sun.javafx.event.BasicEventDispatcher.dispatchEvent(BasicEventDispatcher.java:56)
	at javafx.base/com.sun.javafx.event.EventDispatchChainImpl.dispatchEvent(EventDispatchChainImpl.java:114)
	at javafx.base/com.sun.javafx.event.BasicEventDispatcher.dispatchEvent(BasicEventDispatcher.java:56)
	at javafx.base/com.sun.javafx.event.EventDispatchChainImpl.dispatchEvent(EventDispatchChainImpl.java:114)
	at javafx.base/com.sun.javafx.event.EventUtil.fireEventImpl(EventUtil.java:74)
	at javafx.base/com.sun.javafx.event.EventUtil.fireEvent(EventUtil.java:54)
	at javafx.base/javafx.event.Event.fireEvent(Event.java:198)
	at javafx.graphics/javafx.scene.Scene$MouseHandler.process(Scene.java:3897)
	at javafx.graphics/javafx.scene.Scene.processMouseEvent(Scene.java:1878)
	at javafx.graphics/javafx.scene.Scene$ScenePeerListener.mouseEvent(Scene.java:2623)
	at javafx.graphics/com.sun.javafx.tk.quantum.GlassViewEventHandler$MouseEventNotification.run(GlassViewEventHandler.java:411)
	at javafx.graphics/com.sun.javafx.tk.quantum.GlassViewEventHandler$MouseEventNotification.run(GlassViewEventHandler.java:301)
	at java.base/java.security.AccessController.doPrivileged(Native Method)
	at javafx.graphics/com.sun.javafx.tk.quantum.GlassViewEventHandler.lambda$handleMouseEvent$2(GlassViewEventHandler.java:450)
	at javafx.graphics/com.sun.javafx.tk.quantum.QuantumToolkit.runWithoutRenderLock(QuantumToolkit.java:423)
	at javafx.graphics/com.sun.javafx.tk.quantum.GlassViewEventHandler.handleMouseEvent(GlassViewEventHandler.java:449)
	at javafx.graphics/com.sun.glass.ui.View.handleMouseEvent(View.java:551)
	at javafx.graphics/com.sun.glass.ui.View.notifyMouse(View.java:937)
	at javafx.graphics/com.sun.glass.ui.gtk.GtkApplication._runLoop(Native Method)
	at javafx.graphics/com.sun.glass.ui.gtk.GtkApplication.lambda$runLoop$11(GtkApplication.java:290)
	at java.base/java.lang.Thread.run(Thread.java:829)
19-10-2024 02:53 | [INFO]Ouverture de l'application...
19-10-2024 02:53 | [AVERTISSEMENT]Votre version de java ne supporte pas le systèm Tray...
19-10-2024 02:53 | [ERREUR]
Connexion au serveur de données echoué
org.postgresql.util.PSQLException: La tentative de connexion a échoué.
	at org.postgresql.core.v3.ConnectionFactoryImpl.openConnectionImpl(ConnectionFactoryImpl.java:331)
	at org.postgresql.core.ConnectionFactory.openConnection(ConnectionFactory.java:49)
	at org.postgresql.jdbc.PgConnection.<init>(PgConnection.java:247)
	at org.postgresql.Driver.makeConnection(Driver.java:434)
	at org.postgresql.Driver.connect(Driver.java:291)
	at java.sql/java.sql.DriverManager.getConnection(DriverManager.java:677)
	at java.sql/java.sql.DriverManager.getConnection(DriverManager.java:228)
	at com.lymytz.lymytzsell.dao.RemoteDao.<init>(RemoteDao.java:48)
	at com.lymytz.lymytzsell.dao.RemoteDao.getInstance(RemoteDao.java:82)
	at com.lymytz.lymytzsell.dao.RemoteDao.getInstance(RemoteDao.java:59)
	at com.lymytz.lymytzsell.dao.query.RQueryFactories.getIdServer(RQueryFactories.java:65)
	at com.lymytz.lymytzsell.service.utils.UtilsProject.initDataR(UtilsProject.java:314)
	at com.lymytz.lymytzsell.service.utils.UtilsProject.loadInitData(UtilsProject.java:366)
	at com.lymytz.lymytzsell.service.start.StartController.lambda$loadInitData$2(StartController.java:335)
	at java.base/java.lang.Thread.run(Thread.java:829)
Caused by: java.net.NoRouteToHostException: Aucun chemin d'accès pour atteindre l'hôte cible (Host unreachable)
	at java.base/java.net.PlainSocketImpl.socketConnect(Native Method)
	at java.base/java.net.AbstractPlainSocketImpl.doConnect(AbstractPlainSocketImpl.java:412)
	at java.base/java.net.AbstractPlainSocketImpl.connectToAddress(AbstractPlainSocketImpl.java:255)
	at java.base/java.net.AbstractPlainSocketImpl.connect(AbstractPlainSocketImpl.java:237)
	at java.base/java.net.SocksSocketImpl.connect(SocksSocketImpl.java:392)
	at java.base/java.net.Socket.connect(Socket.java:609)
	at org.postgresql.core.PGStream.createSocket(PGStream.java:241)
	at org.postgresql.core.PGStream.<init>(PGStream.java:98)
	at org.postgresql.core.v3.ConnectionFactoryImpl.tryConnect(ConnectionFactoryImpl.java:109)
	at org.postgresql.core.v3.ConnectionFactoryImpl.openConnectionImpl(ConnectionFactoryImpl.java:235)
	... 14 more
19-10-2024 02:53 | [ERREUR]
Connexion au serveur de données echoué
org.postgresql.util.PSQLException: La tentative de connexion a échoué.
	at org.postgresql.core.v3.ConnectionFactoryImpl.openConnectionImpl(ConnectionFactoryImpl.java:331)
	at org.postgresql.core.ConnectionFactory.openConnection(ConnectionFactory.java:49)
	at org.postgresql.jdbc.PgConnection.<init>(PgConnection.java:247)
	at org.postgresql.Driver.makeConnection(Driver.java:434)
	at org.postgresql.Driver.connect(Driver.java:291)
	at java.sql/java.sql.DriverManager.getConnection(DriverManager.java:677)
	at java.sql/java.sql.DriverManager.getConnection(DriverManager.java:228)
	at com.lymytz.lymytzsell.dao.RemoteDao.<init>(RemoteDao.java:48)
	at com.lymytz.lymytzsell.dao.RemoteDao.getInstance(RemoteDao.java:82)
	at com.lymytz.lymytzsell.dao.RemoteDao.getInstance(RemoteDao.java:59)
	at com.lymytz.lymytzsell.dao.query.RQueryFactories.insertInfoServeur(RQueryFactories.java:390)
	at com.lymytz.lymytzsell.service.utils.UtilsProject.initDataR(UtilsProject.java:317)
	at com.lymytz.lymytzsell.service.utils.UtilsProject.loadInitData(UtilsProject.java:366)
	at com.lymytz.lymytzsell.service.start.StartController.lambda$loadInitData$2(StartController.java:335)
	at java.base/java.lang.Thread.run(Thread.java:829)
Caused by: java.net.NoRouteToHostException: Aucun chemin d'accès pour atteindre l'hôte cible (Host unreachable)
	at java.base/java.net.PlainSocketImpl.socketConnect(Native Method)
	at java.base/java.net.AbstractPlainSocketImpl.doConnect(AbstractPlainSocketImpl.java:412)
	at java.base/java.net.AbstractPlainSocketImpl.connectToAddress(AbstractPlainSocketImpl.java:255)
	at java.base/java.net.AbstractPlainSocketImpl.connect(AbstractPlainSocketImpl.java:237)
	at java.base/java.net.SocksSocketImpl.connect(SocksSocketImpl.java:392)
	at java.base/java.net.Socket.connect(Socket.java:609)
	at org.postgresql.core.PGStream.createSocket(PGStream.java:241)
	at org.postgresql.core.PGStream.<init>(PGStream.java:98)
	at org.postgresql.core.v3.ConnectionFactoryImpl.tryConnect(ConnectionFactoryImpl.java:109)
	at org.postgresql.core.v3.ConnectionFactoryImpl.openConnectionImpl(ConnectionFactoryImpl.java:235)
	... 14 more
19-10-2024 02:57 | [INFO]Ouverture de l'application...
19-10-2024 02:57 | [AVERTISSEMENT]Votre version de java ne supporte pas le systèm Tray...
19-10-2024 03:00 | [INFO]Ouverture de l'application...
19-10-2024 03:00 | [AVERTISSEMENT]Votre version de java ne supporte pas le systèm Tray...
19-10-2024 03:09 | [INFO]Ouverture de l'application...
19-10-2024 03:09 | [AVERTISSEMENT]Votre version de java ne supporte pas le systèm Tray...
19-10-2024 03:09 | [ERREUR]
Echec de l'execution de la requete: SELECT 1
javax.persistence.PersistenceException: Exception [EclipseLink-28019] (Eclipse Persistence Services - 2.7.9.v20210604-2c549e2208): org.eclipse.persistence.exceptions.EntityManagerSetupException
Exception Description: Deployment of PersistenceUnit [LYMYTZ_PU] failed. Close all factories for this PersistenceUnit.
Internal Exception: Exception [EclipseLink-0] (Eclipse Persistence Services - 2.7.9.v20210604-2c549e2208): org.eclipse.persistence.exceptions.IntegrityException
Descriptor Exceptions: 
---------------------------------------------------------

Exception [EclipseLink-63] (Eclipse Persistence Services - 2.7.9.v20210604-2c549e2208): org.eclipse.persistence.exceptions.DescriptorException
Exception Description: The instance creation method [com.lymytz.lymytzsell.dao.entity.YvsDictionnaire.<Default Constructor>], with no parameters, does not exist, or is not accessible.
Internal Exception: java.lang.NoSuchMethodException: com.lymytz.lymytzsell.dao.entity.YvsDictionnaire.<init>()
Descriptor: RelationalDescriptor(com.lymytz.lymytzsell.dao.entity.YvsDictionnaire --> [DatabaseTable(yvs_dictionnaire)])

Runtime Exceptions: 
---------------------------------------------------------

	at org.eclipse.persistence.internal.jpa.EntityManagerSetupImpl.createDeployFailedPersistenceException(EntityManagerSetupImpl.java:912)
	at org.eclipse.persistence.internal.jpa.EntityManagerSetupImpl.deploy(EntityManagerSetupImpl.java:852)
	at org.eclipse.persistence.internal.jpa.EntityManagerFactoryDelegate.getAbstractSession(EntityManagerFactoryDelegate.java:222)
	at org.eclipse.persistence.internal.jpa.EntityManagerFactoryDelegate.createEntityManagerImpl(EntityManagerFactoryDelegate.java:330)
	at org.eclipse.persistence.internal.jpa.EntityManagerFactoryImpl.createEntityManagerImpl(EntityManagerFactoryImpl.java:350)
	at org.eclipse.persistence.internal.jpa.EntityManagerFactoryImpl.createEntityManager(EntityManagerFactoryImpl.java:313)
	at com.lymytz.lymytzsell.dao.query.LocalQueryFactories.pingServer(LocalQueryFactories.java:50)
	at com.lymytz.lymytzsell.service.start.StartController.controleConnection(StartController.java:249)
	at com.lymytz.lymytzsell.service.start.StartController.openApplication(StartController.java:114)
	at com.lymytz.lymytzsell.service.start.StartController.connectToApps(StartController.java:103)
	at java.base/jdk.internal.reflect.NativeMethodAccessorImpl.invoke0(Native Method)
	at java.base/jdk.internal.reflect.NativeMethodAccessorImpl.invoke(NativeMethodAccessorImpl.java:62)
	at java.base/jdk.internal.reflect.DelegatingMethodAccessorImpl.invoke(DelegatingMethodAccessorImpl.java:43)
	at java.base/java.lang.reflect.Method.invoke(Method.java:566)
	at com.sun.javafx.reflect.Trampoline.invoke(MethodUtil.java:77)
	at jdk.internal.reflect.GeneratedMethodAccessor3.invoke(Unknown Source)
	at java.base/jdk.internal.reflect.DelegatingMethodAccessorImpl.invoke(DelegatingMethodAccessorImpl.java:43)
	at java.base/java.lang.reflect.Method.invoke(Method.java:566)
	at javafx.base/com.sun.javafx.reflect.MethodUtil.invoke(MethodUtil.java:275)
	at javafx.fxml/com.sun.javafx.fxml.MethodHelper.invoke(MethodHelper.java:84)
	at javafx.fxml/javafx.fxml.FXMLLoader$MethodHandler.invoke(FXMLLoader.java:1852)
	at javafx.fxml/javafx.fxml.FXMLLoader$ControllerMethodEventHandler.handle(FXMLLoader.java:1724)
	at javafx.base/com.sun.javafx.event.CompositeEventHandler.dispatchBubblingEvent(CompositeEventHandler.java:86)
	at javafx.base/com.sun.javafx.event.EventHandlerManager.dispatchBubblingEvent(EventHandlerManager.java:234)
	at javafx.base/com.sun.javafx.event.EventHandlerManager.dispatchBubblingEvent(EventHandlerManager.java:191)
	at javafx.base/com.sun.javafx.event.CompositeEventDispatcher.dispatchBubblingEvent(CompositeEventDispatcher.java:59)
	at javafx.base/com.sun.javafx.event.BasicEventDispatcher.dispatchEvent(BasicEventDispatcher.java:58)
	at javafx.base/com.sun.javafx.event.EventDispatchChainImpl.dispatchEvent(EventDispatchChainImpl.java:114)
	at javafx.base/com.sun.javafx.event.BasicEventDispatcher.dispatchEvent(BasicEventDispatcher.java:56)
	at javafx.base/com.sun.javafx.event.EventDispatchChainImpl.dispatchEvent(EventDispatchChainImpl.java:114)
	at javafx.base/com.sun.javafx.event.BasicEventDispatcher.dispatchEvent(BasicEventDispatcher.java:56)
	at javafx.base/com.sun.javafx.event.EventDispatchChainImpl.dispatchEvent(EventDispatchChainImpl.java:114)
	at javafx.base/com.sun.javafx.event.EventUtil.fireEventImpl(EventUtil.java:74)
	at javafx.base/com.sun.javafx.event.EventUtil.fireEvent(EventUtil.java:49)
	at javafx.base/javafx.event.Event.fireEvent(Event.java:198)
	at javafx.graphics/javafx.scene.Node.fireEvent(Node.java:8792)
	at javafx.controls/javafx.scene.control.Button.fire(Button.java:203)
	at javafx.controls/javafx.scene.control.skin.ButtonSkin.lambda$new$0(ButtonSkin.java:71)
	at javafx.graphics/com.sun.javafx.scene.KeyboardShortcutsHandler.processAccelerators(KeyboardShortcutsHandler.java:382)
	at javafx.graphics/com.sun.javafx.scene.KeyboardShortcutsHandler.dispatchBubblingEvent(KeyboardShortcutsHandler.java:162)
	at javafx.base/com.sun.javafx.event.CompositeEventDispatcher.dispatchBubblingEvent(CompositeEventDispatcher.java:59)
	at javafx.base/com.sun.javafx.event.BasicEventDispatcher.dispatchEvent(BasicEventDispatcher.java:58)
	at javafx.base/com.sun.javafx.event.EventDispatchChainImpl.dispatchEvent(EventDispatchChainImpl.java:114)
	at javafx.base/com.sun.javafx.event.BasicEventDispatcher.dispatchEvent(BasicEventDispatcher.java:56)
	at javafx.base/com.sun.javafx.event.EventDispatchChainImpl.dispatchEvent(EventDispatchChainImpl.java:114)
	at javafx.base/com.sun.javafx.event.EventUtil.fireEventImpl(EventUtil.java:74)
	at javafx.base/com.sun.javafx.event.EventUtil.fireEvent(EventUtil.java:54)
	at javafx.base/javafx.event.Event.fireEvent(Event.java:198)
	at javafx.graphics/javafx.scene.Scene$KeyHandler.process(Scene.java:4105)
	at javafx.graphics/javafx.scene.Scene.processKeyEvent(Scene.java:2156)
	at javafx.graphics/javafx.scene.Scene$ScenePeerListener.keyEvent(Scene.java:2630)
	at javafx.graphics/com.sun.javafx.tk.quantum.GlassViewEventHandler$KeyEventNotification.run(GlassViewEventHandler.java:218)
	at javafx.graphics/com.sun.javafx.tk.quantum.GlassViewEventHandler$KeyEventNotification.run(GlassViewEventHandler.java:150)
	at java.base/java.security.AccessController.doPrivileged(Native Method)
	at javafx.graphics/com.sun.javafx.tk.quantum.GlassViewEventHandler.lambda$handleKeyEvent$1(GlassViewEventHandler.java:250)
	at javafx.graphics/com.sun.javafx.tk.quantum.QuantumToolkit.runWithoutRenderLock(QuantumToolkit.java:423)
	at javafx.graphics/com.sun.javafx.tk.quantum.GlassViewEventHandler.handleKeyEvent(GlassViewEventHandler.java:249)
	at javafx.graphics/com.sun.glass.ui.View.handleKeyEvent(View.java:542)
	at javafx.graphics/com.sun.glass.ui.View.notifyKey(View.java:966)
	at javafx.graphics/com.sun.glass.ui.gtk.GtkApplication._runLoop(Native Method)
	at javafx.graphics/com.sun.glass.ui.gtk.GtkApplication.lambda$runLoop$11(GtkApplication.java:290)
	at java.base/java.lang.Thread.run(Thread.java:829)
Caused by: Exception [EclipseLink-28019] (Eclipse Persistence Services - 2.7.9.v20210604-2c549e2208): org.eclipse.persistence.exceptions.EntityManagerSetupException
Exception Description: Deployment of PersistenceUnit [LYMYTZ_PU] failed. Close all factories for this PersistenceUnit.
Internal Exception: Exception [EclipseLink-0] (Eclipse Persistence Services - 2.7.9.v20210604-2c549e2208): org.eclipse.persistence.exceptions.IntegrityException
Descriptor Exceptions: 
---------------------------------------------------------

Exception [EclipseLink-63] (Eclipse Persistence Services - 2.7.9.v20210604-2c549e2208): org.eclipse.persistence.exceptions.DescriptorException
Exception Description: The instance creation method [com.lymytz.lymytzsell.dao.entity.YvsDictionnaire.<Default Constructor>], with no parameters, does not exist, or is not accessible.
Internal Exception: java.lang.NoSuchMethodException: com.lymytz.lymytzsell.dao.entity.YvsDictionnaire.<init>()
Descriptor: RelationalDescriptor(com.lymytz.lymytzsell.dao.entity.YvsDictionnaire --> [DatabaseTable(yvs_dictionnaire)])

Runtime Exceptions: 
---------------------------------------------------------

	at org.eclipse.persistence.exceptions.EntityManagerSetupException.deployFailed(EntityManagerSetupException.java:241)
	... 62 more
Caused by: Exception [EclipseLink-0] (Eclipse Persistence Services - 2.7.9.v20210604-2c549e2208): org.eclipse.persistence.exceptions.IntegrityException
Descriptor Exceptions: 
---------------------------------------------------------

Exception [EclipseLink-63] (Eclipse Persistence Services - 2.7.9.v20210604-2c549e2208): org.eclipse.persistence.exceptions.DescriptorException
Exception Description: The instance creation method [com.lymytz.lymytzsell.dao.entity.YvsDictionnaire.<Default Constructor>], with no parameters, does not exist, or is not accessible.
Internal Exception: java.lang.NoSuchMethodException: com.lymytz.lymytzsell.dao.entity.YvsDictionnaire.<init>()
Descriptor: RelationalDescriptor(com.lymytz.lymytzsell.dao.entity.YvsDictionnaire --> [DatabaseTable(yvs_dictionnaire)])

Runtime Exceptions: 
---------------------------------------------------------

	at org.eclipse.persistence.internal.sessions.DatabaseSessionImpl.initializeDescriptors(DatabaseSessionImpl.java:762)
	at org.eclipse.persistence.internal.sessions.DatabaseSessionImpl.initializeDescriptors(DatabaseSessionImpl.java:698)
	at org.eclipse.persistence.internal.sessions.DatabaseSessionImpl.initializeDescriptors(DatabaseSessionImpl.java:629)
	at org.eclipse.persistence.internal.sessions.DatabaseSessionImpl.postConnectDatasource(DatabaseSessionImpl.java:868)
	at org.eclipse.persistence.internal.sessions.DatabaseSessionImpl.loginAndDetectDatasource(DatabaseSessionImpl.java:811)
	at org.eclipse.persistence.internal.jpa.EntityManagerFactoryProvider.login(EntityManagerFactoryProvider.java:261)
	at org.eclipse.persistence.internal.jpa.EntityManagerSetupImpl.deploy(EntityManagerSetupImpl.java:773)
	... 60 more
19-10-2024 03:11 | [INFO]Ouverture de l'application...
19-10-2024 03:11 | [AVERTISSEMENT]Votre version de java ne supporte pas le systèm Tray...
19-10-2024 03:13 | [INFO]Ouverture de l'application...
19-10-2024 03:13 | [AVERTISSEMENT]Votre version de java ne supporte pas le systèm Tray...
19-10-2024 03:17 | [INFO]Ouverture de l'application...
19-10-2024 03:17 | [AVERTISSEMENT]Votre version de java ne supporte pas le systèm Tray...
19-10-2024 03:30 | [INFO]Ouverture de l'application...
19-10-2024 03:30 | [AVERTISSEMENT]Votre version de java ne supporte pas le systèm Tray...
19-10-2024 03:31 | [ERREUR]

java.lang.IllegalStateException: InjectionManagerFactory not found.
	at org.glassfish.jersey.internal.inject.Injections.lambda$lookupInjectionManagerFactory$0(Injections.java:98)
	at java.base/java.util.Optional.orElseThrow(Optional.java:408)
	at org.glassfish.jersey.internal.inject.Injections.lookupInjectionManagerFactory(Injections.java:98)
	at org.glassfish.jersey.internal.inject.Injections.createInjectionManager(Injections.java:68)
	at org.glassfish.jersey.client.ClientConfig$State.initRuntime(ClientConfig.java:432)
	at org.glassfish.jersey.internal.util.collection.Values$LazyValueImpl.get(Values.java:341)
	at org.glassfish.jersey.client.ClientConfig.getRuntime(ClientConfig.java:826)
	at org.glassfish.jersey.client.ClientRequest.getConfiguration(ClientRequest.java:285)
	at org.glassfish.jersey.client.JerseyInvocation.validateHttpMethodAndEntity(JerseyInvocation.java:143)
	at org.glassfish.jersey.client.JerseyInvocation.<init>(JerseyInvocation.java:112)
	at org.glassfish.jersey.client.JerseyInvocation.<init>(JerseyInvocation.java:108)
	at org.glassfish.jersey.client.JerseyInvocation.<init>(JerseyInvocation.java:99)
	at org.glassfish.jersey.client.JerseyInvocation$Builder.method(JerseyInvocation.java:445)
	at org.glassfish.jersey.client.JerseyInvocation$Builder.post(JerseyInvocation.java:351)
	at com.lymytz.lymytzsell.synchro.ws.WsSynchro.livraisonDocVente(WsSynchro.java:249)
	at com.lymytz.lymytzsell.service.application.service.ServiceLivraison.saveLivraison(ServiceLivraison.java:53)
	at com.lymytz.lymytzsell.view.main.HomeCaisseController.saveLivraisonAndreglement(HomeCaisseController.java:811)
	at com.lymytz.lymytzsell.view.main.HomeCaisseController.lambda$confirmValideFacture$8(HomeCaisseController.java:657)
	at java.base/java.lang.Thread.run(Thread.java:829)
19-10-2024 03:31 | [ERREUR]
FV/191024/0001, non comptabilisé: Le service de comptabilisation est introuvable
19-10-2024 03:50 | [INFO]Ouverture de l'application...
19-10-2024 03:50 | [AVERTISSEMENT]Votre version de java ne supporte pas le systèm Tray...
19-10-2024 03:51 | [ERREUR]

MultiException stack 1 of 1
java.lang.NoClassDefFoundError: org/glassfish/jersey/internal/l10n/LocalizableMessageFactory$ResourceBundleSupplier
	at org.glassfish.jersey.inject.hk2.JerseyErrorService.onFailure(JerseyErrorService.java:56)
	at org.jvnet.hk2.internal.Utilities.handleErrors(Utilities.java:347)
	at org.jvnet.hk2.internal.ServiceLocatorImpl$10.compute(ServiceLocatorImpl.java:1384)
	at org.jvnet.hk2.internal.ServiceLocatorImpl$10.compute(ServiceLocatorImpl.java:1367)
	at org.glassfish.hk2.utilities.cache.internal.WeakCARCacheImpl.compute(WeakCARCacheImpl.java:105)
	at org.jvnet.hk2.internal.ServiceLocatorImpl.internalGetAllServiceHandles(ServiceLocatorImpl.java:1429)
	at org.jvnet.hk2.internal.ServiceLocatorImpl.getAllServiceHandles(ServiceLocatorImpl.java:1355)
	at org.jvnet.hk2.internal.ServiceLocatorImpl.getAllServiceHandles(ServiceLocatorImpl.java:1343)
	at org.glassfish.jersey.inject.hk2.AbstractHk2InjectionManager.getAllServiceHolders(AbstractHk2InjectionManager.java:134)
	at org.glassfish.jersey.inject.hk2.ImmediateHk2InjectionManager.getAllServiceHolders(ImmediateHk2InjectionManager.java:30)
	at org.glassfish.jersey.internal.inject.Providers.getServiceHolders(Providers.java:337)
	at org.glassfish.jersey.internal.inject.Providers.getCustomProviders(Providers.java:175)
	at org.glassfish.jersey.message.internal.MessageBodyFactory.initialize(MessageBodyFactory.java:238)
	at org.glassfish.jersey.message.internal.MessageBodyFactory$MessageBodyWorkersConfigurator.postInit(MessageBodyFactory.java:136)
	at org.glassfish.jersey.client.ClientConfig$State.lambda$initRuntime$2(ClientConfig.java:470)
	at java.base/java.util.Arrays$ArrayList.forEach(Arrays.java:4390)
	at org.glassfish.jersey.client.ClientConfig$State.initRuntime(ClientConfig.java:470)
	at org.glassfish.jersey.internal.util.collection.Values$LazyValueImpl.get(Values.java:341)
	at org.glassfish.jersey.client.ClientConfig.getRuntime(ClientConfig.java:826)
	at org.glassfish.jersey.client.ClientRequest.getConfiguration(ClientRequest.java:285)
	at org.glassfish.jersey.client.JerseyInvocation.validateHttpMethodAndEntity(JerseyInvocation.java:143)
	at org.glassfish.jersey.client.JerseyInvocation.<init>(JerseyInvocation.java:112)
	at org.glassfish.jersey.client.JerseyInvocation.<init>(JerseyInvocation.java:108)
	at org.glassfish.jersey.client.JerseyInvocation.<init>(JerseyInvocation.java:99)
	at org.glassfish.jersey.client.JerseyInvocation$Builder.method(JerseyInvocation.java:445)
	at org.glassfish.jersey.client.JerseyInvocation$Builder.post(JerseyInvocation.java:351)
	at com.lymytz.lymytzsell.synchro.ws.WsSynchro.livraisonDocVente(WsSynchro.java:240)
	at com.lymytz.lymytzsell.service.application.service.ServiceLivraison.saveLivraison(ServiceLivraison.java:53)
	at com.lymytz.lymytzsell.view.main.HomeCaisseController.saveLivraisonAndreglement(HomeCaisseController.java:811)
	at com.lymytz.lymytzsell.view.main.HomeCaisseController.lambda$confirmValideFacture$8(HomeCaisseController.java:657)
	at java.base/java.lang.Thread.run(Thread.java:829)
Caused by: java.lang.ClassNotFoundException: org.glassfish.jersey.internal.l10n.LocalizableMessageFactory$ResourceBundleSupplier
	at java.base/jdk.internal.loader.BuiltinClassLoader.loadClass(BuiltinClassLoader.java:581)
	at java.base/jdk.internal.loader.ClassLoaders$AppClassLoader.loadClass(ClassLoaders.java:178)
	at java.base/java.lang.ClassLoader.loadClass(ClassLoader.java:527)
	... 31 more
19-10-2024 03:51 | [ERREUR]
FV/191024/0002, non comptabilisé: Le service de comptabilisation est introuvable
19-10-2024 04:21 | [INFO]Ouverture de l'application...
19-10-2024 04:21 | [AVERTISSEMENT]Votre version de java ne supporte pas le systèm Tray...
19-10-2024 04:21 | [ERREUR]

java.lang.IllegalStateException: InjectionManagerFactory not found.
	at org.glassfish.jersey.internal.inject.Injections.lambda$lookupInjectionManagerFactory$0(Injections.java:74)
	at java.base/java.util.Optional.orElseThrow(Optional.java:408)
	at org.glassfish.jersey.internal.inject.Injections.lookupInjectionManagerFactory(Injections.java:74)
	at org.glassfish.jersey.internal.inject.Injections.createInjectionManager(Injections.java:44)
	at org.glassfish.jersey.client.ClientConfig$State.initRuntime(ClientConfig.java:413)
	at org.glassfish.jersey.internal.util.collection.Values$LazyValueImpl.get(Values.java:317)
	at org.glassfish.jersey.client.ClientConfig.getRuntime(ClientConfig.java:819)
	at org.glassfish.jersey.client.ClientRequest.getClientRuntime(ClientRequest.java:176)
	at org.glassfish.jersey.client.ClientRequest.getInjectionManager(ClientRequest.java:567)
	at org.glassfish.jersey.client.JerseyWebTarget.onBuilder(JerseyWebTarget.java:371)
	at org.glassfish.jersey.client.JerseyWebTarget.request(JerseyWebTarget.java:206)
	at org.glassfish.jersey.client.JerseyWebTarget.request(JerseyWebTarget.java:38)
	at com.lymytz.lymytzsell.synchro.ws.WsSynchro.livraisonDocVente(WsSynchro.java:239)
	at com.lymytz.lymytzsell.service.application.service.ServiceLivraison.saveLivraison(ServiceLivraison.java:53)
	at com.lymytz.lymytzsell.view.main.HomeCaisseController.saveLivraisonAndreglement(HomeCaisseController.java:811)
	at com.lymytz.lymytzsell.view.main.HomeCaisseController.lambda$confirmValideFacture$8(HomeCaisseController.java:657)
	at java.base/java.lang.Thread.run(Thread.java:829)
19-10-2024 04:21 | [ERREUR]
FV/191024/0003, non comptabilisé: Le service de comptabilisation est introuvable
19-10-2024 04:22 | [ERREUR]

java.lang.IllegalStateException: InjectionManagerFactory not found.
	at org.glassfish.jersey.internal.inject.Injections.lambda$lookupInjectionManagerFactory$0(Injections.java:74)
	at java.base/java.util.Optional.orElseThrow(Optional.java:408)
	at org.glassfish.jersey.internal.inject.Injections.lookupInjectionManagerFactory(Injections.java:74)
	at org.glassfish.jersey.internal.inject.Injections.createInjectionManager(Injections.java:44)
	at org.glassfish.jersey.client.ClientConfig$State.initRuntime(ClientConfig.java:413)
	at org.glassfish.jersey.internal.util.collection.Values$LazyValueImpl.get(Values.java:317)
	at org.glassfish.jersey.client.ClientConfig.getRuntime(ClientConfig.java:819)
	at org.glassfish.jersey.client.ClientRequest.getClientRuntime(ClientRequest.java:176)
	at org.glassfish.jersey.client.ClientRequest.getInjectionManager(ClientRequest.java:567)
	at org.glassfish.jersey.client.JerseyWebTarget.onBuilder(JerseyWebTarget.java:371)
	at org.glassfish.jersey.client.JerseyWebTarget.request(JerseyWebTarget.java:206)
	at org.glassfish.jersey.client.JerseyWebTarget.request(JerseyWebTarget.java:38)
	at com.lymytz.lymytzsell.synchro.ws.WsSynchro.livraisonDocVente(WsSynchro.java:239)
	at com.lymytz.lymytzsell.service.application.service.ServiceLivraison.saveLivraison(ServiceLivraison.java:53)
	at com.lymytz.lymytzsell.view.main.HomeCaisseController.saveLivraisonAndreglement(HomeCaisseController.java:811)
	at com.lymytz.lymytzsell.view.main.HomeCaisseController.lambda$confirmValideFacture$8(HomeCaisseController.java:657)
	at java.base/java.lang.Thread.run(Thread.java:829)
19-10-2024 04:22 | [ERREUR]
FV/191024/0004, non comptabilisé: Le service de comptabilisation est introuvable
19-10-2024 04:27 | [INFO]Ouverture de l'application...
19-10-2024 04:27 | [AVERTISSEMENT]Votre version de java ne supporte pas le systèm Tray...
19-10-2024 04:28 | [ERREUR]

java.lang.IllegalStateException: InjectionManagerFactory not found.
	at org.glassfish.jersey.internal.inject.Injections.lambda$lookupInjectionManagerFactory$0(Injections.java:98)
	at java.base/java.util.Optional.orElseThrow(Optional.java:408)
	at org.glassfish.jersey.internal.inject.Injections.lookupInjectionManagerFactory(Injections.java:98)
	at org.glassfish.jersey.internal.inject.Injections.createInjectionManager(Injections.java:68)
	at org.glassfish.jersey.client.ClientConfig$State.initRuntime(ClientConfig.java:400)
	at org.glassfish.jersey.internal.util.collection.Values$LazyValueImpl.get(Values.java:340)
	at org.glassfish.jersey.client.ClientConfig.getRuntime(ClientConfig.java:745)
	at org.glassfish.jersey.client.ClientRequest.getConfiguration(ClientRequest.java:285)
	at org.glassfish.jersey.client.JerseyInvocation.validateHttpMethodAndEntity(JerseyInvocation.java:142)
	at org.glassfish.jersey.client.JerseyInvocation.<init>(JerseyInvocation.java:111)
	at org.glassfish.jersey.client.JerseyInvocation.<init>(JerseyInvocation.java:107)
	at org.glassfish.jersey.client.JerseyInvocation.<init>(JerseyInvocation.java:98)
	at org.glassfish.jersey.client.JerseyInvocation$Builder.method(JerseyInvocation.java:444)
	at org.glassfish.jersey.client.JerseyInvocation$Builder.post(JerseyInvocation.java:350)
	at com.lymytz.lymytzsell.synchro.ws.WsSynchro.livraisonDocVente(WsSynchro.java:240)
	at com.lymytz.lymytzsell.service.application.service.ServiceLivraison.saveLivraison(ServiceLivraison.java:53)
	at com.lymytz.lymytzsell.view.main.HomeCaisseController.saveLivraisonAndreglement(HomeCaisseController.java:811)
	at com.lymytz.lymytzsell.view.main.HomeCaisseController.lambda$confirmValideFacture$8(HomeCaisseController.java:657)
	at java.base/java.lang.Thread.run(Thread.java:829)
19-10-2024 04:28 | [ERREUR]
FV/191024/0005, non comptabilisé: Le service de comptabilisation est introuvable
19-10-2024 04:32 | [INFO]Ouverture de l'application...
19-10-2024 04:32 | [AVERTISSEMENT]Votre version de java ne supporte pas le systèm Tray...
19-10-2024 04:33 | [ERREUR]

java.lang.IllegalStateException: InjectionManagerFactory not found.
	at org.glassfish.jersey.internal.inject.Injections.lambda$lookupInjectionManagerFactory$0(Injections.java:98)
	at java.base/java.util.Optional.orElseThrow(Optional.java:408)
	at org.glassfish.jersey.internal.inject.Injections.lookupInjectionManagerFactory(Injections.java:98)
	at org.glassfish.jersey.internal.inject.Injections.createInjectionManager(Injections.java:68)
	at org.glassfish.jersey.client.ClientConfig$State.initRuntime(ClientConfig.java:400)
	at org.glassfish.jersey.internal.util.collection.Values$LazyValueImpl.get(Values.java:340)
	at org.glassfish.jersey.client.ClientConfig.getRuntime(ClientConfig.java:745)
	at org.glassfish.jersey.client.ClientRequest.getConfiguration(ClientRequest.java:285)
	at org.glassfish.jersey.client.JerseyInvocation.validateHttpMethodAndEntity(JerseyInvocation.java:142)
	at org.glassfish.jersey.client.JerseyInvocation.<init>(JerseyInvocation.java:111)
	at org.glassfish.jersey.client.JerseyInvocation.<init>(JerseyInvocation.java:107)
	at org.glassfish.jersey.client.JerseyInvocation.<init>(JerseyInvocation.java:98)
	at org.glassfish.jersey.client.JerseyInvocation$Builder.method(JerseyInvocation.java:444)
	at org.glassfish.jersey.client.JerseyInvocation$Builder.post(JerseyInvocation.java:350)
	at com.lymytz.lymytzsell.synchro.ws.WsSynchro.livraisonDocVente(WsSynchro.java:240)
	at com.lymytz.lymytzsell.service.application.service.ServiceLivraison.saveLivraison(ServiceLivraison.java:53)
	at com.lymytz.lymytzsell.view.main.HomeCaisseController.saveLivraisonAndreglement(HomeCaisseController.java:811)
	at com.lymytz.lymytzsell.view.main.HomeCaisseController.lambda$confirmValideFacture$8(HomeCaisseController.java:657)
	at java.base/java.lang.Thread.run(Thread.java:829)
19-10-2024 04:33 | [ERREUR]
FV/191024/0006, non comptabilisé: Le service de comptabilisation est introuvable
19-10-2024 04:37 | [INFO]Ouverture de l'application...
19-10-2024 04:37 | [AVERTISSEMENT]Votre version de java ne supporte pas le systèm Tray...
19-10-2024 04:38 | [ERREUR]

java.lang.IllegalStateException: WELD-ENV-000016: Missing beans.xml file in META-INF
	at org.jboss.weld.environment.se.Weld.initialize(Weld.java:742)
	at org.jboss.weld.environment.se.Weld.initialize(Weld.java:174)
	at org.glassfish.jersey.inject.cdi.se.CdiSeInjectionManager.completeRegistration(CdiSeInjectionManager.java:253)
	at org.glassfish.jersey.client.ClientConfig$State.initRuntime(ClientConfig.java:468)
	at org.glassfish.jersey.internal.util.collection.Values$LazyValueImpl.get(Values.java:341)
	at org.glassfish.jersey.client.ClientConfig.getRuntime(ClientConfig.java:826)
	at org.glassfish.jersey.client.ClientRequest.getConfiguration(ClientRequest.java:285)
	at org.glassfish.jersey.client.JerseyInvocation.validateHttpMethodAndEntity(JerseyInvocation.java:143)
	at org.glassfish.jersey.client.JerseyInvocation.<init>(JerseyInvocation.java:112)
	at org.glassfish.jersey.client.JerseyInvocation.<init>(JerseyInvocation.java:108)
	at org.glassfish.jersey.client.JerseyInvocation.<init>(JerseyInvocation.java:99)
	at org.glassfish.jersey.client.JerseyInvocation$Builder.method(JerseyInvocation.java:445)
	at org.glassfish.jersey.client.JerseyInvocation$Builder.post(JerseyInvocation.java:351)
	at com.lymytz.lymytzsell.synchro.ws.WsSynchro.livraisonDocVente(WsSynchro.java:240)
	at com.lymytz.lymytzsell.service.application.service.ServiceLivraison.saveLivraison(ServiceLivraison.java:53)
	at com.lymytz.lymytzsell.view.main.HomeCaisseController.saveLivraisonAndreglement(HomeCaisseController.java:811)
	at com.lymytz.lymytzsell.view.main.HomeCaisseController.lambda$confirmValideFacture$8(HomeCaisseController.java:657)
	at java.base/java.lang.Thread.run(Thread.java:829)
19-10-2024 04:38 | [ERREUR]
FV/191024/0007, non comptabilisé: Le service de comptabilisation est introuvable
19-10-2024 04:46 | [INFO]Ouverture de l'application...
19-10-2024 04:46 | [AVERTISSEMENT]Votre version de java ne supporte pas le systèm Tray...
19-10-2024 04:47 | [ERREUR]

java.lang.IllegalStateException: InjectionManagerFactory not found.
	at org.glassfish.jersey.internal.inject.Injections.lambda$lookupInjectionManagerFactory$0(Injections.java:98)
	at java.base/java.util.Optional.orElseThrow(Optional.java:408)
	at org.glassfish.jersey.internal.inject.Injections.lookupInjectionManagerFactory(Injections.java:98)
	at org.glassfish.jersey.internal.inject.Injections.createInjectionManager(Injections.java:68)
	at org.glassfish.jersey.client.ClientConfig$State.initRuntime(ClientConfig.java:432)
	at org.glassfish.jersey.internal.util.collection.Values$LazyValueImpl.get(Values.java:341)
	at org.glassfish.jersey.client.ClientConfig.getRuntime(ClientConfig.java:826)
	at org.glassfish.jersey.client.ClientRequest.getConfiguration(ClientRequest.java:285)
	at org.glassfish.jersey.client.JerseyInvocation.validateHttpMethodAndEntity(JerseyInvocation.java:143)
	at org.glassfish.jersey.client.JerseyInvocation.<init>(JerseyInvocation.java:112)
	at org.glassfish.jersey.client.JerseyInvocation.<init>(JerseyInvocation.java:108)
	at org.glassfish.jersey.client.JerseyInvocation.<init>(JerseyInvocation.java:99)
	at org.glassfish.jersey.client.JerseyInvocation$Builder.method(JerseyInvocation.java:445)
	at org.glassfish.jersey.client.JerseyInvocation$Builder.post(JerseyInvocation.java:351)
	at com.lymytz.lymytzsell.synchro.ws.WsSynchro.livraisonDocVente(WsSynchro.java:240)
	at com.lymytz.lymytzsell.service.application.service.ServiceLivraison.saveLivraison(ServiceLivraison.java:53)
	at com.lymytz.lymytzsell.view.main.HomeCaisseController.saveLivraisonAndreglement(HomeCaisseController.java:811)
	at com.lymytz.lymytzsell.view.main.HomeCaisseController.lambda$confirmValideFacture$8(HomeCaisseController.java:657)
	at java.base/java.lang.Thread.run(Thread.java:829)
19-10-2024 04:47 | [ERREUR]
FV/191024/0008, non comptabilisé: Le service de comptabilisation est introuvable
19-10-2024 04:50 | [INFO]Ouverture de l'application...
19-10-2024 04:50 | [AVERTISSEMENT]Votre version de java ne supporte pas le systèm Tray...
19-10-2024 04:52 | [INFO]Ouverture de l'application...
19-10-2024 04:52 | [AVERTISSEMENT]Votre version de java ne supporte pas le systèm Tray...
19-10-2024 04:53 | [ERREUR]

java.lang.IllegalStateException: InjectionManagerFactory not found.
	at org.glassfish.jersey.internal.inject.Injections.lambda$lookupInjectionManagerFactory$0(Injections.java:98)
	at java.base/java.util.Optional.orElseThrow(Optional.java:408)
	at org.glassfish.jersey.internal.inject.Injections.lookupInjectionManagerFactory(Injections.java:98)
	at org.glassfish.jersey.internal.inject.Injections.createInjectionManager(Injections.java:68)
	at org.glassfish.jersey.client.ClientConfig$State.initRuntime(ClientConfig.java:432)
	at org.glassfish.jersey.internal.util.collection.Values$LazyValueImpl.get(Values.java:341)
	at org.glassfish.jersey.client.ClientConfig.getRuntime(ClientConfig.java:826)
	at org.glassfish.jersey.client.ClientRequest.getConfiguration(ClientRequest.java:285)
	at org.glassfish.jersey.client.JerseyInvocation.validateHttpMethodAndEntity(JerseyInvocation.java:143)
	at org.glassfish.jersey.client.JerseyInvocation.<init>(JerseyInvocation.java:112)
	at org.glassfish.jersey.client.JerseyInvocation.<init>(JerseyInvocation.java:108)
	at org.glassfish.jersey.client.JerseyInvocation.<init>(JerseyInvocation.java:99)
	at org.glassfish.jersey.client.JerseyInvocation$Builder.method(JerseyInvocation.java:445)
	at org.glassfish.jersey.client.JerseyInvocation$Builder.post(JerseyInvocation.java:351)
	at com.lymytz.lymytzsell.synchro.ws.WsSynchro.livraisonDocVente(WsSynchro.java:240)
	at com.lymytz.lymytzsell.service.application.service.ServiceLivraison.saveLivraison(ServiceLivraison.java:53)
	at com.lymytz.lymytzsell.view.main.HomeCaisseController.saveLivraisonAndreglement(HomeCaisseController.java:811)
	at com.lymytz.lymytzsell.view.main.HomeCaisseController.lambda$confirmValideFacture$8(HomeCaisseController.java:657)
	at java.base/java.lang.Thread.run(Thread.java:829)
19-10-2024 04:53 | [ERREUR]
FV/191024/0010, non comptabilisé: Le service de comptabilisation est introuvable
19-10-2024 04:54 | [INFO]Ouverture de l'application...
19-10-2024 04:54 | [AVERTISSEMENT]Votre version de java ne supporte pas le systèm Tray...
19-10-2024 04:55 | [ERREUR]

java.lang.IllegalStateException: InjectionManagerFactory not found.
	at org.glassfish.jersey.internal.inject.Injections.lambda$lookupInjectionManagerFactory$0(Injections.java:98)
	at java.base/java.util.Optional.orElseThrow(Optional.java:408)
	at org.glassfish.jersey.internal.inject.Injections.lookupInjectionManagerFactory(Injections.java:98)
	at org.glassfish.jersey.internal.inject.Injections.createInjectionManager(Injections.java:68)
	at org.glassfish.jersey.client.ClientConfig$State.initRuntime(ClientConfig.java:432)
	at org.glassfish.jersey.internal.util.collection.Values$LazyValueImpl.get(Values.java:341)
	at org.glassfish.jersey.client.ClientConfig.getRuntime(ClientConfig.java:826)
	at org.glassfish.jersey.client.ClientRequest.getConfiguration(ClientRequest.java:285)
	at org.glassfish.jersey.client.JerseyInvocation.validateHttpMethodAndEntity(JerseyInvocation.java:143)
	at org.glassfish.jersey.client.JerseyInvocation.<init>(JerseyInvocation.java:112)
	at org.glassfish.jersey.client.JerseyInvocation.<init>(JerseyInvocation.java:108)
	at org.glassfish.jersey.client.JerseyInvocation.<init>(JerseyInvocation.java:99)
	at org.glassfish.jersey.client.JerseyInvocation$Builder.method(JerseyInvocation.java:445)
	at org.glassfish.jersey.client.JerseyInvocation$Builder.post(JerseyInvocation.java:351)
	at com.lymytz.lymytzsell.synchro.ws.WsSynchro.livraisonDocVente(WsSynchro.java:240)
	at com.lymytz.lymytzsell.service.application.service.ServiceLivraison.saveLivraison(ServiceLivraison.java:53)
	at com.lymytz.lymytzsell.view.main.HomeCaisseController.saveLivraisonAndreglement(HomeCaisseController.java:811)
	at com.lymytz.lymytzsell.view.main.HomeCaisseController.lambda$confirmValideFacture$8(HomeCaisseController.java:657)
	at java.base/java.lang.Thread.run(Thread.java:829)
19-10-2024 04:55 | [ERREUR]
FV/191024/0011, non comptabilisé: Le service de comptabilisation est introuvable
19-10-2024 04:57 | [INFO]Ouverture de l'application...
19-10-2024 04:57 | [AVERTISSEMENT]Votre version de java ne supporte pas le systèm Tray...
19-10-2024 04:57 | [ERREUR]

java.lang.IllegalStateException: WELD-ENV-000016: Missing beans.xml file in META-INF
	at org.jboss.weld.environment.se.Weld.initialize(Weld.java:742)
	at org.jboss.weld.environment.se.Weld.initialize(Weld.java:174)
	at org.glassfish.jersey.inject.cdi.se.CdiSeInjectionManager.completeRegistration(CdiSeInjectionManager.java:253)
	at org.glassfish.jersey.client.ClientConfig$State.initRuntime(ClientConfig.java:468)
	at org.glassfish.jersey.internal.util.collection.Values$LazyValueImpl.get(Values.java:341)
	at org.glassfish.jersey.client.ClientConfig.getRuntime(ClientConfig.java:826)
	at org.glassfish.jersey.client.ClientRequest.getConfiguration(ClientRequest.java:285)
	at org.glassfish.jersey.client.JerseyInvocation.validateHttpMethodAndEntity(JerseyInvocation.java:143)
	at org.glassfish.jersey.client.JerseyInvocation.<init>(JerseyInvocation.java:112)
	at org.glassfish.jersey.client.JerseyInvocation.<init>(JerseyInvocation.java:108)
	at org.glassfish.jersey.client.JerseyInvocation.<init>(JerseyInvocation.java:99)
	at org.glassfish.jersey.client.JerseyInvocation$Builder.method(JerseyInvocation.java:445)
	at org.glassfish.jersey.client.JerseyInvocation$Builder.post(JerseyInvocation.java:351)
	at com.lymytz.lymytzsell.synchro.ws.WsSynchro.livraisonDocVente(WsSynchro.java:240)
	at com.lymytz.lymytzsell.service.application.service.ServiceLivraison.saveLivraison(ServiceLivraison.java:53)
	at com.lymytz.lymytzsell.view.main.HomeCaisseController.saveLivraisonAndreglement(HomeCaisseController.java:811)
	at com.lymytz.lymytzsell.view.main.HomeCaisseController.lambda$confirmValideFacture$8(HomeCaisseController.java:657)
	at java.base/java.lang.Thread.run(Thread.java:829)
19-10-2024 04:58 | [ERREUR]
FV/191024/0012, non comptabilisé: Le service de comptabilisation est introuvable
19-10-2024 05:07 | [INFO]Ouverture de l'application...
19-10-2024 05:07 | [AVERTISSEMENT]Votre version de java ne supporte pas le systèm Tray...
19-10-2024 05:08 | [INFO]Ouverture de l'application...
19-10-2024 05:08 | [AVERTISSEMENT]Votre version de java ne supporte pas le systèm Tray...
19-10-2024 05:09 | [INFO]Ouverture de l'application...
19-10-2024 05:09 | [AVERTISSEMENT]Votre version de java ne supporte pas le systèm Tray...
19-10-2024 05:10 | [ERREUR]

org.jboss.weld.exceptions.DefinitionException: Exception List with 1 exceptions:
Exception 0 :
org.jboss.weld.resources.spi.ResourceLoadingException: Error while loading class org.glassfish.jersey.message.internal.DataSourceProvider
	at org.jboss.weld.resources.ClassTransformer.getBackedAnnotatedType(ClassTransformer.java:183)
	at org.jboss.weld.resources.ClassTransformer.getBackedAnnotatedType(ClassTransformer.java:191)
	at org.jboss.weld.manager.BeanManagerImpl.createAnnotatedType(BeanManagerImpl.java:1118)
	at org.jboss.weld.util.ForwardingBeanManager.createAnnotatedType(ForwardingBeanManager.java:199)
	at org.glassfish.jersey.inject.cdi.se.bean.BeanHelper.registerBean(BeanHelper.java:125)
	at org.glassfish.jersey.inject.cdi.se.SeBeanRegisterExtension.registerBeans(SeBeanRegisterExtension.java:170)
	at java.base/jdk.internal.reflect.NativeMethodAccessorImpl.invoke0(Native Method)
	at java.base/jdk.internal.reflect.NativeMethodAccessorImpl.invoke(NativeMethodAccessorImpl.java:62)
	at java.base/jdk.internal.reflect.DelegatingMethodAccessorImpl.invoke(DelegatingMethodAccessorImpl.java:43)
	at java.base/java.lang.reflect.Method.invoke(Method.java:566)
	at org.jboss.weld.injection.StaticMethodInjectionPoint.invoke(StaticMethodInjectionPoint.java:95)
	at org.jboss.weld.injection.MethodInvocationStrategy$SpecialParamPlusBeanManagerStrategy.invoke(MethodInvocationStrategy.java:144)
	at org.jboss.weld.event.ObserverMethodImpl.sendEvent(ObserverMethodImpl.java:330)
	at org.jboss.weld.event.ExtensionObserverMethodImpl.sendEvent(ExtensionObserverMethodImpl.java:123)
	at org.jboss.weld.event.ObserverMethodImpl.sendEvent(ObserverMethodImpl.java:308)
	at org.jboss.weld.event.ObserverMethodImpl.notify(ObserverMethodImpl.java:286)
	at javax.enterprise.inject.spi.ObserverMethod.notify(ObserverMethod.java:124)
	at org.jboss.weld.util.Observers.notify(Observers.java:166)
	at org.jboss.weld.event.ObserverNotifier.notifySyncObservers(ObserverNotifier.java:285)
	at org.jboss.weld.event.ObserverNotifier.notify(ObserverNotifier.java:273)
	at org.jboss.weld.event.ObserverNotifier.fireEvent(ObserverNotifier.java:177)
	at org.jboss.weld.event.ObserverNotifier.fireEvent(ObserverNotifier.java:171)
	at org.jboss.weld.bootstrap.events.AbstractContainerEvent.fire(AbstractContainerEvent.java:53)
	at org.jboss.weld.bootstrap.events.AbstractDefinitionContainerEvent.fire(AbstractDefinitionContainerEvent.java:44)
	at org.jboss.weld.bootstrap.events.AfterBeanDiscoveryImpl.fire(AfterBeanDiscoveryImpl.java:73)
	at org.jboss.weld.bootstrap.WeldStartup.deployBeans(WeldStartup.java:447)
	at org.jboss.weld.bootstrap.WeldBootstrap.deployBeans(WeldBootstrap.java:83)
	at org.jboss.weld.environment.se.Weld.initialize(Weld.java:770)
	at org.jboss.weld.environment.se.Weld.initialize(Weld.java:174)
	at org.glassfish.jersey.inject.cdi.se.CdiSeInjectionManager.completeRegistration(CdiSeInjectionManager.java:253)
	at org.glassfish.jersey.client.ClientConfig$State.initRuntime(ClientConfig.java:468)
	at org.glassfish.jersey.internal.util.collection.Values$LazyValueImpl.get(Values.java:341)
	at org.glassfish.jersey.client.ClientConfig.getRuntime(ClientConfig.java:826)
	at org.glassfish.jersey.client.ClientRequest.getConfiguration(ClientRequest.java:285)
	at org.glassfish.jersey.client.JerseyInvocation.validateHttpMethodAndEntity(JerseyInvocation.java:143)
	at org.glassfish.jersey.client.JerseyInvocation.<init>(JerseyInvocation.java:112)
	at org.glassfish.jersey.client.JerseyInvocation.<init>(JerseyInvocation.java:108)
	at org.glassfish.jersey.client.JerseyInvocation.<init>(JerseyInvocation.java:99)
	at org.glassfish.jersey.client.JerseyInvocation$Builder.method(JerseyInvocation.java:445)
	at org.glassfish.jersey.client.JerseyInvocation$Builder.post(JerseyInvocation.java:351)
	at com.lymytz.lymytzsell.synchro.ws.WsSynchro.livraisonDocVente(WsSynchro.java:240)
	at com.lymytz.lymytzsell.service.application.service.ServiceLivraison.saveLivraison(ServiceLivraison.java:53)
	at com.lymytz.lymytzsell.view.main.HomeCaisseController.saveLivraisonAndreglement(HomeCaisseController.java:811)
	at com.lymytz.lymytzsell.view.main.HomeCaisseController.lambda$confirmValideFacture$8(HomeCaisseController.java:657)
	at java.base/java.lang.Thread.run(Thread.java:829)
Caused by: java.lang.NoClassDefFoundError: javax/activation/DataSource
	at java.base/java.lang.Class.getDeclaredConstructors0(Native Method)
	at java.base/java.lang.Class.privateGetDeclaredConstructors(Class.java:3137)
	at java.base/java.lang.Class.getDeclaredConstructors(Class.java:2357)
	at org.jboss.weld.annotated.slim.backed.SecurityActions.getDeclaredConstructors(SecurityActions.java:57)
	at org.jboss.weld.annotated.slim.backed.BackedAnnotatedType$BackedAnnotatedConstructors.computeValue(BackedAnnotatedType.java:166)
	at org.jboss.weld.annotated.slim.backed.BackedAnnotatedType$BackedAnnotatedConstructors.computeValue(BackedAnnotatedType.java:163)
	at org.jboss.weld.util.LazyValueHolder.get(LazyValueHolder.java:46)
	at org.jboss.weld.annotated.slim.backed.BackedAnnotatedType$EagerlyInitializedLazyValueHolder.<init>(BackedAnnotatedType.java:159)
	at org.jboss.weld.annotated.slim.backed.BackedAnnotatedType$BackedAnnotatedConstructors.<init>(BackedAnnotatedType.java:163)
	at org.jboss.weld.annotated.slim.backed.BackedAnnotatedType$BackedAnnotatedConstructors.<init>(BackedAnnotatedType.java:163)
	at org.jboss.weld.annotated.slim.backed.BackedAnnotatedType.<init>(BackedAnnotatedType.java:64)
	at org.jboss.weld.annotated.slim.backed.BackedAnnotatedType.of(BackedAnnotatedType.java:47)
	at org.jboss.weld.resources.ClassTransformer$TransformClassToBackedAnnotatedType.apply(ClassTransformer.java:81)
	at org.jboss.weld.resources.ClassTransformer$TransformClassToBackedAnnotatedType.apply(ClassTransformer.java:76)
	at org.jboss.weld.util.cache.ReentrantMapBackedComputingCache.lambda$null$0(ReentrantMapBackedComputingCache.java:55)
	at org.jboss.weld.util.WeakLazyValueHolder$1.computeValue(WeakLazyValueHolder.java:35)
	at org.jboss.weld.util.WeakLazyValueHolder.get(WeakLazyValueHolder.java:53)
	at org.jboss.weld.util.cache.ReentrantMapBackedComputingCache.getValue(ReentrantMapBackedComputingCache.java:72)
	at org.jboss.weld.util.cache.ReentrantMapBackedComputingCache.getCastValue(ReentrantMapBackedComputingCache.java:78)
	at org.jboss.weld.resources.ClassTransformer.getBackedAnnotatedType(ClassTransformer.java:174)
	... 44 more
Caused by: java.lang.ClassNotFoundException: javax.activation.DataSource
	at java.base/jdk.internal.loader.BuiltinClassLoader.loadClass(BuiltinClassLoader.java:581)
	at java.base/jdk.internal.loader.ClassLoaders$AppClassLoader.loadClass(ClassLoaders.java:178)
	at java.base/java.lang.ClassLoader.loadClass(ClassLoader.java:527)
	... 64 more

	at org.jboss.weld.bootstrap.events.AbstractDefinitionContainerEvent.fire(AbstractDefinitionContainerEvent.java:46)
	at org.jboss.weld.bootstrap.events.AfterBeanDiscoveryImpl.fire(AfterBeanDiscoveryImpl.java:73)
	at org.jboss.weld.bootstrap.WeldStartup.deployBeans(WeldStartup.java:447)
	at org.jboss.weld.bootstrap.WeldBootstrap.deployBeans(WeldBootstrap.java:83)
	at org.jboss.weld.environment.se.Weld.initialize(Weld.java:770)
	at org.jboss.weld.environment.se.Weld.initialize(Weld.java:174)
	at org.glassfish.jersey.inject.cdi.se.CdiSeInjectionManager.completeRegistration(CdiSeInjectionManager.java:253)
	at org.glassfish.jersey.client.ClientConfig$State.initRuntime(ClientConfig.java:468)
	at org.glassfish.jersey.internal.util.collection.Values$LazyValueImpl.get(Values.java:341)
	at org.glassfish.jersey.client.ClientConfig.getRuntime(ClientConfig.java:826)
	at org.glassfish.jersey.client.ClientRequest.getConfiguration(ClientRequest.java:285)
	at org.glassfish.jersey.client.JerseyInvocation.validateHttpMethodAndEntity(JerseyInvocation.java:143)
	at org.glassfish.jersey.client.JerseyInvocation.<init>(JerseyInvocation.java:112)
	at org.glassfish.jersey.client.JerseyInvocation.<init>(JerseyInvocation.java:108)
	at org.glassfish.jersey.client.JerseyInvocation.<init>(JerseyInvocation.java:99)
	at org.glassfish.jersey.client.JerseyInvocation$Builder.method(JerseyInvocation.java:445)
	at org.glassfish.jersey.client.JerseyInvocation$Builder.post(JerseyInvocation.java:351)
	at com.lymytz.lymytzsell.synchro.ws.WsSynchro.livraisonDocVente(WsSynchro.java:240)
	at com.lymytz.lymytzsell.service.application.service.ServiceLivraison.saveLivraison(ServiceLivraison.java:53)
	at com.lymytz.lymytzsell.view.main.HomeCaisseController.saveLivraisonAndreglement(HomeCaisseController.java:811)
	at com.lymytz.lymytzsell.view.main.HomeCaisseController.lambda$confirmValideFacture$8(HomeCaisseController.java:657)
	at java.base/java.lang.Thread.run(Thread.java:829)
19-10-2024 05:10 | [ERREUR]
FV/191024/0013, non comptabilisé: Le service de comptabilisation est introuvable
19-10-2024 05:14 | [INFO]Ouverture de l'application...
19-10-2024 05:14 | [AVERTISSEMENT]Votre version de java ne supporte pas le systèm Tray...
19-10-2024 05:15 | [ERREUR]

org.jboss.weld.exceptions.DefinitionException: Exception List with 1 exceptions:
Exception 0 :
org.jboss.weld.resources.spi.ResourceLoadingException: Error while loading class org.glassfish.jersey.message.internal.DataSourceProvider
	at org.jboss.weld.resources.ClassTransformer.getBackedAnnotatedType(ClassTransformer.java:183)
	at org.jboss.weld.resources.ClassTransformer.getBackedAnnotatedType(ClassTransformer.java:191)
	at org.jboss.weld.manager.BeanManagerImpl.createAnnotatedType(BeanManagerImpl.java:1118)
	at org.jboss.weld.util.ForwardingBeanManager.createAnnotatedType(ForwardingBeanManager.java:199)
	at org.glassfish.jersey.inject.cdi.se.bean.BeanHelper.registerBean(BeanHelper.java:125)
	at org.glassfish.jersey.inject.cdi.se.SeBeanRegisterExtension.registerBeans(SeBeanRegisterExtension.java:170)
	at java.base/jdk.internal.reflect.NativeMethodAccessorImpl.invoke0(Native Method)
	at java.base/jdk.internal.reflect.NativeMethodAccessorImpl.invoke(NativeMethodAccessorImpl.java:62)
	at java.base/jdk.internal.reflect.DelegatingMethodAccessorImpl.invoke(DelegatingMethodAccessorImpl.java:43)
	at java.base/java.lang.reflect.Method.invoke(Method.java:566)
	at org.jboss.weld.injection.StaticMethodInjectionPoint.invoke(StaticMethodInjectionPoint.java:95)
	at org.jboss.weld.injection.MethodInvocationStrategy$SpecialParamPlusBeanManagerStrategy.invoke(MethodInvocationStrategy.java:144)
	at org.jboss.weld.event.ObserverMethodImpl.sendEvent(ObserverMethodImpl.java:330)
	at org.jboss.weld.event.ExtensionObserverMethodImpl.sendEvent(ExtensionObserverMethodImpl.java:123)
	at org.jboss.weld.event.ObserverMethodImpl.sendEvent(ObserverMethodImpl.java:308)
	at org.jboss.weld.event.ObserverMethodImpl.notify(ObserverMethodImpl.java:286)
	at javax.enterprise.inject.spi.ObserverMethod.notify(ObserverMethod.java:124)
	at org.jboss.weld.util.Observers.notify(Observers.java:166)
	at org.jboss.weld.event.ObserverNotifier.notifySyncObservers(ObserverNotifier.java:285)
	at org.jboss.weld.event.ObserverNotifier.notify(ObserverNotifier.java:273)
	at org.jboss.weld.event.ObserverNotifier.fireEvent(ObserverNotifier.java:177)
	at org.jboss.weld.event.ObserverNotifier.fireEvent(ObserverNotifier.java:171)
	at org.jboss.weld.bootstrap.events.AbstractContainerEvent.fire(AbstractContainerEvent.java:53)
	at org.jboss.weld.bootstrap.events.AbstractDefinitionContainerEvent.fire(AbstractDefinitionContainerEvent.java:44)
	at org.jboss.weld.bootstrap.events.AfterBeanDiscoveryImpl.fire(AfterBeanDiscoveryImpl.java:73)
	at org.jboss.weld.bootstrap.WeldStartup.deployBeans(WeldStartup.java:447)
	at org.jboss.weld.bootstrap.WeldBootstrap.deployBeans(WeldBootstrap.java:83)
	at org.jboss.weld.environment.se.Weld.initialize(Weld.java:770)
	at org.jboss.weld.environment.se.Weld.initialize(Weld.java:174)
	at org.glassfish.jersey.inject.cdi.se.CdiSeInjectionManager.completeRegistration(CdiSeInjectionManager.java:253)
	at org.glassfish.jersey.client.ClientConfig$State.initRuntime(ClientConfig.java:468)
	at org.glassfish.jersey.internal.util.collection.Values$LazyValueImpl.get(Values.java:341)
	at org.glassfish.jersey.client.ClientConfig.getRuntime(ClientConfig.java:826)
	at org.glassfish.jersey.client.ClientRequest.getConfiguration(ClientRequest.java:285)
	at org.glassfish.jersey.client.JerseyInvocation.validateHttpMethodAndEntity(JerseyInvocation.java:143)
	at org.glassfish.jersey.client.JerseyInvocation.<init>(JerseyInvocation.java:112)
	at org.glassfish.jersey.client.JerseyInvocation.<init>(JerseyInvocation.java:108)
	at org.glassfish.jersey.client.JerseyInvocation.<init>(JerseyInvocation.java:99)
	at org.glassfish.jersey.client.JerseyInvocation$Builder.method(JerseyInvocation.java:445)
	at org.glassfish.jersey.client.JerseyInvocation$Builder.post(JerseyInvocation.java:351)
	at com.lymytz.lymytzsell.synchro.ws.WsSynchro.livraisonDocVente(WsSynchro.java:240)
	at com.lymytz.lymytzsell.service.application.service.ServiceLivraison.saveLivraison(ServiceLivraison.java:53)
	at com.lymytz.lymytzsell.view.main.HomeCaisseController.saveLivraisonAndreglement(HomeCaisseController.java:811)
	at com.lymytz.lymytzsell.view.main.HomeCaisseController.lambda$confirmValideFacture$8(HomeCaisseController.java:657)
	at java.base/java.lang.Thread.run(Thread.java:829)
Caused by: java.lang.NoClassDefFoundError: javax/activation/DataSource
	at java.base/java.lang.Class.getDeclaredConstructors0(Native Method)
	at java.base/java.lang.Class.privateGetDeclaredConstructors(Class.java:3137)
	at java.base/java.lang.Class.getDeclaredConstructors(Class.java:2357)
	at org.jboss.weld.annotated.slim.backed.SecurityActions.getDeclaredConstructors(SecurityActions.java:57)
	at org.jboss.weld.annotated.slim.backed.BackedAnnotatedType$BackedAnnotatedConstructors.computeValue(BackedAnnotatedType.java:166)
	at org.jboss.weld.annotated.slim.backed.BackedAnnotatedType$BackedAnnotatedConstructors.computeValue(BackedAnnotatedType.java:163)
	at org.jboss.weld.util.LazyValueHolder.get(LazyValueHolder.java:46)
	at org.jboss.weld.annotated.slim.backed.BackedAnnotatedType$EagerlyInitializedLazyValueHolder.<init>(BackedAnnotatedType.java:159)
	at org.jboss.weld.annotated.slim.backed.BackedAnnotatedType$BackedAnnotatedConstructors.<init>(BackedAnnotatedType.java:163)
	at org.jboss.weld.annotated.slim.backed.BackedAnnotatedType$BackedAnnotatedConstructors.<init>(BackedAnnotatedType.java:163)
	at org.jboss.weld.annotated.slim.backed.BackedAnnotatedType.<init>(BackedAnnotatedType.java:64)
	at org.jboss.weld.annotated.slim.backed.BackedAnnotatedType.of(BackedAnnotatedType.java:47)
	at org.jboss.weld.resources.ClassTransformer$TransformClassToBackedAnnotatedType.apply(ClassTransformer.java:81)
	at org.jboss.weld.resources.ClassTransformer$TransformClassToBackedAnnotatedType.apply(ClassTransformer.java:76)
	at org.jboss.weld.util.cache.ReentrantMapBackedComputingCache.lambda$null$0(ReentrantMapBackedComputingCache.java:55)
	at org.jboss.weld.util.WeakLazyValueHolder$1.computeValue(WeakLazyValueHolder.java:35)
	at org.jboss.weld.util.WeakLazyValueHolder.get(WeakLazyValueHolder.java:53)
	at org.jboss.weld.util.cache.ReentrantMapBackedComputingCache.getValue(ReentrantMapBackedComputingCache.java:72)
	at org.jboss.weld.util.cache.ReentrantMapBackedComputingCache.getCastValue(ReentrantMapBackedComputingCache.java:78)
	at org.jboss.weld.resources.ClassTransformer.getBackedAnnotatedType(ClassTransformer.java:174)
	... 44 more
Caused by: java.lang.ClassNotFoundException: javax.activation.DataSource
	at java.base/jdk.internal.loader.BuiltinClassLoader.loadClass(BuiltinClassLoader.java:581)
	at java.base/jdk.internal.loader.ClassLoaders$AppClassLoader.loadClass(ClassLoaders.java:178)
	at java.base/java.lang.ClassLoader.loadClass(ClassLoader.java:527)
	... 64 more

	at org.jboss.weld.bootstrap.events.AbstractDefinitionContainerEvent.fire(AbstractDefinitionContainerEvent.java:46)
	at org.jboss.weld.bootstrap.events.AfterBeanDiscoveryImpl.fire(AfterBeanDiscoveryImpl.java:73)
	at org.jboss.weld.bootstrap.WeldStartup.deployBeans(WeldStartup.java:447)
	at org.jboss.weld.bootstrap.WeldBootstrap.deployBeans(WeldBootstrap.java:83)
	at org.jboss.weld.environment.se.Weld.initialize(Weld.java:770)
	at org.jboss.weld.environment.se.Weld.initialize(Weld.java:174)
	at org.glassfish.jersey.inject.cdi.se.CdiSeInjectionManager.completeRegistration(CdiSeInjectionManager.java:253)
	at org.glassfish.jersey.client.ClientConfig$State.initRuntime(ClientConfig.java:468)
	at org.glassfish.jersey.internal.util.collection.Values$LazyValueImpl.get(Values.java:341)
	at org.glassfish.jersey.client.ClientConfig.getRuntime(ClientConfig.java:826)
	at org.glassfish.jersey.client.ClientRequest.getConfiguration(ClientRequest.java:285)
	at org.glassfish.jersey.client.JerseyInvocation.validateHttpMethodAndEntity(JerseyInvocation.java:143)
	at org.glassfish.jersey.client.JerseyInvocation.<init>(JerseyInvocation.java:112)
	at org.glassfish.jersey.client.JerseyInvocation.<init>(JerseyInvocation.java:108)
	at org.glassfish.jersey.client.JerseyInvocation.<init>(JerseyInvocation.java:99)
	at org.glassfish.jersey.client.JerseyInvocation$Builder.method(JerseyInvocation.java:445)
	at org.glassfish.jersey.client.JerseyInvocation$Builder.post(JerseyInvocation.java:351)
	at com.lymytz.lymytzsell.synchro.ws.WsSynchro.livraisonDocVente(WsSynchro.java:240)
	at com.lymytz.lymytzsell.service.application.service.ServiceLivraison.saveLivraison(ServiceLivraison.java:53)
	at com.lymytz.lymytzsell.view.main.HomeCaisseController.saveLivraisonAndreglement(HomeCaisseController.java:811)
	at com.lymytz.lymytzsell.view.main.HomeCaisseController.lambda$confirmValideFacture$8(HomeCaisseController.java:657)
	at java.base/java.lang.Thread.run(Thread.java:829)
19-10-2024 05:15 | [ERREUR]
FV/191024/0014, non comptabilisé: Le service de comptabilisation est introuvable
19-10-2024 05:19 | [INFO]Ouverture de l'application...
19-10-2024 05:19 | [AVERTISSEMENT]Votre version de java ne supporte pas le systèm Tray...
19-10-2024 05:20 | [ERREUR]

org.jboss.weld.exceptions.DefinitionException: Exception List with 1 exceptions:
Exception 0 :
org.jboss.weld.resources.spi.ResourceLoadingException: Error while loading class org.glassfish.jersey.message.internal.DataSourceProvider
	at org.jboss.weld.resources.ClassTransformer.getBackedAnnotatedType(ClassTransformer.java:186)
	at org.jboss.weld.resources.ClassTransformer.getBackedAnnotatedType(ClassTransformer.java:194)
	at org.jboss.weld.manager.BeanManagerImpl.createAnnotatedType(BeanManagerImpl.java:1128)
	at org.jboss.weld.util.ForwardingBeanManager.createAnnotatedType(ForwardingBeanManager.java:199)
	at org.glassfish.jersey.inject.cdi.se.bean.BeanHelper.registerBean(BeanHelper.java:125)
	at org.glassfish.jersey.inject.cdi.se.SeBeanRegisterExtension.registerBeans(SeBeanRegisterExtension.java:170)
	at java.base/jdk.internal.reflect.NativeMethodAccessorImpl.invoke0(Native Method)
	at java.base/jdk.internal.reflect.NativeMethodAccessorImpl.invoke(NativeMethodAccessorImpl.java:62)
	at java.base/jdk.internal.reflect.DelegatingMethodAccessorImpl.invoke(DelegatingMethodAccessorImpl.java:43)
	at java.base/java.lang.reflect.Method.invoke(Method.java:566)
	at org.jboss.weld.injection.StaticMethodInjectionPoint.invoke(StaticMethodInjectionPoint.java:95)
	at org.jboss.weld.injection.MethodInvocationStrategy$SpecialParamPlusBeanManagerStrategy.invoke(MethodInvocationStrategy.java:187)
	at org.jboss.weld.event.ObserverMethodImpl.sendEvent(ObserverMethodImpl.java:330)
	at org.jboss.weld.event.ExtensionObserverMethodImpl.sendEvent(ExtensionObserverMethodImpl.java:123)
	at org.jboss.weld.event.ObserverMethodImpl.sendEvent(ObserverMethodImpl.java:308)
	at org.jboss.weld.event.ObserverMethodImpl.notify(ObserverMethodImpl.java:286)
	at javax.enterprise.inject.spi.ObserverMethod.notify(ObserverMethod.java:124)
	at org.jboss.weld.util.Observers.notify(Observers.java:166)
	at org.jboss.weld.event.ObserverNotifier.notifySyncObservers(ObserverNotifier.java:285)
	at org.jboss.weld.event.ObserverNotifier.notify(ObserverNotifier.java:273)
	at org.jboss.weld.event.ObserverNotifier.fireEvent(ObserverNotifier.java:177)
	at org.jboss.weld.event.ObserverNotifier.fireEvent(ObserverNotifier.java:171)
	at org.jboss.weld.bootstrap.events.AbstractContainerEvent.fire(AbstractContainerEvent.java:53)
	at org.jboss.weld.bootstrap.events.AbstractDefinitionContainerEvent.fire(AbstractDefinitionContainerEvent.java:44)
	at org.jboss.weld.bootstrap.events.AfterBeanDiscoveryImpl.fire(AfterBeanDiscoveryImpl.java:75)
	at org.jboss.weld.bootstrap.WeldStartup.deployBeans(WeldStartup.java:462)
	at org.jboss.weld.bootstrap.WeldBootstrap.deployBeans(WeldBootstrap.java:86)
	at org.jboss.weld.environment.se.Weld.initialize(Weld.java:803)
	at org.jboss.weld.environment.se.Weld.initialize(Weld.java:176)
	at org.glassfish.jersey.inject.cdi.se.CdiSeInjectionManager.completeRegistration(CdiSeInjectionManager.java:253)
	at org.glassfish.jersey.client.ClientConfig$State.initRuntime(ClientConfig.java:468)
	at org.glassfish.jersey.internal.util.collection.Values$LazyValueImpl.get(Values.java:341)
	at org.glassfish.jersey.client.ClientConfig.getRuntime(ClientConfig.java:826)
	at org.glassfish.jersey.client.ClientRequest.getConfiguration(ClientRequest.java:285)
	at org.glassfish.jersey.client.JerseyInvocation.validateHttpMethodAndEntity(JerseyInvocation.java:143)
	at org.glassfish.jersey.client.JerseyInvocation.<init>(JerseyInvocation.java:112)
	at org.glassfish.jersey.client.JerseyInvocation.<init>(JerseyInvocation.java:108)
	at org.glassfish.jersey.client.JerseyInvocation.<init>(JerseyInvocation.java:99)
	at org.glassfish.jersey.client.JerseyInvocation$Builder.method(JerseyInvocation.java:445)
	at org.glassfish.jersey.client.JerseyInvocation$Builder.post(JerseyInvocation.java:351)
	at com.lymytz.lymytzsell.synchro.ws.WsSynchro.livraisonDocVente(WsSynchro.java:240)
	at com.lymytz.lymytzsell.service.application.service.ServiceLivraison.saveLivraison(ServiceLivraison.java:53)
	at com.lymytz.lymytzsell.view.main.HomeCaisseController.saveLivraisonAndreglement(HomeCaisseController.java:811)
	at com.lymytz.lymytzsell.view.main.HomeCaisseController.lambda$confirmValideFacture$8(HomeCaisseController.java:657)
	at java.base/java.lang.Thread.run(Thread.java:829)
Caused by: java.lang.NoClassDefFoundError: javax/activation/DataSource
	at java.base/java.lang.Class.getDeclaredConstructors0(Native Method)
	at java.base/java.lang.Class.privateGetDeclaredConstructors(Class.java:3137)
	at java.base/java.lang.Class.getDeclaredConstructors(Class.java:2357)
	at org.jboss.weld.annotated.slim.backed.SecurityActions.getDeclaredConstructors(SecurityActions.java:57)
	at org.jboss.weld.annotated.slim.backed.BackedAnnotatedType$BackedAnnotatedConstructors.computeValue(BackedAnnotatedType.java:166)
	at org.jboss.weld.annotated.slim.backed.BackedAnnotatedType$BackedAnnotatedConstructors.computeValue(BackedAnnotatedType.java:163)
	at org.jboss.weld.util.LazyValueHolder.get(LazyValueHolder.java:46)
	at org.jboss.weld.annotated.slim.backed.BackedAnnotatedType$EagerlyInitializedLazyValueHolder.<init>(BackedAnnotatedType.java:159)
	at org.jboss.weld.annotated.slim.backed.BackedAnnotatedType$BackedAnnotatedConstructors.<init>(BackedAnnotatedType.java:163)
	at org.jboss.weld.annotated.slim.backed.BackedAnnotatedType$BackedAnnotatedConstructors.<init>(BackedAnnotatedType.java:163)
	at org.jboss.weld.annotated.slim.backed.BackedAnnotatedType.<init>(BackedAnnotatedType.java:64)
	at org.jboss.weld.annotated.slim.backed.BackedAnnotatedType.of(BackedAnnotatedType.java:47)
	at org.jboss.weld.resources.ClassTransformer$TransformClassToBackedAnnotatedType.apply(ClassTransformer.java:84)
	at org.jboss.weld.resources.ClassTransformer$TransformClassToBackedAnnotatedType.apply(ClassTransformer.java:79)
	at org.jboss.weld.util.cache.ReentrantMapBackedComputingCache.lambda$new$0(ReentrantMapBackedComputingCache.java:55)
	at org.jboss.weld.util.WeakLazyValueHolder$1.computeValue(WeakLazyValueHolder.java:35)
	at org.jboss.weld.util.WeakLazyValueHolder.get(WeakLazyValueHolder.java:53)
	at org.jboss.weld.util.cache.ReentrantMapBackedComputingCache.getValue(ReentrantMapBackedComputingCache.java:72)
	at org.jboss.weld.util.cache.ReentrantMapBackedComputingCache.getCastValue(ReentrantMapBackedComputingCache.java:78)
	at org.jboss.weld.resources.ClassTransformer.getBackedAnnotatedType(ClassTransformer.java:177)
	... 44 more
Caused by: java.lang.ClassNotFoundException: javax.activation.DataSource
	at java.base/jdk.internal.loader.BuiltinClassLoader.loadClass(BuiltinClassLoader.java:581)
	at java.base/jdk.internal.loader.ClassLoaders$AppClassLoader.loadClass(ClassLoaders.java:178)
	at java.base/java.lang.ClassLoader.loadClass(ClassLoader.java:527)
	... 64 more

	at org.jboss.weld.bootstrap.events.AbstractDefinitionContainerEvent.fire(AbstractDefinitionContainerEvent.java:46)
	at org.jboss.weld.bootstrap.events.AfterBeanDiscoveryImpl.fire(AfterBeanDiscoveryImpl.java:75)
	at org.jboss.weld.bootstrap.WeldStartup.deployBeans(WeldStartup.java:462)
	at org.jboss.weld.bootstrap.WeldBootstrap.deployBeans(WeldBootstrap.java:86)
	at org.jboss.weld.environment.se.Weld.initialize(Weld.java:803)
	at org.jboss.weld.environment.se.Weld.initialize(Weld.java:176)
	at org.glassfish.jersey.inject.cdi.se.CdiSeInjectionManager.completeRegistration(CdiSeInjectionManager.java:253)
	at org.glassfish.jersey.client.ClientConfig$State.initRuntime(ClientConfig.java:468)
	at org.glassfish.jersey.internal.util.collection.Values$LazyValueImpl.get(Values.java:341)
	at org.glassfish.jersey.client.ClientConfig.getRuntime(ClientConfig.java:826)
	at org.glassfish.jersey.client.ClientRequest.getConfiguration(ClientRequest.java:285)
	at org.glassfish.jersey.client.JerseyInvocation.validateHttpMethodAndEntity(JerseyInvocation.java:143)
	at org.glassfish.jersey.client.JerseyInvocation.<init>(JerseyInvocation.java:112)
	at org.glassfish.jersey.client.JerseyInvocation.<init>(JerseyInvocation.java:108)
	at org.glassfish.jersey.client.JerseyInvocation.<init>(JerseyInvocation.java:99)
	at org.glassfish.jersey.client.JerseyInvocation$Builder.method(JerseyInvocation.java:445)
	at org.glassfish.jersey.client.JerseyInvocation$Builder.post(JerseyInvocation.java:351)
	at com.lymytz.lymytzsell.synchro.ws.WsSynchro.livraisonDocVente(WsSynchro.java:240)
	at com.lymytz.lymytzsell.service.application.service.ServiceLivraison.saveLivraison(ServiceLivraison.java:53)
	at com.lymytz.lymytzsell.view.main.HomeCaisseController.saveLivraisonAndreglement(HomeCaisseController.java:811)
	at com.lymytz.lymytzsell.view.main.HomeCaisseController.lambda$confirmValideFacture$8(HomeCaisseController.java:657)
	at java.base/java.lang.Thread.run(Thread.java:829)
	Suppressed: org.jboss.weld.resources.spi.ResourceLoadingException: Error while loading class org.glassfish.jersey.message.internal.DataSourceProvider
		at org.jboss.weld.resources.ClassTransformer.getBackedAnnotatedType(ClassTransformer.java:186)
		at org.jboss.weld.resources.ClassTransformer.getBackedAnnotatedType(ClassTransformer.java:194)
		at org.jboss.weld.manager.BeanManagerImpl.createAnnotatedType(BeanManagerImpl.java:1128)
		at org.jboss.weld.util.ForwardingBeanManager.createAnnotatedType(ForwardingBeanManager.java:199)
		at org.glassfish.jersey.inject.cdi.se.bean.BeanHelper.registerBean(BeanHelper.java:125)
		at org.glassfish.jersey.inject.cdi.se.SeBeanRegisterExtension.registerBeans(SeBeanRegisterExtension.java:170)
		at java.base/jdk.internal.reflect.NativeMethodAccessorImpl.invoke0(Native Method)
		at java.base/jdk.internal.reflect.NativeMethodAccessorImpl.invoke(NativeMethodAccessorImpl.java:62)
		at java.base/jdk.internal.reflect.DelegatingMethodAccessorImpl.invoke(DelegatingMethodAccessorImpl.java:43)
		at java.base/java.lang.reflect.Method.invoke(Method.java:566)
		at org.jboss.weld.injection.StaticMethodInjectionPoint.invoke(StaticMethodInjectionPoint.java:95)
		at org.jboss.weld.injection.MethodInvocationStrategy$SpecialParamPlusBeanManagerStrategy.invoke(MethodInvocationStrategy.java:187)
		at org.jboss.weld.event.ObserverMethodImpl.sendEvent(ObserverMethodImpl.java:330)
		at org.jboss.weld.event.ExtensionObserverMethodImpl.sendEvent(ExtensionObserverMethodImpl.java:123)
		at org.jboss.weld.event.ObserverMethodImpl.sendEvent(ObserverMethodImpl.java:308)
		at org.jboss.weld.event.ObserverMethodImpl.notify(ObserverMethodImpl.java:286)
		at javax.enterprise.inject.spi.ObserverMethod.notify(ObserverMethod.java:124)
		at org.jboss.weld.util.Observers.notify(Observers.java:166)
		at org.jboss.weld.event.ObserverNotifier.notifySyncObservers(ObserverNotifier.java:285)
		at org.jboss.weld.event.ObserverNotifier.notify(ObserverNotifier.java:273)
		at org.jboss.weld.event.ObserverNotifier.fireEvent(ObserverNotifier.java:177)
		at org.jboss.weld.event.ObserverNotifier.fireEvent(ObserverNotifier.java:171)
		at org.jboss.weld.bootstrap.events.AbstractContainerEvent.fire(AbstractContainerEvent.java:53)
		at org.jboss.weld.bootstrap.events.AbstractDefinitionContainerEvent.fire(AbstractDefinitionContainerEvent.java:44)
		... 21 more
	Caused by: java.lang.NoClassDefFoundError: javax/activation/DataSource
		at java.base/java.lang.Class.getDeclaredConstructors0(Native Method)
		at java.base/java.lang.Class.privateGetDeclaredConstructors(Class.java:3137)
		at java.base/java.lang.Class.getDeclaredConstructors(Class.java:2357)
		at org.jboss.weld.annotated.slim.backed.SecurityActions.getDeclaredConstructors(SecurityActions.java:57)
		at org.jboss.weld.annotated.slim.backed.BackedAnnotatedType$BackedAnnotatedConstructors.computeValue(BackedAnnotatedType.java:166)
		at org.jboss.weld.annotated.slim.backed.BackedAnnotatedType$BackedAnnotatedConstructors.computeValue(BackedAnnotatedType.java:163)
		at org.jboss.weld.util.LazyValueHolder.get(LazyValueHolder.java:46)
		at org.jboss.weld.annotated.slim.backed.BackedAnnotatedType$EagerlyInitializedLazyValueHolder.<init>(BackedAnnotatedType.java:159)
		at org.jboss.weld.annotated.slim.backed.BackedAnnotatedType$BackedAnnotatedConstructors.<init>(BackedAnnotatedType.java:163)
		at org.jboss.weld.annotated.slim.backed.BackedAnnotatedType$BackedAnnotatedConstructors.<init>(BackedAnnotatedType.java:163)
		at org.jboss.weld.annotated.slim.backed.BackedAnnotatedType.<init>(BackedAnnotatedType.java:64)
		at org.jboss.weld.annotated.slim.backed.BackedAnnotatedType.of(BackedAnnotatedType.java:47)
		at org.jboss.weld.resources.ClassTransformer$TransformClassToBackedAnnotatedType.apply(ClassTransformer.java:84)
		at org.jboss.weld.resources.ClassTransformer$TransformClassToBackedAnnotatedType.apply(ClassTransformer.java:79)
		at org.jboss.weld.util.cache.ReentrantMapBackedComputingCache.lambda$new$0(ReentrantMapBackedComputingCache.java:55)
		at org.jboss.weld.util.WeakLazyValueHolder$1.computeValue(WeakLazyValueHolder.java:35)
		at org.jboss.weld.util.WeakLazyValueHolder.get(WeakLazyValueHolder.java:53)
		at org.jboss.weld.util.cache.ReentrantMapBackedComputingCache.getValue(ReentrantMapBackedComputingCache.java:72)
		at org.jboss.weld.util.cache.ReentrantMapBackedComputingCache.getCastValue(ReentrantMapBackedComputingCache.java:78)
		at org.jboss.weld.resources.ClassTransformer.getBackedAnnotatedType(ClassTransformer.java:177)
		... 44 more
	Caused by: java.lang.ClassNotFoundException: javax.activation.DataSource
		at java.base/jdk.internal.loader.BuiltinClassLoader.loadClass(BuiltinClassLoader.java:581)
		at java.base/jdk.internal.loader.ClassLoaders$AppClassLoader.loadClass(ClassLoaders.java:178)
		at java.base/java.lang.ClassLoader.loadClass(ClassLoader.java:527)
		... 64 more
19-10-2024 05:20 | [ERREUR]
FV/191024/0015, non comptabilisé: Le service de comptabilisation est introuvable
19-10-2024 05:24 | [INFO]Ouverture de l'application...
19-10-2024 05:24 | [AVERTISSEMENT]Votre version de java ne supporte pas le systèm Tray...
19-10-2024 05:25 | [ERREUR]

org.jboss.weld.exceptions.DefinitionException: Exception List with 1 exceptions:
Exception 0 :
org.jboss.weld.resources.spi.ResourceLoadingException: Error while loading class org.glassfish.jersey.message.internal.DataSourceProvider
	at org.jboss.weld.resources.ClassTransformer.getBackedAnnotatedType(ClassTransformer.java:186)
	at org.jboss.weld.resources.ClassTransformer.getBackedAnnotatedType(ClassTransformer.java:194)
	at org.jboss.weld.manager.BeanManagerImpl.createAnnotatedType(BeanManagerImpl.java:1128)
	at org.jboss.weld.util.ForwardingBeanManager.createAnnotatedType(ForwardingBeanManager.java:199)
	at org.glassfish.jersey.inject.cdi.se.bean.BeanHelper.registerBean(BeanHelper.java:125)
	at org.glassfish.jersey.inject.cdi.se.SeBeanRegisterExtension.registerBeans(SeBeanRegisterExtension.java:170)
	at java.base/jdk.internal.reflect.NativeMethodAccessorImpl.invoke0(Native Method)
	at java.base/jdk.internal.reflect.NativeMethodAccessorImpl.invoke(NativeMethodAccessorImpl.java:62)
	at java.base/jdk.internal.reflect.DelegatingMethodAccessorImpl.invoke(DelegatingMethodAccessorImpl.java:43)
	at java.base/java.lang.reflect.Method.invoke(Method.java:566)
	at org.jboss.weld.injection.StaticMethodInjectionPoint.invoke(StaticMethodInjectionPoint.java:95)
	at org.jboss.weld.injection.MethodInvocationStrategy$SpecialParamPlusBeanManagerStrategy.invoke(MethodInvocationStrategy.java:187)
	at org.jboss.weld.event.ObserverMethodImpl.sendEvent(ObserverMethodImpl.java:330)
	at org.jboss.weld.event.ExtensionObserverMethodImpl.sendEvent(ExtensionObserverMethodImpl.java:123)
	at org.jboss.weld.event.ObserverMethodImpl.sendEvent(ObserverMethodImpl.java:308)
	at org.jboss.weld.event.ObserverMethodImpl.notify(ObserverMethodImpl.java:286)
	at javax.enterprise.inject.spi.ObserverMethod.notify(ObserverMethod.java:124)
	at org.jboss.weld.util.Observers.notify(Observers.java:166)
	at org.jboss.weld.event.ObserverNotifier.notifySyncObservers(ObserverNotifier.java:285)
	at org.jboss.weld.event.ObserverNotifier.notify(ObserverNotifier.java:273)
	at org.jboss.weld.event.ObserverNotifier.fireEvent(ObserverNotifier.java:177)
	at org.jboss.weld.event.ObserverNotifier.fireEvent(ObserverNotifier.java:171)
	at org.jboss.weld.bootstrap.events.AbstractContainerEvent.fire(AbstractContainerEvent.java:53)
	at org.jboss.weld.bootstrap.events.AbstractDefinitionContainerEvent.fire(AbstractDefinitionContainerEvent.java:44)
	at org.jboss.weld.bootstrap.events.AfterBeanDiscoveryImpl.fire(AfterBeanDiscoveryImpl.java:75)
	at org.jboss.weld.bootstrap.WeldStartup.deployBeans(WeldStartup.java:462)
	at org.jboss.weld.bootstrap.WeldBootstrap.deployBeans(WeldBootstrap.java:86)
	at org.jboss.weld.environment.se.Weld.initialize(Weld.java:803)
	at org.jboss.weld.environment.se.Weld.initialize(Weld.java:176)
	at org.glassfish.jersey.inject.cdi.se.CdiSeInjectionManager.completeRegistration(CdiSeInjectionManager.java:253)
	at org.glassfish.jersey.client.ClientConfig$State.initRuntime(ClientConfig.java:468)
	at org.glassfish.jersey.internal.util.collection.Values$LazyValueImpl.get(Values.java:341)
	at org.glassfish.jersey.client.ClientConfig.getRuntime(ClientConfig.java:826)
	at org.glassfish.jersey.client.ClientRequest.getConfiguration(ClientRequest.java:285)
	at org.glassfish.jersey.client.JerseyInvocation.validateHttpMethodAndEntity(JerseyInvocation.java:143)
	at org.glassfish.jersey.client.JerseyInvocation.<init>(JerseyInvocation.java:112)
	at org.glassfish.jersey.client.JerseyInvocation.<init>(JerseyInvocation.java:108)
	at org.glassfish.jersey.client.JerseyInvocation.<init>(JerseyInvocation.java:99)
	at org.glassfish.jersey.client.JerseyInvocation$Builder.method(JerseyInvocation.java:445)
	at org.glassfish.jersey.client.JerseyInvocation$Builder.post(JerseyInvocation.java:351)
	at com.lymytz.lymytzsell.synchro.ws.WsSynchro.livraisonDocVente(WsSynchro.java:240)
	at com.lymytz.lymytzsell.service.application.service.ServiceLivraison.saveLivraison(ServiceLivraison.java:53)
	at com.lymytz.lymytzsell.view.main.HomeCaisseController.saveLivraisonAndreglement(HomeCaisseController.java:811)
	at com.lymytz.lymytzsell.view.main.HomeCaisseController.lambda$confirmValideFacture$8(HomeCaisseController.java:657)
	at java.base/java.lang.Thread.run(Thread.java:829)
Caused by: java.lang.NoClassDefFoundError: javax/activation/DataSource
	at java.base/java.lang.Class.getDeclaredConstructors0(Native Method)
	at java.base/java.lang.Class.privateGetDeclaredConstructors(Class.java:3137)
	at java.base/java.lang.Class.getDeclaredConstructors(Class.java:2357)
	at org.jboss.weld.annotated.slim.backed.SecurityActions.getDeclaredConstructors(SecurityActions.java:57)
	at org.jboss.weld.annotated.slim.backed.BackedAnnotatedType$BackedAnnotatedConstructors.computeValue(BackedAnnotatedType.java:166)
	at org.jboss.weld.annotated.slim.backed.BackedAnnotatedType$BackedAnnotatedConstructors.computeValue(BackedAnnotatedType.java:163)
	at org.jboss.weld.util.LazyValueHolder.get(LazyValueHolder.java:46)
	at org.jboss.weld.annotated.slim.backed.BackedAnnotatedType$EagerlyInitializedLazyValueHolder.<init>(BackedAnnotatedType.java:159)
	at org.jboss.weld.annotated.slim.backed.BackedAnnotatedType$BackedAnnotatedConstructors.<init>(BackedAnnotatedType.java:163)
	at org.jboss.weld.annotated.slim.backed.BackedAnnotatedType$BackedAnnotatedConstructors.<init>(BackedAnnotatedType.java:163)
	at org.jboss.weld.annotated.slim.backed.BackedAnnotatedType.<init>(BackedAnnotatedType.java:64)
	at org.jboss.weld.annotated.slim.backed.BackedAnnotatedType.of(BackedAnnotatedType.java:47)
	at org.jboss.weld.resources.ClassTransformer$TransformClassToBackedAnnotatedType.apply(ClassTransformer.java:84)
	at org.jboss.weld.resources.ClassTransformer$TransformClassToBackedAnnotatedType.apply(ClassTransformer.java:79)
	at org.jboss.weld.util.cache.ReentrantMapBackedComputingCache.lambda$new$0(ReentrantMapBackedComputingCache.java:55)
	at org.jboss.weld.util.WeakLazyValueHolder$1.computeValue(WeakLazyValueHolder.java:35)
	at org.jboss.weld.util.WeakLazyValueHolder.get(WeakLazyValueHolder.java:53)
	at org.jboss.weld.util.cache.ReentrantMapBackedComputingCache.getValue(ReentrantMapBackedComputingCache.java:72)
	at org.jboss.weld.util.cache.ReentrantMapBackedComputingCache.getCastValue(ReentrantMapBackedComputingCache.java:78)
	at org.jboss.weld.resources.ClassTransformer.getBackedAnnotatedType(ClassTransformer.java:177)
	... 44 more
Caused by: java.lang.ClassNotFoundException: javax.activation.DataSource
	at java.base/jdk.internal.loader.BuiltinClassLoader.loadClass(BuiltinClassLoader.java:581)
	at java.base/jdk.internal.loader.ClassLoaders$AppClassLoader.loadClass(ClassLoaders.java:178)
	at java.base/java.lang.ClassLoader.loadClass(ClassLoader.java:527)
	... 64 more

	at org.jboss.weld.bootstrap.events.AbstractDefinitionContainerEvent.fire(AbstractDefinitionContainerEvent.java:46)
	at org.jboss.weld.bootstrap.events.AfterBeanDiscoveryImpl.fire(AfterBeanDiscoveryImpl.java:75)
	at org.jboss.weld.bootstrap.WeldStartup.deployBeans(WeldStartup.java:462)
	at org.jboss.weld.bootstrap.WeldBootstrap.deployBeans(WeldBootstrap.java:86)
	at org.jboss.weld.environment.se.Weld.initialize(Weld.java:803)
	at org.jboss.weld.environment.se.Weld.initialize(Weld.java:176)
	at org.glassfish.jersey.inject.cdi.se.CdiSeInjectionManager.completeRegistration(CdiSeInjectionManager.java:253)
	at org.glassfish.jersey.client.ClientConfig$State.initRuntime(ClientConfig.java:468)
	at org.glassfish.jersey.internal.util.collection.Values$LazyValueImpl.get(Values.java:341)
	at org.glassfish.jersey.client.ClientConfig.getRuntime(ClientConfig.java:826)
	at org.glassfish.jersey.client.ClientRequest.getConfiguration(ClientRequest.java:285)
	at org.glassfish.jersey.client.JerseyInvocation.validateHttpMethodAndEntity(JerseyInvocation.java:143)
	at org.glassfish.jersey.client.JerseyInvocation.<init>(JerseyInvocation.java:112)
	at org.glassfish.jersey.client.JerseyInvocation.<init>(JerseyInvocation.java:108)
	at org.glassfish.jersey.client.JerseyInvocation.<init>(JerseyInvocation.java:99)
	at org.glassfish.jersey.client.JerseyInvocation$Builder.method(JerseyInvocation.java:445)
	at org.glassfish.jersey.client.JerseyInvocation$Builder.post(JerseyInvocation.java:351)
	at com.lymytz.lymytzsell.synchro.ws.WsSynchro.livraisonDocVente(WsSynchro.java:240)
	at com.lymytz.lymytzsell.service.application.service.ServiceLivraison.saveLivraison(ServiceLivraison.java:53)
	at com.lymytz.lymytzsell.view.main.HomeCaisseController.saveLivraisonAndreglement(HomeCaisseController.java:811)
	at com.lymytz.lymytzsell.view.main.HomeCaisseController.lambda$confirmValideFacture$8(HomeCaisseController.java:657)
	at java.base/java.lang.Thread.run(Thread.java:829)
	Suppressed: org.jboss.weld.resources.spi.ResourceLoadingException: Error while loading class org.glassfish.jersey.message.internal.DataSourceProvider
		at org.jboss.weld.resources.ClassTransformer.getBackedAnnotatedType(ClassTransformer.java:186)
		at org.jboss.weld.resources.ClassTransformer.getBackedAnnotatedType(ClassTransformer.java:194)
		at org.jboss.weld.manager.BeanManagerImpl.createAnnotatedType(BeanManagerImpl.java:1128)
		at org.jboss.weld.util.ForwardingBeanManager.createAnnotatedType(ForwardingBeanManager.java:199)
		at org.glassfish.jersey.inject.cdi.se.bean.BeanHelper.registerBean(BeanHelper.java:125)
		at org.glassfish.jersey.inject.cdi.se.SeBeanRegisterExtension.registerBeans(SeBeanRegisterExtension.java:170)
		at java.base/jdk.internal.reflect.NativeMethodAccessorImpl.invoke0(Native Method)
		at java.base/jdk.internal.reflect.NativeMethodAccessorImpl.invoke(NativeMethodAccessorImpl.java:62)
		at java.base/jdk.internal.reflect.DelegatingMethodAccessorImpl.invoke(DelegatingMethodAccessorImpl.java:43)
		at java.base/java.lang.reflect.Method.invoke(Method.java:566)
		at org.jboss.weld.injection.StaticMethodInjectionPoint.invoke(StaticMethodInjectionPoint.java:95)
		at org.jboss.weld.injection.MethodInvocationStrategy$SpecialParamPlusBeanManagerStrategy.invoke(MethodInvocationStrategy.java:187)
		at org.jboss.weld.event.ObserverMethodImpl.sendEvent(ObserverMethodImpl.java:330)
		at org.jboss.weld.event.ExtensionObserverMethodImpl.sendEvent(ExtensionObserverMethodImpl.java:123)
		at org.jboss.weld.event.ObserverMethodImpl.sendEvent(ObserverMethodImpl.java:308)
		at org.jboss.weld.event.ObserverMethodImpl.notify(ObserverMethodImpl.java:286)
		at javax.enterprise.inject.spi.ObserverMethod.notify(ObserverMethod.java:124)
		at org.jboss.weld.util.Observers.notify(Observers.java:166)
		at org.jboss.weld.event.ObserverNotifier.notifySyncObservers(ObserverNotifier.java:285)
		at org.jboss.weld.event.ObserverNotifier.notify(ObserverNotifier.java:273)
		at org.jboss.weld.event.ObserverNotifier.fireEvent(ObserverNotifier.java:177)
		at org.jboss.weld.event.ObserverNotifier.fireEvent(ObserverNotifier.java:171)
		at org.jboss.weld.bootstrap.events.AbstractContainerEvent.fire(AbstractContainerEvent.java:53)
		at org.jboss.weld.bootstrap.events.AbstractDefinitionContainerEvent.fire(AbstractDefinitionContainerEvent.java:44)
		... 21 more
	Caused by: java.lang.NoClassDefFoundError: javax/activation/DataSource
		at java.base/java.lang.Class.getDeclaredConstructors0(Native Method)
		at java.base/java.lang.Class.privateGetDeclaredConstructors(Class.java:3137)
		at java.base/java.lang.Class.getDeclaredConstructors(Class.java:2357)
		at org.jboss.weld.annotated.slim.backed.SecurityActions.getDeclaredConstructors(SecurityActions.java:57)
		at org.jboss.weld.annotated.slim.backed.BackedAnnotatedType$BackedAnnotatedConstructors.computeValue(BackedAnnotatedType.java:166)
		at org.jboss.weld.annotated.slim.backed.BackedAnnotatedType$BackedAnnotatedConstructors.computeValue(BackedAnnotatedType.java:163)
		at org.jboss.weld.util.LazyValueHolder.get(LazyValueHolder.java:46)
		at org.jboss.weld.annotated.slim.backed.BackedAnnotatedType$EagerlyInitializedLazyValueHolder.<init>(BackedAnnotatedType.java:159)
		at org.jboss.weld.annotated.slim.backed.BackedAnnotatedType$BackedAnnotatedConstructors.<init>(BackedAnnotatedType.java:163)
		at org.jboss.weld.annotated.slim.backed.BackedAnnotatedType$BackedAnnotatedConstructors.<init>(BackedAnnotatedType.java:163)
		at org.jboss.weld.annotated.slim.backed.BackedAnnotatedType.<init>(BackedAnnotatedType.java:64)
		at org.jboss.weld.annotated.slim.backed.BackedAnnotatedType.of(BackedAnnotatedType.java:47)
		at org.jboss.weld.resources.ClassTransformer$TransformClassToBackedAnnotatedType.apply(ClassTransformer.java:84)
		at org.jboss.weld.resources.ClassTransformer$TransformClassToBackedAnnotatedType.apply(ClassTransformer.java:79)
		at org.jboss.weld.util.cache.ReentrantMapBackedComputingCache.lambda$new$0(ReentrantMapBackedComputingCache.java:55)
		at org.jboss.weld.util.WeakLazyValueHolder$1.computeValue(WeakLazyValueHolder.java:35)
		at org.jboss.weld.util.WeakLazyValueHolder.get(WeakLazyValueHolder.java:53)
		at org.jboss.weld.util.cache.ReentrantMapBackedComputingCache.getValue(ReentrantMapBackedComputingCache.java:72)
		at org.jboss.weld.util.cache.ReentrantMapBackedComputingCache.getCastValue(ReentrantMapBackedComputingCache.java:78)
		at org.jboss.weld.resources.ClassTransformer.getBackedAnnotatedType(ClassTransformer.java:177)
		... 44 more
	Caused by: java.lang.ClassNotFoundException: javax.activation.DataSource
		at java.base/jdk.internal.loader.BuiltinClassLoader.loadClass(BuiltinClassLoader.java:581)
		at java.base/jdk.internal.loader.ClassLoaders$AppClassLoader.loadClass(ClassLoaders.java:178)
		at java.base/java.lang.ClassLoader.loadClass(ClassLoader.java:527)
		... 64 more
19-10-2024 05:25 | [ERREUR]
FV/191024/0016, non comptabilisé: Le service de comptabilisation est introuvable
19-10-2024 05:28 | [INFO]Ouverture de l'application...
19-10-2024 05:28 | [AVERTISSEMENT]Votre version de java ne supporte pas le systèm Tray...
19-10-2024 05:29 | [ERREUR]

org.jboss.weld.exceptions.DefinitionException: Exception List with 1 exceptions:
Exception 0 :
org.jboss.weld.resources.spi.ResourceLoadingException: Error while loading class org.glassfish.jersey.message.internal.DataSourceProvider
	at org.jboss.weld.resources.ClassTransformer.getBackedAnnotatedType(ClassTransformer.java:186)
	at org.jboss.weld.resources.ClassTransformer.getBackedAnnotatedType(ClassTransformer.java:194)
	at org.jboss.weld.manager.BeanManagerImpl.createAnnotatedType(BeanManagerImpl.java:1128)
	at org.jboss.weld.util.ForwardingBeanManager.createAnnotatedType(ForwardingBeanManager.java:199)
	at org.glassfish.jersey.inject.cdi.se.bean.BeanHelper.registerBean(BeanHelper.java:125)
	at org.glassfish.jersey.inject.cdi.se.SeBeanRegisterExtension.registerBeans(SeBeanRegisterExtension.java:170)
	at java.base/jdk.internal.reflect.NativeMethodAccessorImpl.invoke0(Native Method)
	at java.base/jdk.internal.reflect.NativeMethodAccessorImpl.invoke(NativeMethodAccessorImpl.java:62)
	at java.base/jdk.internal.reflect.DelegatingMethodAccessorImpl.invoke(DelegatingMethodAccessorImpl.java:43)
	at java.base/java.lang.reflect.Method.invoke(Method.java:566)
	at org.jboss.weld.injection.StaticMethodInjectionPoint.invoke(StaticMethodInjectionPoint.java:95)
	at org.jboss.weld.injection.MethodInvocationStrategy$SpecialParamPlusBeanManagerStrategy.invoke(MethodInvocationStrategy.java:187)
	at org.jboss.weld.event.ObserverMethodImpl.sendEvent(ObserverMethodImpl.java:330)
	at org.jboss.weld.event.ExtensionObserverMethodImpl.sendEvent(ExtensionObserverMethodImpl.java:123)
	at org.jboss.weld.event.ObserverMethodImpl.sendEvent(ObserverMethodImpl.java:308)
	at org.jboss.weld.event.ObserverMethodImpl.notify(ObserverMethodImpl.java:286)
	at javax.enterprise.inject.spi.ObserverMethod.notify(ObserverMethod.java:124)
	at org.jboss.weld.util.Observers.notify(Observers.java:166)
	at org.jboss.weld.event.ObserverNotifier.notifySyncObservers(ObserverNotifier.java:285)
	at org.jboss.weld.event.ObserverNotifier.notify(ObserverNotifier.java:273)
	at org.jboss.weld.event.ObserverNotifier.fireEvent(ObserverNotifier.java:177)
	at org.jboss.weld.event.ObserverNotifier.fireEvent(ObserverNotifier.java:171)
	at org.jboss.weld.bootstrap.events.AbstractContainerEvent.fire(AbstractContainerEvent.java:53)
	at org.jboss.weld.bootstrap.events.AbstractDefinitionContainerEvent.fire(AbstractDefinitionContainerEvent.java:44)
	at org.jboss.weld.bootstrap.events.AfterBeanDiscoveryImpl.fire(AfterBeanDiscoveryImpl.java:75)
	at org.jboss.weld.bootstrap.WeldStartup.deployBeans(WeldStartup.java:462)
	at org.jboss.weld.bootstrap.WeldBootstrap.deployBeans(WeldBootstrap.java:86)
	at org.jboss.weld.environment.se.Weld.initialize(Weld.java:803)
	at org.jboss.weld.environment.se.Weld.initialize(Weld.java:176)
	at org.glassfish.jersey.inject.cdi.se.CdiSeInjectionManager.completeRegistration(CdiSeInjectionManager.java:253)
	at org.glassfish.jersey.client.ClientConfig$State.initRuntime(ClientConfig.java:468)
	at org.glassfish.jersey.internal.util.collection.Values$LazyValueImpl.get(Values.java:341)
	at org.glassfish.jersey.client.ClientConfig.getRuntime(ClientConfig.java:826)
	at org.glassfish.jersey.client.ClientRequest.getConfiguration(ClientRequest.java:285)
	at org.glassfish.jersey.client.JerseyInvocation.validateHttpMethodAndEntity(JerseyInvocation.java:143)
	at org.glassfish.jersey.client.JerseyInvocation.<init>(JerseyInvocation.java:112)
	at org.glassfish.jersey.client.JerseyInvocation.<init>(JerseyInvocation.java:108)
	at org.glassfish.jersey.client.JerseyInvocation.<init>(JerseyInvocation.java:99)
	at org.glassfish.jersey.client.JerseyInvocation$Builder.method(JerseyInvocation.java:445)
	at org.glassfish.jersey.client.JerseyInvocation$Builder.post(JerseyInvocation.java:351)
	at com.lymytz.lymytzsell.synchro.ws.WsSynchro.livraisonDocVente(WsSynchro.java:240)
	at com.lymytz.lymytzsell.service.application.service.ServiceLivraison.saveLivraison(ServiceLivraison.java:53)
	at com.lymytz.lymytzsell.view.main.HomeCaisseController.saveLivraisonAndreglement(HomeCaisseController.java:811)
	at com.lymytz.lymytzsell.view.main.HomeCaisseController.lambda$confirmValideFacture$8(HomeCaisseController.java:657)
	at java.base/java.lang.Thread.run(Thread.java:829)
Caused by: java.lang.NoClassDefFoundError: javax/activation/DataSource
	at java.base/java.lang.Class.getDeclaredConstructors0(Native Method)
	at java.base/java.lang.Class.privateGetDeclaredConstructors(Class.java:3137)
	at java.base/java.lang.Class.getDeclaredConstructors(Class.java:2357)
	at org.jboss.weld.annotated.slim.backed.SecurityActions.getDeclaredConstructors(SecurityActions.java:57)
	at org.jboss.weld.annotated.slim.backed.BackedAnnotatedType$BackedAnnotatedConstructors.computeValue(BackedAnnotatedType.java:166)
	at org.jboss.weld.annotated.slim.backed.BackedAnnotatedType$BackedAnnotatedConstructors.computeValue(BackedAnnotatedType.java:163)
	at org.jboss.weld.util.LazyValueHolder.get(LazyValueHolder.java:46)
	at org.jboss.weld.annotated.slim.backed.BackedAnnotatedType$EagerlyInitializedLazyValueHolder.<init>(BackedAnnotatedType.java:159)
	at org.jboss.weld.annotated.slim.backed.BackedAnnotatedType$BackedAnnotatedConstructors.<init>(BackedAnnotatedType.java:163)
	at org.jboss.weld.annotated.slim.backed.BackedAnnotatedType$BackedAnnotatedConstructors.<init>(BackedAnnotatedType.java:163)
	at org.jboss.weld.annotated.slim.backed.BackedAnnotatedType.<init>(BackedAnnotatedType.java:64)
	at org.jboss.weld.annotated.slim.backed.BackedAnnotatedType.of(BackedAnnotatedType.java:47)
	at org.jboss.weld.resources.ClassTransformer$TransformClassToBackedAnnotatedType.apply(ClassTransformer.java:84)
	at org.jboss.weld.resources.ClassTransformer$TransformClassToBackedAnnotatedType.apply(ClassTransformer.java:79)
	at org.jboss.weld.util.cache.ReentrantMapBackedComputingCache.lambda$new$0(ReentrantMapBackedComputingCache.java:55)
	at org.jboss.weld.util.WeakLazyValueHolder$1.computeValue(WeakLazyValueHolder.java:35)
	at org.jboss.weld.util.WeakLazyValueHolder.get(WeakLazyValueHolder.java:53)
	at org.jboss.weld.util.cache.ReentrantMapBackedComputingCache.getValue(ReentrantMapBackedComputingCache.java:72)
	at org.jboss.weld.util.cache.ReentrantMapBackedComputingCache.getCastValue(ReentrantMapBackedComputingCache.java:78)
	at org.jboss.weld.resources.ClassTransformer.getBackedAnnotatedType(ClassTransformer.java:177)
	... 44 more
Caused by: java.lang.ClassNotFoundException: javax.activation.DataSource
	at java.base/jdk.internal.loader.BuiltinClassLoader.loadClass(BuiltinClassLoader.java:581)
	at java.base/jdk.internal.loader.ClassLoaders$AppClassLoader.loadClass(ClassLoaders.java:178)
	at java.base/java.lang.ClassLoader.loadClass(ClassLoader.java:527)
	... 64 more

	at org.jboss.weld.bootstrap.events.AbstractDefinitionContainerEvent.fire(AbstractDefinitionContainerEvent.java:46)
	at org.jboss.weld.bootstrap.events.AfterBeanDiscoveryImpl.fire(AfterBeanDiscoveryImpl.java:75)
	at org.jboss.weld.bootstrap.WeldStartup.deployBeans(WeldStartup.java:462)
	at org.jboss.weld.bootstrap.WeldBootstrap.deployBeans(WeldBootstrap.java:86)
	at org.jboss.weld.environment.se.Weld.initialize(Weld.java:803)
	at org.jboss.weld.environment.se.Weld.initialize(Weld.java:176)
	at org.glassfish.jersey.inject.cdi.se.CdiSeInjectionManager.completeRegistration(CdiSeInjectionManager.java:253)
	at org.glassfish.jersey.client.ClientConfig$State.initRuntime(ClientConfig.java:468)
	at org.glassfish.jersey.internal.util.collection.Values$LazyValueImpl.get(Values.java:341)
	at org.glassfish.jersey.client.ClientConfig.getRuntime(ClientConfig.java:826)
	at org.glassfish.jersey.client.ClientRequest.getConfiguration(ClientRequest.java:285)
	at org.glassfish.jersey.client.JerseyInvocation.validateHttpMethodAndEntity(JerseyInvocation.java:143)
	at org.glassfish.jersey.client.JerseyInvocation.<init>(JerseyInvocation.java:112)
	at org.glassfish.jersey.client.JerseyInvocation.<init>(JerseyInvocation.java:108)
	at org.glassfish.jersey.client.JerseyInvocation.<init>(JerseyInvocation.java:99)
	at org.glassfish.jersey.client.JerseyInvocation$Builder.method(JerseyInvocation.java:445)
	at org.glassfish.jersey.client.JerseyInvocation$Builder.post(JerseyInvocation.java:351)
	at com.lymytz.lymytzsell.synchro.ws.WsSynchro.livraisonDocVente(WsSynchro.java:240)
	at com.lymytz.lymytzsell.service.application.service.ServiceLivraison.saveLivraison(ServiceLivraison.java:53)
	at com.lymytz.lymytzsell.view.main.HomeCaisseController.saveLivraisonAndreglement(HomeCaisseController.java:811)
	at com.lymytz.lymytzsell.view.main.HomeCaisseController.lambda$confirmValideFacture$8(HomeCaisseController.java:657)
	at java.base/java.lang.Thread.run(Thread.java:829)
	Suppressed: org.jboss.weld.resources.spi.ResourceLoadingException: Error while loading class org.glassfish.jersey.message.internal.DataSourceProvider
		at org.jboss.weld.resources.ClassTransformer.getBackedAnnotatedType(ClassTransformer.java:186)
		at org.jboss.weld.resources.ClassTransformer.getBackedAnnotatedType(ClassTransformer.java:194)
		at org.jboss.weld.manager.BeanManagerImpl.createAnnotatedType(BeanManagerImpl.java:1128)
		at org.jboss.weld.util.ForwardingBeanManager.createAnnotatedType(ForwardingBeanManager.java:199)
		at org.glassfish.jersey.inject.cdi.se.bean.BeanHelper.registerBean(BeanHelper.java:125)
		at org.glassfish.jersey.inject.cdi.se.SeBeanRegisterExtension.registerBeans(SeBeanRegisterExtension.java:170)
		at java.base/jdk.internal.reflect.NativeMethodAccessorImpl.invoke0(Native Method)
		at java.base/jdk.internal.reflect.NativeMethodAccessorImpl.invoke(NativeMethodAccessorImpl.java:62)
		at java.base/jdk.internal.reflect.DelegatingMethodAccessorImpl.invoke(DelegatingMethodAccessorImpl.java:43)
		at java.base/java.lang.reflect.Method.invoke(Method.java:566)
		at org.jboss.weld.injection.StaticMethodInjectionPoint.invoke(StaticMethodInjectionPoint.java:95)
		at org.jboss.weld.injection.MethodInvocationStrategy$SpecialParamPlusBeanManagerStrategy.invoke(MethodInvocationStrategy.java:187)
		at org.jboss.weld.event.ObserverMethodImpl.sendEvent(ObserverMethodImpl.java:330)
		at org.jboss.weld.event.ExtensionObserverMethodImpl.sendEvent(ExtensionObserverMethodImpl.java:123)
		at org.jboss.weld.event.ObserverMethodImpl.sendEvent(ObserverMethodImpl.java:308)
		at org.jboss.weld.event.ObserverMethodImpl.notify(ObserverMethodImpl.java:286)
		at javax.enterprise.inject.spi.ObserverMethod.notify(ObserverMethod.java:124)
		at org.jboss.weld.util.Observers.notify(Observers.java:166)
		at org.jboss.weld.event.ObserverNotifier.notifySyncObservers(ObserverNotifier.java:285)
		at org.jboss.weld.event.ObserverNotifier.notify(ObserverNotifier.java:273)
		at org.jboss.weld.event.ObserverNotifier.fireEvent(ObserverNotifier.java:177)
		at org.jboss.weld.event.ObserverNotifier.fireEvent(ObserverNotifier.java:171)
		at org.jboss.weld.bootstrap.events.AbstractContainerEvent.fire(AbstractContainerEvent.java:53)
		at org.jboss.weld.bootstrap.events.AbstractDefinitionContainerEvent.fire(AbstractDefinitionContainerEvent.java:44)
		... 21 more
	Caused by: java.lang.NoClassDefFoundError: javax/activation/DataSource
		at java.base/java.lang.Class.getDeclaredConstructors0(Native Method)
		at java.base/java.lang.Class.privateGetDeclaredConstructors(Class.java:3137)
		at java.base/java.lang.Class.getDeclaredConstructors(Class.java:2357)
		at org.jboss.weld.annotated.slim.backed.SecurityActions.getDeclaredConstructors(SecurityActions.java:57)
		at org.jboss.weld.annotated.slim.backed.BackedAnnotatedType$BackedAnnotatedConstructors.computeValue(BackedAnnotatedType.java:166)
		at org.jboss.weld.annotated.slim.backed.BackedAnnotatedType$BackedAnnotatedConstructors.computeValue(BackedAnnotatedType.java:163)
		at org.jboss.weld.util.LazyValueHolder.get(LazyValueHolder.java:46)
		at org.jboss.weld.annotated.slim.backed.BackedAnnotatedType$EagerlyInitializedLazyValueHolder.<init>(BackedAnnotatedType.java:159)
		at org.jboss.weld.annotated.slim.backed.BackedAnnotatedType$BackedAnnotatedConstructors.<init>(BackedAnnotatedType.java:163)
		at org.jboss.weld.annotated.slim.backed.BackedAnnotatedType$BackedAnnotatedConstructors.<init>(BackedAnnotatedType.java:163)
		at org.jboss.weld.annotated.slim.backed.BackedAnnotatedType.<init>(BackedAnnotatedType.java:64)
		at org.jboss.weld.annotated.slim.backed.BackedAnnotatedType.of(BackedAnnotatedType.java:47)
		at org.jboss.weld.resources.ClassTransformer$TransformClassToBackedAnnotatedType.apply(ClassTransformer.java:84)
		at org.jboss.weld.resources.ClassTransformer$TransformClassToBackedAnnotatedType.apply(ClassTransformer.java:79)
		at org.jboss.weld.util.cache.ReentrantMapBackedComputingCache.lambda$new$0(ReentrantMapBackedComputingCache.java:55)
		at org.jboss.weld.util.WeakLazyValueHolder$1.computeValue(WeakLazyValueHolder.java:35)
		at org.jboss.weld.util.WeakLazyValueHolder.get(WeakLazyValueHolder.java:53)
		at org.jboss.weld.util.cache.ReentrantMapBackedComputingCache.getValue(ReentrantMapBackedComputingCache.java:72)
		at org.jboss.weld.util.cache.ReentrantMapBackedComputingCache.getCastValue(ReentrantMapBackedComputingCache.java:78)
		at org.jboss.weld.resources.ClassTransformer.getBackedAnnotatedType(ClassTransformer.java:177)
		... 44 more
	Caused by: java.lang.ClassNotFoundException: javax.activation.DataSource
		at java.base/jdk.internal.loader.BuiltinClassLoader.loadClass(BuiltinClassLoader.java:581)
		at java.base/jdk.internal.loader.ClassLoaders$AppClassLoader.loadClass(ClassLoaders.java:178)
		at java.base/java.lang.ClassLoader.loadClass(ClassLoader.java:527)
		... 64 more
19-10-2024 05:29 | [ERREUR]
FV/191024/0017, non comptabilisé: Le service de comptabilisation est introuvable
19-10-2024 05:46 | [INFO]Ouverture de l'application...
19-10-2024 05:46 | [AVERTISSEMENT]Votre version de java ne supporte pas le systèm Tray...
19-10-2024 05:47 | [ERREUR]

org.jboss.weld.exceptions.DefinitionException: Exception List with 1 exceptions:
Exception 0 :
org.jboss.weld.resources.spi.ResourceLoadingException: Error while loading class org.glassfish.jersey.message.internal.DataSourceProvider
	at org.jboss.weld.resources.ClassTransformer.getBackedAnnotatedType(ClassTransformer.java:186)
	at org.jboss.weld.resources.ClassTransformer.getBackedAnnotatedType(ClassTransformer.java:194)
	at org.jboss.weld.manager.BeanManagerImpl.createAnnotatedType(BeanManagerImpl.java:1128)
	at org.jboss.weld.util.ForwardingBeanManager.createAnnotatedType(ForwardingBeanManager.java:199)
	at org.glassfish.jersey.inject.cdi.se.bean.BeanHelper.registerBean(BeanHelper.java:125)
	at org.glassfish.jersey.inject.cdi.se.SeBeanRegisterExtension.registerBeans(SeBeanRegisterExtension.java:170)
	at java.base/jdk.internal.reflect.NativeMethodAccessorImpl.invoke0(Native Method)
	at java.base/jdk.internal.reflect.NativeMethodAccessorImpl.invoke(NativeMethodAccessorImpl.java:62)
	at java.base/jdk.internal.reflect.DelegatingMethodAccessorImpl.invoke(DelegatingMethodAccessorImpl.java:43)
	at java.base/java.lang.reflect.Method.invoke(Method.java:566)
	at org.jboss.weld.injection.StaticMethodInjectionPoint.invoke(StaticMethodInjectionPoint.java:95)
	at org.jboss.weld.injection.MethodInvocationStrategy$SpecialParamPlusBeanManagerStrategy.invoke(MethodInvocationStrategy.java:187)
	at org.jboss.weld.event.ObserverMethodImpl.sendEvent(ObserverMethodImpl.java:330)
	at org.jboss.weld.event.ExtensionObserverMethodImpl.sendEvent(ExtensionObserverMethodImpl.java:123)
	at org.jboss.weld.event.ObserverMethodImpl.sendEvent(ObserverMethodImpl.java:308)
	at org.jboss.weld.event.ObserverMethodImpl.notify(ObserverMethodImpl.java:286)
	at javax.enterprise.inject.spi.ObserverMethod.notify(ObserverMethod.java:124)
	at org.jboss.weld.util.Observers.notify(Observers.java:166)
	at org.jboss.weld.event.ObserverNotifier.notifySyncObservers(ObserverNotifier.java:285)
	at org.jboss.weld.event.ObserverNotifier.notify(ObserverNotifier.java:273)
	at org.jboss.weld.event.ObserverNotifier.fireEvent(ObserverNotifier.java:177)
	at org.jboss.weld.event.ObserverNotifier.fireEvent(ObserverNotifier.java:171)
	at org.jboss.weld.bootstrap.events.AbstractContainerEvent.fire(AbstractContainerEvent.java:53)
	at org.jboss.weld.bootstrap.events.AbstractDefinitionContainerEvent.fire(AbstractDefinitionContainerEvent.java:44)
	at org.jboss.weld.bootstrap.events.AfterBeanDiscoveryImpl.fire(AfterBeanDiscoveryImpl.java:75)
	at org.jboss.weld.bootstrap.WeldStartup.deployBeans(WeldStartup.java:462)
	at org.jboss.weld.bootstrap.WeldBootstrap.deployBeans(WeldBootstrap.java:86)
	at org.jboss.weld.environment.se.Weld.initialize(Weld.java:803)
	at org.jboss.weld.environment.se.Weld.initialize(Weld.java:176)
	at org.glassfish.jersey.inject.cdi.se.CdiSeInjectionManager.completeRegistration(CdiSeInjectionManager.java:253)
	at org.glassfish.jersey.client.ClientConfig$State.initRuntime(ClientConfig.java:468)
	at org.glassfish.jersey.internal.util.collection.Values$LazyValueImpl.get(Values.java:341)
	at org.glassfish.jersey.client.ClientConfig.getRuntime(ClientConfig.java:826)
	at org.glassfish.jersey.client.ClientRequest.getConfiguration(ClientRequest.java:285)
	at org.glassfish.jersey.client.JerseyInvocation.validateHttpMethodAndEntity(JerseyInvocation.java:143)
	at org.glassfish.jersey.client.JerseyInvocation.<init>(JerseyInvocation.java:112)
	at org.glassfish.jersey.client.JerseyInvocation.<init>(JerseyInvocation.java:108)
	at org.glassfish.jersey.client.JerseyInvocation.<init>(JerseyInvocation.java:99)
	at org.glassfish.jersey.client.JerseyInvocation$Builder.method(JerseyInvocation.java:445)
	at org.glassfish.jersey.client.JerseyInvocation$Builder.post(JerseyInvocation.java:351)
	at com.lymytz.lymytzsell.synchro.ws.WsSynchro.livraisonDocVente(WsSynchro.java:240)
	at com.lymytz.lymytzsell.service.application.service.ServiceLivraison.saveLivraison(ServiceLivraison.java:53)
	at com.lymytz.lymytzsell.view.main.HomeCaisseController.saveLivraisonAndreglement(HomeCaisseController.java:811)
	at com.lymytz.lymytzsell.view.main.HomeCaisseController.lambda$confirmValideFacture$8(HomeCaisseController.java:657)
	at java.base/java.lang.Thread.run(Thread.java:829)
Caused by: java.lang.NoClassDefFoundError: javax/activation/DataSource
	at java.base/java.lang.Class.getDeclaredConstructors0(Native Method)
	at java.base/java.lang.Class.privateGetDeclaredConstructors(Class.java:3137)
	at java.base/java.lang.Class.getDeclaredConstructors(Class.java:2357)
	at org.jboss.weld.annotated.slim.backed.SecurityActions.getDeclaredConstructors(SecurityActions.java:57)
	at org.jboss.weld.annotated.slim.backed.BackedAnnotatedType$BackedAnnotatedConstructors.computeValue(BackedAnnotatedType.java:166)
	at org.jboss.weld.annotated.slim.backed.BackedAnnotatedType$BackedAnnotatedConstructors.computeValue(BackedAnnotatedType.java:163)
	at org.jboss.weld.util.LazyValueHolder.get(LazyValueHolder.java:46)
	at org.jboss.weld.annotated.slim.backed.BackedAnnotatedType$EagerlyInitializedLazyValueHolder.<init>(BackedAnnotatedType.java:159)
	at org.jboss.weld.annotated.slim.backed.BackedAnnotatedType$BackedAnnotatedConstructors.<init>(BackedAnnotatedType.java:163)
	at org.jboss.weld.annotated.slim.backed.BackedAnnotatedType$BackedAnnotatedConstructors.<init>(BackedAnnotatedType.java:163)
	at org.jboss.weld.annotated.slim.backed.BackedAnnotatedType.<init>(BackedAnnotatedType.java:64)
	at org.jboss.weld.annotated.slim.backed.BackedAnnotatedType.of(BackedAnnotatedType.java:47)
	at org.jboss.weld.resources.ClassTransformer$TransformClassToBackedAnnotatedType.apply(ClassTransformer.java:84)
	at org.jboss.weld.resources.ClassTransformer$TransformClassToBackedAnnotatedType.apply(ClassTransformer.java:79)
	at org.jboss.weld.util.cache.ReentrantMapBackedComputingCache.lambda$new$0(ReentrantMapBackedComputingCache.java:55)
	at org.jboss.weld.util.WeakLazyValueHolder$1.computeValue(WeakLazyValueHolder.java:35)
	at org.jboss.weld.util.WeakLazyValueHolder.get(WeakLazyValueHolder.java:53)
	at org.jboss.weld.util.cache.ReentrantMapBackedComputingCache.getValue(ReentrantMapBackedComputingCache.java:72)
	at org.jboss.weld.util.cache.ReentrantMapBackedComputingCache.getCastValue(ReentrantMapBackedComputingCache.java:78)
	at org.jboss.weld.resources.ClassTransformer.getBackedAnnotatedType(ClassTransformer.java:177)
	... 44 more
Caused by: java.lang.ClassNotFoundException: javax.activation.DataSource
	at java.base/jdk.internal.loader.BuiltinClassLoader.loadClass(BuiltinClassLoader.java:581)
	at java.base/jdk.internal.loader.ClassLoaders$AppClassLoader.loadClass(ClassLoaders.java:178)
	at java.base/java.lang.ClassLoader.loadClass(ClassLoader.java:527)
	... 64 more

	at org.jboss.weld.bootstrap.events.AbstractDefinitionContainerEvent.fire(AbstractDefinitionContainerEvent.java:46)
	at org.jboss.weld.bootstrap.events.AfterBeanDiscoveryImpl.fire(AfterBeanDiscoveryImpl.java:75)
	at org.jboss.weld.bootstrap.WeldStartup.deployBeans(WeldStartup.java:462)
	at org.jboss.weld.bootstrap.WeldBootstrap.deployBeans(WeldBootstrap.java:86)
	at org.jboss.weld.environment.se.Weld.initialize(Weld.java:803)
	at org.jboss.weld.environment.se.Weld.initialize(Weld.java:176)
	at org.glassfish.jersey.inject.cdi.se.CdiSeInjectionManager.completeRegistration(CdiSeInjectionManager.java:253)
	at org.glassfish.jersey.client.ClientConfig$State.initRuntime(ClientConfig.java:468)
	at org.glassfish.jersey.internal.util.collection.Values$LazyValueImpl.get(Values.java:341)
	at org.glassfish.jersey.client.ClientConfig.getRuntime(ClientConfig.java:826)
	at org.glassfish.jersey.client.ClientRequest.getConfiguration(ClientRequest.java:285)
	at org.glassfish.jersey.client.JerseyInvocation.validateHttpMethodAndEntity(JerseyInvocation.java:143)
	at org.glassfish.jersey.client.JerseyInvocation.<init>(JerseyInvocation.java:112)
	at org.glassfish.jersey.client.JerseyInvocation.<init>(JerseyInvocation.java:108)
	at org.glassfish.jersey.client.JerseyInvocation.<init>(JerseyInvocation.java:99)
	at org.glassfish.jersey.client.JerseyInvocation$Builder.method(JerseyInvocation.java:445)
	at org.glassfish.jersey.client.JerseyInvocation$Builder.post(JerseyInvocation.java:351)
	at com.lymytz.lymytzsell.synchro.ws.WsSynchro.livraisonDocVente(WsSynchro.java:240)
	at com.lymytz.lymytzsell.service.application.service.ServiceLivraison.saveLivraison(ServiceLivraison.java:53)
	at com.lymytz.lymytzsell.view.main.HomeCaisseController.saveLivraisonAndreglement(HomeCaisseController.java:811)
	at com.lymytz.lymytzsell.view.main.HomeCaisseController.lambda$confirmValideFacture$8(HomeCaisseController.java:657)
	at java.base/java.lang.Thread.run(Thread.java:829)
	Suppressed: org.jboss.weld.resources.spi.ResourceLoadingException: Error while loading class org.glassfish.jersey.message.internal.DataSourceProvider
		at org.jboss.weld.resources.ClassTransformer.getBackedAnnotatedType(ClassTransformer.java:186)
		at org.jboss.weld.resources.ClassTransformer.getBackedAnnotatedType(ClassTransformer.java:194)
		at org.jboss.weld.manager.BeanManagerImpl.createAnnotatedType(BeanManagerImpl.java:1128)
		at org.jboss.weld.util.ForwardingBeanManager.createAnnotatedType(ForwardingBeanManager.java:199)
		at org.glassfish.jersey.inject.cdi.se.bean.BeanHelper.registerBean(BeanHelper.java:125)
		at org.glassfish.jersey.inject.cdi.se.SeBeanRegisterExtension.registerBeans(SeBeanRegisterExtension.java:170)
		at java.base/jdk.internal.reflect.NativeMethodAccessorImpl.invoke0(Native Method)
		at java.base/jdk.internal.reflect.NativeMethodAccessorImpl.invoke(NativeMethodAccessorImpl.java:62)
		at java.base/jdk.internal.reflect.DelegatingMethodAccessorImpl.invoke(DelegatingMethodAccessorImpl.java:43)
		at java.base/java.lang.reflect.Method.invoke(Method.java:566)
		at org.jboss.weld.injection.StaticMethodInjectionPoint.invoke(StaticMethodInjectionPoint.java:95)
		at org.jboss.weld.injection.MethodInvocationStrategy$SpecialParamPlusBeanManagerStrategy.invoke(MethodInvocationStrategy.java:187)
		at org.jboss.weld.event.ObserverMethodImpl.sendEvent(ObserverMethodImpl.java:330)
		at org.jboss.weld.event.ExtensionObserverMethodImpl.sendEvent(ExtensionObserverMethodImpl.java:123)
		at org.jboss.weld.event.ObserverMethodImpl.sendEvent(ObserverMethodImpl.java:308)
		at org.jboss.weld.event.ObserverMethodImpl.notify(ObserverMethodImpl.java:286)
		at javax.enterprise.inject.spi.ObserverMethod.notify(ObserverMethod.java:124)
		at org.jboss.weld.util.Observers.notify(Observers.java:166)
		at org.jboss.weld.event.ObserverNotifier.notifySyncObservers(ObserverNotifier.java:285)
		at org.jboss.weld.event.ObserverNotifier.notify(ObserverNotifier.java:273)
		at org.jboss.weld.event.ObserverNotifier.fireEvent(ObserverNotifier.java:177)
		at org.jboss.weld.event.ObserverNotifier.fireEvent(ObserverNotifier.java:171)
		at org.jboss.weld.bootstrap.events.AbstractContainerEvent.fire(AbstractContainerEvent.java:53)
		at org.jboss.weld.bootstrap.events.AbstractDefinitionContainerEvent.fire(AbstractDefinitionContainerEvent.java:44)
		... 21 more
	Caused by: java.lang.NoClassDefFoundError: javax/activation/DataSource
		at java.base/java.lang.Class.getDeclaredConstructors0(Native Method)
		at java.base/java.lang.Class.privateGetDeclaredConstructors(Class.java:3137)
		at java.base/java.lang.Class.getDeclaredConstructors(Class.java:2357)
		at org.jboss.weld.annotated.slim.backed.SecurityActions.getDeclaredConstructors(SecurityActions.java:57)
		at org.jboss.weld.annotated.slim.backed.BackedAnnotatedType$BackedAnnotatedConstructors.computeValue(BackedAnnotatedType.java:166)
		at org.jboss.weld.annotated.slim.backed.BackedAnnotatedType$BackedAnnotatedConstructors.computeValue(BackedAnnotatedType.java:163)
		at org.jboss.weld.util.LazyValueHolder.get(LazyValueHolder.java:46)
		at org.jboss.weld.annotated.slim.backed.BackedAnnotatedType$EagerlyInitializedLazyValueHolder.<init>(BackedAnnotatedType.java:159)
		at org.jboss.weld.annotated.slim.backed.BackedAnnotatedType$BackedAnnotatedConstructors.<init>(BackedAnnotatedType.java:163)
		at org.jboss.weld.annotated.slim.backed.BackedAnnotatedType$BackedAnnotatedConstructors.<init>(BackedAnnotatedType.java:163)
		at org.jboss.weld.annotated.slim.backed.BackedAnnotatedType.<init>(BackedAnnotatedType.java:64)
		at org.jboss.weld.annotated.slim.backed.BackedAnnotatedType.of(BackedAnnotatedType.java:47)
		at org.jboss.weld.resources.ClassTransformer$TransformClassToBackedAnnotatedType.apply(ClassTransformer.java:84)
		at org.jboss.weld.resources.ClassTransformer$TransformClassToBackedAnnotatedType.apply(ClassTransformer.java:79)
		at org.jboss.weld.util.cache.ReentrantMapBackedComputingCache.lambda$new$0(ReentrantMapBackedComputingCache.java:55)
		at org.jboss.weld.util.WeakLazyValueHolder$1.computeValue(WeakLazyValueHolder.java:35)
		at org.jboss.weld.util.WeakLazyValueHolder.get(WeakLazyValueHolder.java:53)
		at org.jboss.weld.util.cache.ReentrantMapBackedComputingCache.getValue(ReentrantMapBackedComputingCache.java:72)
		at org.jboss.weld.util.cache.ReentrantMapBackedComputingCache.getCastValue(ReentrantMapBackedComputingCache.java:78)
		at org.jboss.weld.resources.ClassTransformer.getBackedAnnotatedType(ClassTransformer.java:177)
		... 44 more
	Caused by: java.lang.ClassNotFoundException: javax.activation.DataSource
		at java.base/jdk.internal.loader.BuiltinClassLoader.loadClass(BuiltinClassLoader.java:581)
		at java.base/jdk.internal.loader.ClassLoaders$AppClassLoader.loadClass(ClassLoaders.java:178)
		at java.base/java.lang.ClassLoader.loadClass(ClassLoader.java:527)
		... 64 more
19-10-2024 05:47 | [ERREUR]
FV/191024/0018, non comptabilisé: Le service de comptabilisation est introuvable
19-10-2024 05:56 | [INFO]Ouverture de l'application...
19-10-2024 05:57 | [AVERTISSEMENT]Votre version de java ne supporte pas le systèm Tray...
19-10-2024 05:57 | [ERREUR]

org.jboss.weld.exceptions.DefinitionException: Exception List with 1 exceptions:
Exception 0 :
org.jboss.weld.resources.spi.ResourceLoadingException: Error while loading class org.glassfish.jersey.message.internal.DataSourceProvider
	at org.jboss.weld.resources.ClassTransformer.getBackedAnnotatedType(ClassTransformer.java:186)
	at org.jboss.weld.resources.ClassTransformer.getBackedAnnotatedType(ClassTransformer.java:194)
	at org.jboss.weld.manager.BeanManagerImpl.createAnnotatedType(BeanManagerImpl.java:1128)
	at org.jboss.weld.util.ForwardingBeanManager.createAnnotatedType(ForwardingBeanManager.java:199)
	at org.glassfish.jersey.inject.cdi.se.bean.BeanHelper.registerBean(BeanHelper.java:125)
	at org.glassfish.jersey.inject.cdi.se.SeBeanRegisterExtension.registerBeans(SeBeanRegisterExtension.java:170)
	at java.base/jdk.internal.reflect.NativeMethodAccessorImpl.invoke0(Native Method)
	at java.base/jdk.internal.reflect.NativeMethodAccessorImpl.invoke(NativeMethodAccessorImpl.java:62)
	at java.base/jdk.internal.reflect.DelegatingMethodAccessorImpl.invoke(DelegatingMethodAccessorImpl.java:43)
	at java.base/java.lang.reflect.Method.invoke(Method.java:566)
	at org.jboss.weld.injection.StaticMethodInjectionPoint.invoke(StaticMethodInjectionPoint.java:95)
	at org.jboss.weld.injection.MethodInvocationStrategy$SpecialParamPlusBeanManagerStrategy.invoke(MethodInvocationStrategy.java:187)
	at org.jboss.weld.event.ObserverMethodImpl.sendEvent(ObserverMethodImpl.java:330)
	at org.jboss.weld.event.ExtensionObserverMethodImpl.sendEvent(ExtensionObserverMethodImpl.java:123)
	at org.jboss.weld.event.ObserverMethodImpl.sendEvent(ObserverMethodImpl.java:308)
	at org.jboss.weld.event.ObserverMethodImpl.notify(ObserverMethodImpl.java:286)
	at javax.enterprise.inject.spi.ObserverMethod.notify(ObserverMethod.java:124)
	at org.jboss.weld.util.Observers.notify(Observers.java:166)
	at org.jboss.weld.event.ObserverNotifier.notifySyncObservers(ObserverNotifier.java:285)
	at org.jboss.weld.event.ObserverNotifier.notify(ObserverNotifier.java:273)
	at org.jboss.weld.event.ObserverNotifier.fireEvent(ObserverNotifier.java:177)
	at org.jboss.weld.event.ObserverNotifier.fireEvent(ObserverNotifier.java:171)
	at org.jboss.weld.bootstrap.events.AbstractContainerEvent.fire(AbstractContainerEvent.java:53)
	at org.jboss.weld.bootstrap.events.AbstractDefinitionContainerEvent.fire(AbstractDefinitionContainerEvent.java:44)
	at org.jboss.weld.bootstrap.events.AfterBeanDiscoveryImpl.fire(AfterBeanDiscoveryImpl.java:75)
	at org.jboss.weld.bootstrap.WeldStartup.deployBeans(WeldStartup.java:462)
	at org.jboss.weld.bootstrap.WeldBootstrap.deployBeans(WeldBootstrap.java:86)
	at org.jboss.weld.environment.se.Weld.initialize(Weld.java:803)
	at org.jboss.weld.environment.se.Weld.initialize(Weld.java:176)
	at org.glassfish.jersey.inject.cdi.se.CdiSeInjectionManager.completeRegistration(CdiSeInjectionManager.java:253)
	at org.glassfish.jersey.client.ClientConfig$State.initRuntime(ClientConfig.java:468)
	at org.glassfish.jersey.internal.util.collection.Values$LazyValueImpl.get(Values.java:341)
	at org.glassfish.jersey.client.ClientConfig.getRuntime(ClientConfig.java:826)
	at org.glassfish.jersey.client.ClientRequest.getConfiguration(ClientRequest.java:285)
	at org.glassfish.jersey.client.JerseyInvocation.validateHttpMethodAndEntity(JerseyInvocation.java:143)
	at org.glassfish.jersey.client.JerseyInvocation.<init>(JerseyInvocation.java:112)
	at org.glassfish.jersey.client.JerseyInvocation.<init>(JerseyInvocation.java:108)
	at org.glassfish.jersey.client.JerseyInvocation.<init>(JerseyInvocation.java:99)
	at org.glassfish.jersey.client.JerseyInvocation$Builder.method(JerseyInvocation.java:445)
	at org.glassfish.jersey.client.JerseyInvocation$Builder.post(JerseyInvocation.java:351)
	at com.lymytz.lymytzsell.synchro.ws.WsSynchro.livraisonDocVente(WsSynchro.java:240)
	at com.lymytz.lymytzsell.service.application.service.ServiceLivraison.saveLivraison(ServiceLivraison.java:53)
	at com.lymytz.lymytzsell.view.main.HomeCaisseController.saveLivraisonAndreglement(HomeCaisseController.java:811)
	at com.lymytz.lymytzsell.view.main.HomeCaisseController.lambda$confirmValideFacture$8(HomeCaisseController.java:657)
	at java.base/java.lang.Thread.run(Thread.java:829)
Caused by: java.lang.NoClassDefFoundError: javax/activation/DataSource
	at java.base/java.lang.Class.getDeclaredConstructors0(Native Method)
	at java.base/java.lang.Class.privateGetDeclaredConstructors(Class.java:3137)
	at java.base/java.lang.Class.getDeclaredConstructors(Class.java:2357)
	at org.jboss.weld.annotated.slim.backed.SecurityActions.getDeclaredConstructors(SecurityActions.java:57)
	at org.jboss.weld.annotated.slim.backed.BackedAnnotatedType$BackedAnnotatedConstructors.computeValue(BackedAnnotatedType.java:166)
	at org.jboss.weld.annotated.slim.backed.BackedAnnotatedType$BackedAnnotatedConstructors.computeValue(BackedAnnotatedType.java:163)
	at org.jboss.weld.util.LazyValueHolder.get(LazyValueHolder.java:46)
	at org.jboss.weld.annotated.slim.backed.BackedAnnotatedType$EagerlyInitializedLazyValueHolder.<init>(BackedAnnotatedType.java:159)
	at org.jboss.weld.annotated.slim.backed.BackedAnnotatedType$BackedAnnotatedConstructors.<init>(BackedAnnotatedType.java:163)
	at org.jboss.weld.annotated.slim.backed.BackedAnnotatedType$BackedAnnotatedConstructors.<init>(BackedAnnotatedType.java:163)
	at org.jboss.weld.annotated.slim.backed.BackedAnnotatedType.<init>(BackedAnnotatedType.java:64)
	at org.jboss.weld.annotated.slim.backed.BackedAnnotatedType.of(BackedAnnotatedType.java:47)
	at org.jboss.weld.resources.ClassTransformer$TransformClassToBackedAnnotatedType.apply(ClassTransformer.java:84)
	at org.jboss.weld.resources.ClassTransformer$TransformClassToBackedAnnotatedType.apply(ClassTransformer.java:79)
	at org.jboss.weld.util.cache.ReentrantMapBackedComputingCache.lambda$new$0(ReentrantMapBackedComputingCache.java:55)
	at org.jboss.weld.util.WeakLazyValueHolder$1.computeValue(WeakLazyValueHolder.java:35)
	at org.jboss.weld.util.WeakLazyValueHolder.get(WeakLazyValueHolder.java:53)
	at org.jboss.weld.util.cache.ReentrantMapBackedComputingCache.getValue(ReentrantMapBackedComputingCache.java:72)
	at org.jboss.weld.util.cache.ReentrantMapBackedComputingCache.getCastValue(ReentrantMapBackedComputingCache.java:78)
	at org.jboss.weld.resources.ClassTransformer.getBackedAnnotatedType(ClassTransformer.java:177)
	... 44 more
Caused by: java.lang.ClassNotFoundException: javax.activation.DataSource
	at java.base/jdk.internal.loader.BuiltinClassLoader.loadClass(BuiltinClassLoader.java:581)
	at java.base/jdk.internal.loader.ClassLoaders$AppClassLoader.loadClass(ClassLoaders.java:178)
	at java.base/java.lang.ClassLoader.loadClass(ClassLoader.java:527)
	... 64 more

	at org.jboss.weld.bootstrap.events.AbstractDefinitionContainerEvent.fire(AbstractDefinitionContainerEvent.java:46)
	at org.jboss.weld.bootstrap.events.AfterBeanDiscoveryImpl.fire(AfterBeanDiscoveryImpl.java:75)
	at org.jboss.weld.bootstrap.WeldStartup.deployBeans(WeldStartup.java:462)
	at org.jboss.weld.bootstrap.WeldBootstrap.deployBeans(WeldBootstrap.java:86)
	at org.jboss.weld.environment.se.Weld.initialize(Weld.java:803)
	at org.jboss.weld.environment.se.Weld.initialize(Weld.java:176)
	at org.glassfish.jersey.inject.cdi.se.CdiSeInjectionManager.completeRegistration(CdiSeInjectionManager.java:253)
	at org.glassfish.jersey.client.ClientConfig$State.initRuntime(ClientConfig.java:468)
	at org.glassfish.jersey.internal.util.collection.Values$LazyValueImpl.get(Values.java:341)
	at org.glassfish.jersey.client.ClientConfig.getRuntime(ClientConfig.java:826)
	at org.glassfish.jersey.client.ClientRequest.getConfiguration(ClientRequest.java:285)
	at org.glassfish.jersey.client.JerseyInvocation.validateHttpMethodAndEntity(JerseyInvocation.java:143)
	at org.glassfish.jersey.client.JerseyInvocation.<init>(JerseyInvocation.java:112)
	at org.glassfish.jersey.client.JerseyInvocation.<init>(JerseyInvocation.java:108)
	at org.glassfish.jersey.client.JerseyInvocation.<init>(JerseyInvocation.java:99)
	at org.glassfish.jersey.client.JerseyInvocation$Builder.method(JerseyInvocation.java:445)
	at org.glassfish.jersey.client.JerseyInvocation$Builder.post(JerseyInvocation.java:351)
	at com.lymytz.lymytzsell.synchro.ws.WsSynchro.livraisonDocVente(WsSynchro.java:240)
	at com.lymytz.lymytzsell.service.application.service.ServiceLivraison.saveLivraison(ServiceLivraison.java:53)
	at com.lymytz.lymytzsell.view.main.HomeCaisseController.saveLivraisonAndreglement(HomeCaisseController.java:811)
	at com.lymytz.lymytzsell.view.main.HomeCaisseController.lambda$confirmValideFacture$8(HomeCaisseController.java:657)
	at java.base/java.lang.Thread.run(Thread.java:829)
	Suppressed: org.jboss.weld.resources.spi.ResourceLoadingException: Error while loading class org.glassfish.jersey.message.internal.DataSourceProvider
		at org.jboss.weld.resources.ClassTransformer.getBackedAnnotatedType(ClassTransformer.java:186)
		at org.jboss.weld.resources.ClassTransformer.getBackedAnnotatedType(ClassTransformer.java:194)
		at org.jboss.weld.manager.BeanManagerImpl.createAnnotatedType(BeanManagerImpl.java:1128)
		at org.jboss.weld.util.ForwardingBeanManager.createAnnotatedType(ForwardingBeanManager.java:199)
		at org.glassfish.jersey.inject.cdi.se.bean.BeanHelper.registerBean(BeanHelper.java:125)
		at org.glassfish.jersey.inject.cdi.se.SeBeanRegisterExtension.registerBeans(SeBeanRegisterExtension.java:170)
		at java.base/jdk.internal.reflect.NativeMethodAccessorImpl.invoke0(Native Method)
		at java.base/jdk.internal.reflect.NativeMethodAccessorImpl.invoke(NativeMethodAccessorImpl.java:62)
		at java.base/jdk.internal.reflect.DelegatingMethodAccessorImpl.invoke(DelegatingMethodAccessorImpl.java:43)
		at java.base/java.lang.reflect.Method.invoke(Method.java:566)
		at org.jboss.weld.injection.StaticMethodInjectionPoint.invoke(StaticMethodInjectionPoint.java:95)
		at org.jboss.weld.injection.MethodInvocationStrategy$SpecialParamPlusBeanManagerStrategy.invoke(MethodInvocationStrategy.java:187)
		at org.jboss.weld.event.ObserverMethodImpl.sendEvent(ObserverMethodImpl.java:330)
		at org.jboss.weld.event.ExtensionObserverMethodImpl.sendEvent(ExtensionObserverMethodImpl.java:123)
		at org.jboss.weld.event.ObserverMethodImpl.sendEvent(ObserverMethodImpl.java:308)
		at org.jboss.weld.event.ObserverMethodImpl.notify(ObserverMethodImpl.java:286)
		at javax.enterprise.inject.spi.ObserverMethod.notify(ObserverMethod.java:124)
		at org.jboss.weld.util.Observers.notify(Observers.java:166)
		at org.jboss.weld.event.ObserverNotifier.notifySyncObservers(ObserverNotifier.java:285)
		at org.jboss.weld.event.ObserverNotifier.notify(ObserverNotifier.java:273)
		at org.jboss.weld.event.ObserverNotifier.fireEvent(ObserverNotifier.java:177)
		at org.jboss.weld.event.ObserverNotifier.fireEvent(ObserverNotifier.java:171)
		at org.jboss.weld.bootstrap.events.AbstractContainerEvent.fire(AbstractContainerEvent.java:53)
		at org.jboss.weld.bootstrap.events.AbstractDefinitionContainerEvent.fire(AbstractDefinitionContainerEvent.java:44)
		... 21 more
	Caused by: java.lang.NoClassDefFoundError: javax/activation/DataSource
		at java.base/java.lang.Class.getDeclaredConstructors0(Native Method)
		at java.base/java.lang.Class.privateGetDeclaredConstructors(Class.java:3137)
		at java.base/java.lang.Class.getDeclaredConstructors(Class.java:2357)
		at org.jboss.weld.annotated.slim.backed.SecurityActions.getDeclaredConstructors(SecurityActions.java:57)
		at org.jboss.weld.annotated.slim.backed.BackedAnnotatedType$BackedAnnotatedConstructors.computeValue(BackedAnnotatedType.java:166)
		at org.jboss.weld.annotated.slim.backed.BackedAnnotatedType$BackedAnnotatedConstructors.computeValue(BackedAnnotatedType.java:163)
		at org.jboss.weld.util.LazyValueHolder.get(LazyValueHolder.java:46)
		at org.jboss.weld.annotated.slim.backed.BackedAnnotatedType$EagerlyInitializedLazyValueHolder.<init>(BackedAnnotatedType.java:159)
		at org.jboss.weld.annotated.slim.backed.BackedAnnotatedType$BackedAnnotatedConstructors.<init>(BackedAnnotatedType.java:163)
		at org.jboss.weld.annotated.slim.backed.BackedAnnotatedType$BackedAnnotatedConstructors.<init>(BackedAnnotatedType.java:163)
		at org.jboss.weld.annotated.slim.backed.BackedAnnotatedType.<init>(BackedAnnotatedType.java:64)
		at org.jboss.weld.annotated.slim.backed.BackedAnnotatedType.of(BackedAnnotatedType.java:47)
		at org.jboss.weld.resources.ClassTransformer$TransformClassToBackedAnnotatedType.apply(ClassTransformer.java:84)
		at org.jboss.weld.resources.ClassTransformer$TransformClassToBackedAnnotatedType.apply(ClassTransformer.java:79)
		at org.jboss.weld.util.cache.ReentrantMapBackedComputingCache.lambda$new$0(ReentrantMapBackedComputingCache.java:55)
		at org.jboss.weld.util.WeakLazyValueHolder$1.computeValue(WeakLazyValueHolder.java:35)
		at org.jboss.weld.util.WeakLazyValueHolder.get(WeakLazyValueHolder.java:53)
		at org.jboss.weld.util.cache.ReentrantMapBackedComputingCache.getValue(ReentrantMapBackedComputingCache.java:72)
		at org.jboss.weld.util.cache.ReentrantMapBackedComputingCache.getCastValue(ReentrantMapBackedComputingCache.java:78)
		at org.jboss.weld.resources.ClassTransformer.getBackedAnnotatedType(ClassTransformer.java:177)
		... 44 more
	Caused by: java.lang.ClassNotFoundException: javax.activation.DataSource
		at java.base/jdk.internal.loader.BuiltinClassLoader.loadClass(BuiltinClassLoader.java:581)
		at java.base/jdk.internal.loader.ClassLoaders$AppClassLoader.loadClass(ClassLoaders.java:178)
		at java.base/java.lang.ClassLoader.loadClass(ClassLoader.java:527)
		... 64 more
19-10-2024 05:57 | [ERREUR]
FV/191024/0019, non comptabilisé: Le service de comptabilisation est introuvable
19-10-2024 06:03 | [INFO]Ouverture de l'application...
19-10-2024 06:03 | [AVERTISSEMENT]Votre version de java ne supporte pas le systèm Tray...
19-10-2024 06:04 | [ERREUR]

org.jboss.weld.exceptions.DefinitionException: Exception List with 1 exceptions:
Exception 0 :
org.jboss.weld.resources.spi.ResourceLoadingException: Error while loading class org.glassfish.jersey.message.internal.DataSourceProvider
	at org.jboss.weld.resources.ClassTransformer.getBackedAnnotatedType(ClassTransformer.java:186)
	at org.jboss.weld.resources.ClassTransformer.getBackedAnnotatedType(ClassTransformer.java:194)
	at org.jboss.weld.manager.BeanManagerImpl.createAnnotatedType(BeanManagerImpl.java:1128)
	at org.jboss.weld.util.ForwardingBeanManager.createAnnotatedType(ForwardingBeanManager.java:199)
	at org.glassfish.jersey.inject.cdi.se.bean.BeanHelper.registerBean(BeanHelper.java:125)
	at org.glassfish.jersey.inject.cdi.se.SeBeanRegisterExtension.registerBeans(SeBeanRegisterExtension.java:170)
	at java.base/jdk.internal.reflect.NativeMethodAccessorImpl.invoke0(Native Method)
	at java.base/jdk.internal.reflect.NativeMethodAccessorImpl.invoke(NativeMethodAccessorImpl.java:62)
	at java.base/jdk.internal.reflect.DelegatingMethodAccessorImpl.invoke(DelegatingMethodAccessorImpl.java:43)
	at java.base/java.lang.reflect.Method.invoke(Method.java:566)
	at org.jboss.weld.injection.StaticMethodInjectionPoint.invoke(StaticMethodInjectionPoint.java:95)
	at org.jboss.weld.injection.MethodInvocationStrategy$SpecialParamPlusBeanManagerStrategy.invoke(MethodInvocationStrategy.java:187)
	at org.jboss.weld.event.ObserverMethodImpl.sendEvent(ObserverMethodImpl.java:330)
	at org.jboss.weld.event.ExtensionObserverMethodImpl.sendEvent(ExtensionObserverMethodImpl.java:123)
	at org.jboss.weld.event.ObserverMethodImpl.sendEvent(ObserverMethodImpl.java:308)
	at org.jboss.weld.event.ObserverMethodImpl.notify(ObserverMethodImpl.java:286)
	at javax.enterprise.inject.spi.ObserverMethod.notify(ObserverMethod.java:124)
	at org.jboss.weld.util.Observers.notify(Observers.java:166)
	at org.jboss.weld.event.ObserverNotifier.notifySyncObservers(ObserverNotifier.java:285)
	at org.jboss.weld.event.ObserverNotifier.notify(ObserverNotifier.java:273)
	at org.jboss.weld.event.ObserverNotifier.fireEvent(ObserverNotifier.java:177)
	at org.jboss.weld.event.ObserverNotifier.fireEvent(ObserverNotifier.java:171)
	at org.jboss.weld.bootstrap.events.AbstractContainerEvent.fire(AbstractContainerEvent.java:53)
	at org.jboss.weld.bootstrap.events.AbstractDefinitionContainerEvent.fire(AbstractDefinitionContainerEvent.java:44)
	at org.jboss.weld.bootstrap.events.AfterBeanDiscoveryImpl.fire(AfterBeanDiscoveryImpl.java:75)
	at org.jboss.weld.bootstrap.WeldStartup.deployBeans(WeldStartup.java:462)
	at org.jboss.weld.bootstrap.WeldBootstrap.deployBeans(WeldBootstrap.java:86)
	at org.jboss.weld.environment.se.Weld.initialize(Weld.java:803)
	at org.jboss.weld.environment.se.Weld.initialize(Weld.java:176)
	at org.glassfish.jersey.inject.cdi.se.CdiSeInjectionManager.completeRegistration(CdiSeInjectionManager.java:253)
	at org.glassfish.jersey.client.ClientConfig$State.initRuntime(ClientConfig.java:468)
	at org.glassfish.jersey.internal.util.collection.Values$LazyValueImpl.get(Values.java:341)
	at org.glassfish.jersey.client.ClientConfig.getRuntime(ClientConfig.java:826)
	at org.glassfish.jersey.client.ClientRequest.getConfiguration(ClientRequest.java:285)
	at org.glassfish.jersey.client.JerseyInvocation.validateHttpMethodAndEntity(JerseyInvocation.java:143)
	at org.glassfish.jersey.client.JerseyInvocation.<init>(JerseyInvocation.java:112)
	at org.glassfish.jersey.client.JerseyInvocation.<init>(JerseyInvocation.java:108)
	at org.glassfish.jersey.client.JerseyInvocation.<init>(JerseyInvocation.java:99)
	at org.glassfish.jersey.client.JerseyInvocation$Builder.method(JerseyInvocation.java:445)
	at org.glassfish.jersey.client.JerseyInvocation$Builder.post(JerseyInvocation.java:351)
	at com.lymytz.lymytzsell.synchro.ws.WsSynchro.livraisonDocVente(WsSynchro.java:240)
	at com.lymytz.lymytzsell.service.application.service.ServiceLivraison.saveLivraison(ServiceLivraison.java:53)
	at com.lymytz.lymytzsell.view.main.HomeCaisseController.saveLivraisonAndreglement(HomeCaisseController.java:811)
	at com.lymytz.lymytzsell.view.main.HomeCaisseController.lambda$confirmValideFacture$8(HomeCaisseController.java:657)
	at java.base/java.lang.Thread.run(Thread.java:829)
Caused by: java.lang.NoClassDefFoundError: javax/activation/DataSource
	at java.base/java.lang.Class.getDeclaredConstructors0(Native Method)
	at java.base/java.lang.Class.privateGetDeclaredConstructors(Class.java:3137)
	at java.base/java.lang.Class.getDeclaredConstructors(Class.java:2357)
	at org.jboss.weld.annotated.slim.backed.SecurityActions.getDeclaredConstructors(SecurityActions.java:57)
	at org.jboss.weld.annotated.slim.backed.BackedAnnotatedType$BackedAnnotatedConstructors.computeValue(BackedAnnotatedType.java:166)
	at org.jboss.weld.annotated.slim.backed.BackedAnnotatedType$BackedAnnotatedConstructors.computeValue(BackedAnnotatedType.java:163)
	at org.jboss.weld.util.LazyValueHolder.get(LazyValueHolder.java:46)
	at org.jboss.weld.annotated.slim.backed.BackedAnnotatedType$EagerlyInitializedLazyValueHolder.<init>(BackedAnnotatedType.java:159)
	at org.jboss.weld.annotated.slim.backed.BackedAnnotatedType$BackedAnnotatedConstructors.<init>(BackedAnnotatedType.java:163)
	at org.jboss.weld.annotated.slim.backed.BackedAnnotatedType$BackedAnnotatedConstructors.<init>(BackedAnnotatedType.java:163)
	at org.jboss.weld.annotated.slim.backed.BackedAnnotatedType.<init>(BackedAnnotatedType.java:64)
	at org.jboss.weld.annotated.slim.backed.BackedAnnotatedType.of(BackedAnnotatedType.java:47)
	at org.jboss.weld.resources.ClassTransformer$TransformClassToBackedAnnotatedType.apply(ClassTransformer.java:84)
	at org.jboss.weld.resources.ClassTransformer$TransformClassToBackedAnnotatedType.apply(ClassTransformer.java:79)
	at org.jboss.weld.util.cache.ReentrantMapBackedComputingCache.lambda$new$0(ReentrantMapBackedComputingCache.java:55)
	at org.jboss.weld.util.WeakLazyValueHolder$1.computeValue(WeakLazyValueHolder.java:35)
	at org.jboss.weld.util.WeakLazyValueHolder.get(WeakLazyValueHolder.java:53)
	at org.jboss.weld.util.cache.ReentrantMapBackedComputingCache.getValue(ReentrantMapBackedComputingCache.java:72)
	at org.jboss.weld.util.cache.ReentrantMapBackedComputingCache.getCastValue(ReentrantMapBackedComputingCache.java:78)
	at org.jboss.weld.resources.ClassTransformer.getBackedAnnotatedType(ClassTransformer.java:177)
	... 44 more
Caused by: java.lang.ClassNotFoundException: javax.activation.DataSource
	at java.base/jdk.internal.loader.BuiltinClassLoader.loadClass(BuiltinClassLoader.java:581)
	at java.base/jdk.internal.loader.ClassLoaders$AppClassLoader.loadClass(ClassLoaders.java:178)
	at java.base/java.lang.ClassLoader.loadClass(ClassLoader.java:527)
	... 64 more

	at org.jboss.weld.bootstrap.events.AbstractDefinitionContainerEvent.fire(AbstractDefinitionContainerEvent.java:46)
	at org.jboss.weld.bootstrap.events.AfterBeanDiscoveryImpl.fire(AfterBeanDiscoveryImpl.java:75)
	at org.jboss.weld.bootstrap.WeldStartup.deployBeans(WeldStartup.java:462)
	at org.jboss.weld.bootstrap.WeldBootstrap.deployBeans(WeldBootstrap.java:86)
	at org.jboss.weld.environment.se.Weld.initialize(Weld.java:803)
	at org.jboss.weld.environment.se.Weld.initialize(Weld.java:176)
	at org.glassfish.jersey.inject.cdi.se.CdiSeInjectionManager.completeRegistration(CdiSeInjectionManager.java:253)
	at org.glassfish.jersey.client.ClientConfig$State.initRuntime(ClientConfig.java:468)
	at org.glassfish.jersey.internal.util.collection.Values$LazyValueImpl.get(Values.java:341)
	at org.glassfish.jersey.client.ClientConfig.getRuntime(ClientConfig.java:826)
	at org.glassfish.jersey.client.ClientRequest.getConfiguration(ClientRequest.java:285)
	at org.glassfish.jersey.client.JerseyInvocation.validateHttpMethodAndEntity(JerseyInvocation.java:143)
	at org.glassfish.jersey.client.JerseyInvocation.<init>(JerseyInvocation.java:112)
	at org.glassfish.jersey.client.JerseyInvocation.<init>(JerseyInvocation.java:108)
	at org.glassfish.jersey.client.JerseyInvocation.<init>(JerseyInvocation.java:99)
	at org.glassfish.jersey.client.JerseyInvocation$Builder.method(JerseyInvocation.java:445)
	at org.glassfish.jersey.client.JerseyInvocation$Builder.post(JerseyInvocation.java:351)
	at com.lymytz.lymytzsell.synchro.ws.WsSynchro.livraisonDocVente(WsSynchro.java:240)
	at com.lymytz.lymytzsell.service.application.service.ServiceLivraison.saveLivraison(ServiceLivraison.java:53)
	at com.lymytz.lymytzsell.view.main.HomeCaisseController.saveLivraisonAndreglement(HomeCaisseController.java:811)
	at com.lymytz.lymytzsell.view.main.HomeCaisseController.lambda$confirmValideFacture$8(HomeCaisseController.java:657)
	at java.base/java.lang.Thread.run(Thread.java:829)
	Suppressed: org.jboss.weld.resources.spi.ResourceLoadingException: Error while loading class org.glassfish.jersey.message.internal.DataSourceProvider
		at org.jboss.weld.resources.ClassTransformer.getBackedAnnotatedType(ClassTransformer.java:186)
		at org.jboss.weld.resources.ClassTransformer.getBackedAnnotatedType(ClassTransformer.java:194)
		at org.jboss.weld.manager.BeanManagerImpl.createAnnotatedType(BeanManagerImpl.java:1128)
		at org.jboss.weld.util.ForwardingBeanManager.createAnnotatedType(ForwardingBeanManager.java:199)
		at org.glassfish.jersey.inject.cdi.se.bean.BeanHelper.registerBean(BeanHelper.java:125)
		at org.glassfish.jersey.inject.cdi.se.SeBeanRegisterExtension.registerBeans(SeBeanRegisterExtension.java:170)
		at java.base/jdk.internal.reflect.NativeMethodAccessorImpl.invoke0(Native Method)
		at java.base/jdk.internal.reflect.NativeMethodAccessorImpl.invoke(NativeMethodAccessorImpl.java:62)
		at java.base/jdk.internal.reflect.DelegatingMethodAccessorImpl.invoke(DelegatingMethodAccessorImpl.java:43)
		at java.base/java.lang.reflect.Method.invoke(Method.java:566)
		at org.jboss.weld.injection.StaticMethodInjectionPoint.invoke(StaticMethodInjectionPoint.java:95)
		at org.jboss.weld.injection.MethodInvocationStrategy$SpecialParamPlusBeanManagerStrategy.invoke(MethodInvocationStrategy.java:187)
		at org.jboss.weld.event.ObserverMethodImpl.sendEvent(ObserverMethodImpl.java:330)
		at org.jboss.weld.event.ExtensionObserverMethodImpl.sendEvent(ExtensionObserverMethodImpl.java:123)
		at org.jboss.weld.event.ObserverMethodImpl.sendEvent(ObserverMethodImpl.java:308)
		at org.jboss.weld.event.ObserverMethodImpl.notify(ObserverMethodImpl.java:286)
		at javax.enterprise.inject.spi.ObserverMethod.notify(ObserverMethod.java:124)
		at org.jboss.weld.util.Observers.notify(Observers.java:166)
		at org.jboss.weld.event.ObserverNotifier.notifySyncObservers(ObserverNotifier.java:285)
		at org.jboss.weld.event.ObserverNotifier.notify(ObserverNotifier.java:273)
		at org.jboss.weld.event.ObserverNotifier.fireEvent(ObserverNotifier.java:177)
		at org.jboss.weld.event.ObserverNotifier.fireEvent(ObserverNotifier.java:171)
		at org.jboss.weld.bootstrap.events.AbstractContainerEvent.fire(AbstractContainerEvent.java:53)
		at org.jboss.weld.bootstrap.events.AbstractDefinitionContainerEvent.fire(AbstractDefinitionContainerEvent.java:44)
		... 21 more
	Caused by: java.lang.NoClassDefFoundError: javax/activation/DataSource
		at java.base/java.lang.Class.getDeclaredConstructors0(Native Method)
		at java.base/java.lang.Class.privateGetDeclaredConstructors(Class.java:3137)
		at java.base/java.lang.Class.getDeclaredConstructors(Class.java:2357)
		at org.jboss.weld.annotated.slim.backed.SecurityActions.getDeclaredConstructors(SecurityActions.java:57)
		at org.jboss.weld.annotated.slim.backed.BackedAnnotatedType$BackedAnnotatedConstructors.computeValue(BackedAnnotatedType.java:166)
		at org.jboss.weld.annotated.slim.backed.BackedAnnotatedType$BackedAnnotatedConstructors.computeValue(BackedAnnotatedType.java:163)
		at org.jboss.weld.util.LazyValueHolder.get(LazyValueHolder.java:46)
		at org.jboss.weld.annotated.slim.backed.BackedAnnotatedType$EagerlyInitializedLazyValueHolder.<init>(BackedAnnotatedType.java:159)
		at org.jboss.weld.annotated.slim.backed.BackedAnnotatedType$BackedAnnotatedConstructors.<init>(BackedAnnotatedType.java:163)
		at org.jboss.weld.annotated.slim.backed.BackedAnnotatedType$BackedAnnotatedConstructors.<init>(BackedAnnotatedType.java:163)
		at org.jboss.weld.annotated.slim.backed.BackedAnnotatedType.<init>(BackedAnnotatedType.java:64)
		at org.jboss.weld.annotated.slim.backed.BackedAnnotatedType.of(BackedAnnotatedType.java:47)
		at org.jboss.weld.resources.ClassTransformer$TransformClassToBackedAnnotatedType.apply(ClassTransformer.java:84)
		at org.jboss.weld.resources.ClassTransformer$TransformClassToBackedAnnotatedType.apply(ClassTransformer.java:79)
		at org.jboss.weld.util.cache.ReentrantMapBackedComputingCache.lambda$new$0(ReentrantMapBackedComputingCache.java:55)
		at org.jboss.weld.util.WeakLazyValueHolder$1.computeValue(WeakLazyValueHolder.java:35)
		at org.jboss.weld.util.WeakLazyValueHolder.get(WeakLazyValueHolder.java:53)
		at org.jboss.weld.util.cache.ReentrantMapBackedComputingCache.getValue(ReentrantMapBackedComputingCache.java:72)
		at org.jboss.weld.util.cache.ReentrantMapBackedComputingCache.getCastValue(ReentrantMapBackedComputingCache.java:78)
		at org.jboss.weld.resources.ClassTransformer.getBackedAnnotatedType(ClassTransformer.java:177)
		... 44 more
	Caused by: java.lang.ClassNotFoundException: javax.activation.DataSource
		at java.base/jdk.internal.loader.BuiltinClassLoader.loadClass(BuiltinClassLoader.java:581)
		at java.base/jdk.internal.loader.ClassLoaders$AppClassLoader.loadClass(ClassLoaders.java:178)
		at java.base/java.lang.ClassLoader.loadClass(ClassLoader.java:527)
		... 64 more
19-10-2024 06:04 | [ERREUR]
FV/191024/0020, non comptabilisé: Le service de comptabilisation est introuvable
19-10-2024 10:49 | [INFO]Ouverture de l'application...
19-10-2024 10:49 | [AVERTISSEMENT]Votre version de java ne supporte pas le systèm Tray...
19-10-2024 11:52 | [INFO]Ouverture de l'application...
19-10-2024 11:52 | [AVERTISSEMENT]Votre version de java ne supporte pas le systèm Tray...
20-10-2024 09:16 | [INFO]Ouverture de l'application...
20-10-2024 09:16 | [AVERTISSEMENT]Votre version de java ne supporte pas le systèm Tray...
20-10-2024 09:17 | [INFO]Ouverture de l'application...
20-10-2024 09:17 | [AVERTISSEMENT]Votre version de java ne supporte pas le systèm Tray...
21-10-2024 07:45 | [INFO]Ouverture de l'application...
21-10-2024 07:45 | [AVERTISSEMENT]Votre version de java ne supporte pas le systèm Tray...
22-10-2024 19:12 | [INFO]Ouverture de l'application...
22-10-2024 19:12 | [AVERTISSEMENT]Votre version de java ne supporte pas le systèm Tray...
23-10-2024 03:08 | [INFO]Ouverture de l'application...
23-10-2024 03:08 | [AVERTISSEMENT]Votre version de java ne supporte pas le systèm Tray...
23-10-2024 04:11 | [INFO]Ouverture de l'application...
23-10-2024 04:11 | [AVERTISSEMENT]Votre version de java ne supporte pas le systèm Tray...
24-10-2024 07:05 | [INFO]Ouverture de l'application...
24-10-2024 07:05 | [AVERTISSEMENT]Votre version de java ne supporte pas le systèm Tray...
27-10-2024 10:27 | [INFO]Ouverture de l'application...
27-10-2024 10:27 | [AVERTISSEMENT]Votre version de java ne supporte pas le systèm Tray...
27-10-2024 10:28 | [INFO]Ouverture de l'application...
27-10-2024 10:28 | [AVERTISSEMENT]Votre version de java ne supporte pas le systèm Tray...
27-10-2024 10:31 | [ERREUR]

javax.ws.rs.ProcessingException: java.net.ConnectException: Connexion refusée (Connection refused)
	at org.glassfish.jersey.client.internal.HttpUrlConnector.apply(HttpUrlConnector.java:284)
	at org.glassfish.jersey.client.ClientRuntime.invoke(ClientRuntime.java:278)
	at org.glassfish.jersey.client.JerseyInvocation.lambda$invoke$0(JerseyInvocation.java:753)
	at org.glassfish.jersey.internal.Errors.process(Errors.java:316)
	at org.glassfish.jersey.internal.Errors.process(Errors.java:298)
	at org.glassfish.jersey.internal.Errors.process(Errors.java:229)
	at org.glassfish.jersey.process.internal.RequestScope.runInScope(RequestScope.java:414)
	at org.glassfish.jersey.client.JerseyInvocation.invoke(JerseyInvocation.java:752)
	at org.glassfish.jersey.client.JerseyInvocation$Builder.method(JerseyInvocation.java:445)
	at org.glassfish.jersey.client.JerseyInvocation$Builder.post(JerseyInvocation.java:351)
	at com.lymytz.lymytzsell.synchro.ws.WsSynchro.livraisonDocVente(WsSynchro.java:240)
	at com.lymytz.lymytzsell.service.application.service.ServiceLivraison.saveLivraison(ServiceLivraison.java:53)
	at com.lymytz.lymytzsell.view.main.HomeCaisseController.saveLivraisonAndreglement(HomeCaisseController.java:806)
	at com.lymytz.lymytzsell.view.main.HomeCaisseController.lambda$confirmValideFacture$8(HomeCaisseController.java:652)
	at java.base/java.lang.Thread.run(Thread.java:829)
Caused by: java.net.ConnectException: Connexion refusée (Connection refused)
	at java.base/java.net.PlainSocketImpl.socketConnect(Native Method)
	at java.base/java.net.AbstractPlainSocketImpl.doConnect(AbstractPlainSocketImpl.java:412)
	at java.base/java.net.AbstractPlainSocketImpl.connectToAddress(AbstractPlainSocketImpl.java:255)
	at java.base/java.net.AbstractPlainSocketImpl.connect(AbstractPlainSocketImpl.java:237)
	at java.base/java.net.Socket.connect(Socket.java:609)
	at java.base/sun.net.NetworkClient.doConnect(NetworkClient.java:177)
	at java.base/sun.net.www.http.HttpClient.openServer(HttpClient.java:509)
	at java.base/sun.net.www.http.HttpClient.openServer(HttpClient.java:604)
	at java.base/sun.net.www.http.HttpClient.<init>(HttpClient.java:277)
	at java.base/sun.net.www.http.HttpClient.New(HttpClient.java:376)
	at java.base/sun.net.www.http.HttpClient.New(HttpClient.java:397)
	at java.base/sun.net.www.protocol.http.HttpURLConnection.getNewHttpClient(HttpURLConnection.java:1252)
	at java.base/sun.net.www.protocol.http.HttpURLConnection.plainConnect0(HttpURLConnection.java:1186)
	at java.base/sun.net.www.protocol.http.HttpURLConnection.plainConnect(HttpURLConnection.java:1080)
	at java.base/sun.net.www.protocol.http.HttpURLConnection.connect(HttpURLConnection.java:1014)
	at java.base/sun.net.www.protocol.http.HttpURLConnection.getOutputStream0(HttpURLConnection.java:1387)
	at java.base/sun.net.www.protocol.http.HttpURLConnection.getOutputStream(HttpURLConnection.java:1362)
	at org.glassfish.jersey.client.internal.HttpUrlConnector.lambda$_apply$0(HttpUrlConnector.java:382)
	at org.glassfish.jersey.message.internal.CommittingOutputStream.commitStream(CommittingOutputStream.java:195)
	at org.glassfish.jersey.message.internal.CommittingOutputStream.commitStream(CommittingOutputStream.java:189)
	at org.glassfish.jersey.message.internal.CommittingOutputStream.write(CommittingOutputStream.java:223)
	at org.glassfish.jersey.message.internal.WriterInterceptorExecutor$UnCloseableOutputStream.write(WriterInterceptorExecutor.java:300)
	at java.base/sun.nio.cs.StreamEncoder.writeBytes(StreamEncoder.java:233)
	at java.base/sun.nio.cs.StreamEncoder.implFlushBuffer(StreamEncoder.java:312)
	at java.base/sun.nio.cs.StreamEncoder.implFlush(StreamEncoder.java:316)
	at java.base/sun.nio.cs.StreamEncoder.flush(StreamEncoder.java:153)
	at java.base/java.io.OutputStreamWriter.flush(OutputStreamWriter.java:251)
	at org.glassfish.jersey.message.internal.ReaderWriter.writeToAsString(ReaderWriter.java:194)
	at org.glassfish.jersey.message.internal.AbstractMessageReaderWriterProvider.writeToAsString(AbstractMessageReaderWriterProvider.java:131)
	at org.glassfish.jersey.message.internal.StringMessageProvider.writeTo(StringMessageProvider.java:100)
	at org.glassfish.jersey.message.internal.StringMessageProvider.writeTo(StringMessageProvider.java:60)
	at org.glassfish.jersey.message.internal.WriterInterceptorExecutor$TerminalWriterInterceptor.invokeWriteTo(WriterInterceptorExecutor.java:266)
	at org.glassfish.jersey.message.internal.WriterInterceptorExecutor$TerminalWriterInterceptor.aroundWriteTo(WriterInterceptorExecutor.java:251)
	at org.glassfish.jersey.message.internal.WriterInterceptorExecutor.proceed(WriterInterceptorExecutor.java:163)
	at org.glassfish.jersey.message.internal.MessageBodyFactory.writeTo(MessageBodyFactory.java:1135)
	at org.glassfish.jersey.client.ClientRequest.doWriteEntity(ClientRequest.java:516)
	at org.glassfish.jersey.client.ClientRequest.writeEntity(ClientRequest.java:498)
	at org.glassfish.jersey.client.internal.HttpUrlConnector._apply(HttpUrlConnector.java:384)
	at org.glassfish.jersey.client.internal.HttpUrlConnector.apply(HttpUrlConnector.java:282)
	... 14 more
27-10-2024 10:31 | [ERREUR]
FV/271024/0001, non comptabilisé: Le service de comptabilisation est introuvable
27-10-2024 12:52 | [INFO]Ouverture de l'application...
27-10-2024 12:52 | [AVERTISSEMENT]Votre version de java ne supporte pas le systèm Tray...
29-10-2024 11:36 | [INFO]Ouverture de l'application...
29-10-2024 11:41 | [INFO]Ouverture de l'application...
29-10-2024 12:07 | [INFO]Ouverture de l'application...
29-10-2024 12:07 | [INFO]Ouverture de l'application...
29-10-2024 12:08 | [ERREUR]

java.lang.reflect.InaccessibleObjectException: Unable to make protected final java.lang.Class java.lang.ClassLoader.defineClass(java.lang.String,byte[],int,int) throws java.lang.ClassFormatError accessible: module java.base does not "opens java.lang" to unnamed module @733b442b
	at java.base/java.lang.reflect.AccessibleObject.checkCanSetAccessible(AccessibleObject.java:354)
	at java.base/java.lang.reflect.AccessibleObject.checkCanSetAccessible(AccessibleObject.java:297)
	at java.base/java.lang.reflect.Method.checkCanSetAccessible(Method.java:199)
	at java.base/java.lang.reflect.Method.setAccessible(Method.java:193)
	at org.jboss.weld.util.bytecode.ClassFileUtils$1.run(ClassFileUtils.java:67)
	at java.base/java.security.AccessController.doPrivileged(AccessController.java:748)
	at org.jboss.weld.util.bytecode.ClassFileUtils.makeClassLoaderMethodsAccessible(ClassFileUtils.java:60)
	at org.jboss.weld.bootstrap.WeldStartup.startContainer(WeldStartup.java:220)
	at org.jboss.weld.bootstrap.WeldBootstrap.startContainer(WeldBootstrap.java:72)
	at org.jboss.weld.environment.se.Weld.initialize(Weld.java:797)
	at org.jboss.weld.environment.se.Weld.initialize(Weld.java:176)
	at org.glassfish.jersey.inject.cdi.se.CdiSeInjectionManager.completeRegistration(CdiSeInjectionManager.java:253)
	at org.glassfish.jersey.client.ClientConfig$State.initRuntime(ClientConfig.java:468)
	at org.glassfish.jersey.internal.util.collection.Values$LazyValueImpl.get(Values.java:341)
	at org.glassfish.jersey.client.ClientConfig.getRuntime(ClientConfig.java:826)
	at org.glassfish.jersey.client.ClientRequest.getConfiguration(ClientRequest.java:285)
	at org.glassfish.jersey.client.JerseyInvocation.validateHttpMethodAndEntity(JerseyInvocation.java:143)
	at org.glassfish.jersey.client.JerseyInvocation.<init>(JerseyInvocation.java:112)
	at org.glassfish.jersey.client.JerseyInvocation.<init>(JerseyInvocation.java:108)
	at org.glassfish.jersey.client.JerseyInvocation.<init>(JerseyInvocation.java:99)
	at org.glassfish.jersey.client.JerseyInvocation$Builder.method(JerseyInvocation.java:445)
	at org.glassfish.jersey.client.JerseyInvocation$Builder.post(JerseyInvocation.java:351)
	at com.lymytz.lymytzsell.synchro.ws.WsSynchro.livraisonDocVente(WsSynchro.java:240)
	at com.lymytz.lymytzsell.service.application.service.ServiceLivraison.saveLivraison(ServiceLivraison.java:53)
	at com.lymytz.lymytzsell.view.main.HomeCaisseController.saveLivraisonAndreglement(HomeCaisseController.java:810)
	at com.lymytz.lymytzsell.view.main.HomeCaisseController.lambda$confirmValideFacture$8(HomeCaisseController.java:652)
	at java.base/java.lang.Thread.run(Thread.java:857)
29-10-2024 12:08 | [ERREUR]
FV/271024/0002, non comptabilisé: Le service de comptabilisation est introuvable
29-10-2024 12:08 | [ERREUR]

org.jboss.weld.exceptions.WeldException: WELD-001524: Unable to load proxy class for bean Implicit Bean [javax.enterprise.event.Event] with qualifiers [@Default] with class interface javax.enterprise.event.Event
	at java.base/jdk.internal.reflect.NativeConstructorAccessorImpl.newInstance0(Native Method)
	at java.base/jdk.internal.reflect.NativeConstructorAccessorImpl.newInstance(NativeConstructorAccessorImpl.java:77)
	at java.base/jdk.internal.reflect.DelegatingConstructorAccessorImpl.newInstance(DelegatingConstructorAccessorImpl.java:45)
	at java.base/java.lang.reflect.Constructor.newInstanceWithCaller(Constructor.java:499)
	at java.base/java.lang.reflect.Constructor.newInstance(Constructor.java:480)
	at java.base/java.util.concurrent.ForkJoinTask.getThrowableException(ForkJoinTask.java:562)
	at java.base/java.util.concurrent.ForkJoinTask.reportExecutionException(ForkJoinTask.java:604)
	at java.base/java.util.concurrent.ForkJoinTask.get(ForkJoinTask.java:981)
	at org.jboss.weld.executor.AbstractExecutorServices.checkForExceptions(AbstractExecutorServices.java:73)
	at org.jboss.weld.executor.AbstractExecutorServices.invokeAllAndCheckForExceptions(AbstractExecutorServices.java:59)
	at org.jboss.weld.executor.AbstractExecutorServices.invokeAllAndCheckForExceptions(AbstractExecutorServices.java:67)
	at org.jboss.weld.bootstrap.ConcurrentBeanDeployer.doAfterBeanDiscovery(ConcurrentBeanDeployer.java:88)
	at org.jboss.weld.bootstrap.BeanDeployment.afterBeanDiscovery(BeanDeployment.java:268)
	at org.jboss.weld.bootstrap.WeldStartup.deployBeans(WeldStartup.java:482)
	at org.jboss.weld.bootstrap.WeldBootstrap.deployBeans(WeldBootstrap.java:86)
	at org.jboss.weld.environment.se.Weld.initialize(Weld.java:803)
	at org.jboss.weld.environment.se.Weld.initialize(Weld.java:176)
	at org.glassfish.jersey.inject.cdi.se.CdiSeInjectionManager.completeRegistration(CdiSeInjectionManager.java:253)
	at org.glassfish.jersey.client.ClientConfig$State.initRuntime(ClientConfig.java:468)
	at org.glassfish.jersey.internal.util.collection.Values$LazyValueImpl.get(Values.java:341)
	at org.glassfish.jersey.client.ClientConfig.getRuntime(ClientConfig.java:826)
	at org.glassfish.jersey.client.ClientRequest.getConfiguration(ClientRequest.java:285)
	at org.glassfish.jersey.client.JerseyInvocation.validateHttpMethodAndEntity(JerseyInvocation.java:143)
	at org.glassfish.jersey.client.JerseyInvocation.<init>(JerseyInvocation.java:112)
	at org.glassfish.jersey.client.JerseyInvocation.<init>(JerseyInvocation.java:108)
	at org.glassfish.jersey.client.JerseyInvocation.<init>(JerseyInvocation.java:99)
	at org.glassfish.jersey.client.JerseyInvocation$Builder.method(JerseyInvocation.java:445)
	at org.glassfish.jersey.client.JerseyInvocation$Builder.post(JerseyInvocation.java:351)
	at com.lymytz.lymytzsell.synchro.ws.WsSynchro.livraisonDocVente(WsSynchro.java:240)
	at com.lymytz.lymytzsell.service.application.service.ServiceLivraison.saveLivraison(ServiceLivraison.java:53)
	at com.lymytz.lymytzsell.view.main.HomeCaisseController.saveLivraisonAndreglement(HomeCaisseController.java:810)
	at com.lymytz.lymytzsell.view.main.HomeCaisseController.lambda$confirmValideFacture$8(HomeCaisseController.java:652)
	at java.base/java.lang.Thread.run(Thread.java:857)
Caused by: org.jboss.weld.exceptions.WeldException: WELD-001524: Unable to load proxy class for bean Implicit Bean [javax.enterprise.event.Event] with qualifiers [@Default] with class interface javax.enterprise.event.Event
	at org.jboss.weld.bean.proxy.ProxyFactory.getProxyClass(ProxyFactory.java:378)
	at org.jboss.weld.bean.builtin.AbstractFacadeBean.initializeAfterBeanDiscovery(AbstractFacadeBean.java:61)
	at org.jboss.weld.bootstrap.ConcurrentBeanDeployer$AfterBeanDiscoveryInitializerFactory.doWork(ConcurrentBeanDeployer.java:111)
	at org.jboss.weld.bootstrap.ConcurrentBeanDeployer$AfterBeanDiscoveryInitializerFactory.doWork(ConcurrentBeanDeployer.java:102)
	at org.jboss.weld.executor.IterativeWorkerTaskFactory$1.call(IterativeWorkerTaskFactory.java:62)
	at org.jboss.weld.executor.IterativeWorkerTaskFactory$1.call(IterativeWorkerTaskFactory.java:55)
	at org.jboss.weld.executor.CommonForkJoinPoolExecutorServices.lambda$wrap$0(CommonForkJoinPoolExecutorServices.java:70)
	at java.base/java.util.concurrent.ForkJoinTask$AdaptedInterruptibleCallable.exec(ForkJoinTask.java:1461)
	at java.base/java.util.concurrent.ForkJoinTask.doExec$$$capture(ForkJoinTask.java:373)
	at java.base/java.util.concurrent.ForkJoinTask.doExec(ForkJoinTask.java)
	at java.base/java.util.concurrent.ForkJoinPool$WorkQueue.topLevelExec(ForkJoinPool.java:1182)
	at java.base/java.util.concurrent.ForkJoinPool.scan(ForkJoinPool.java:1655)
	at java.base/java.util.concurrent.ForkJoinPool.runWorker(ForkJoinPool.java:1622)
	at java.base/java.util.concurrent.ForkJoinWorkerThread.run(ForkJoinWorkerThread.java:165)
Caused by: java.lang.RuntimeException: java.lang.IllegalAccessException: class org.jboss.weld.util.bytecode.ClassFileUtils cannot access a member of class java.lang.ClassLoader (in module java.base) with modifiers "protected final"
	at org.jboss.weld.util.bytecode.ClassFileUtils.toClass(ClassFileUtils.java:118)
	at org.jboss.weld.bean.proxy.ProxyFactory.createProxyClass(ProxyFactory.java:481)
	at org.jboss.weld.bean.proxy.ProxyFactory.getProxyClass(ProxyFactory.java:370)
	... 13 more
Caused by: java.lang.IllegalAccessException: class org.jboss.weld.util.bytecode.ClassFileUtils cannot access a member of class java.lang.ClassLoader (in module java.base) with modifiers "protected final"
	at java.base/jdk.internal.reflect.Reflection.newIllegalAccessException(Reflection.java:392)
	at java.base/java.lang.reflect.AccessibleObject.checkAccess(AccessibleObject.java:674)
	at java.base/java.lang.reflect.Method.invoke(Method.java:560)
	at org.jboss.weld.util.bytecode.ClassFileUtils.toClass2(ClassFileUtils.java:143)
	at org.jboss.weld.util.bytecode.ClassFileUtils.toClass(ClassFileUtils.java:112)
	... 15 more
29-10-2024 12:08 | [ERREUR]
FV/271024/0003, non comptabilisé: Le service de comptabilisation est introuvable
29-10-2024 17:49 | [INFO]Ouverture de l'application...
29-10-2024 17:58 | [INFO]Ouverture de l'application...
29-10-2024 17:59 | [ERREUR]

java.lang.reflect.InaccessibleObjectException: Unable to make protected final java.lang.Class java.lang.ClassLoader.defineClass(java.lang.String,byte[],int,int) throws java.lang.ClassFormatError accessible: module java.base does not "opens java.lang" to unnamed module @2d12228b
	at java.base/java.lang.reflect.AccessibleObject.checkCanSetAccessible(AccessibleObject.java:354)
	at java.base/java.lang.reflect.AccessibleObject.checkCanSetAccessible(AccessibleObject.java:297)
	at java.base/java.lang.reflect.Method.checkCanSetAccessible(Method.java:199)
	at java.base/java.lang.reflect.Method.setAccessible(Method.java:193)
	at org.jboss.weld.util.bytecode.ClassFileUtils$1.run(ClassFileUtils.java:67)
	at java.base/java.security.AccessController.doPrivileged(AccessController.java:748)
	at org.jboss.weld.util.bytecode.ClassFileUtils.makeClassLoaderMethodsAccessible(ClassFileUtils.java:60)
	at org.jboss.weld.bootstrap.WeldStartup.startContainer(WeldStartup.java:220)
	at org.jboss.weld.bootstrap.WeldBootstrap.startContainer(WeldBootstrap.java:72)
	at org.jboss.weld.environment.se.Weld.initialize(Weld.java:797)
	at org.jboss.weld.environment.se.Weld.initialize(Weld.java:176)
	at org.glassfish.jersey.inject.cdi.se.CdiSeInjectionManager.completeRegistration(CdiSeInjectionManager.java:253)
	at org.glassfish.jersey.client.ClientConfig$State.initRuntime(ClientConfig.java:468)
	at org.glassfish.jersey.internal.util.collection.Values$LazyValueImpl.get(Values.java:341)
	at org.glassfish.jersey.client.ClientConfig.getRuntime(ClientConfig.java:826)
	at org.glassfish.jersey.client.ClientRequest.getConfiguration(ClientRequest.java:285)
	at org.glassfish.jersey.client.JerseyInvocation.validateHttpMethodAndEntity(JerseyInvocation.java:143)
	at org.glassfish.jersey.client.JerseyInvocation.<init>(JerseyInvocation.java:112)
	at org.glassfish.jersey.client.JerseyInvocation.<init>(JerseyInvocation.java:108)
	at org.glassfish.jersey.client.JerseyInvocation.<init>(JerseyInvocation.java:99)
	at org.glassfish.jersey.client.JerseyInvocation$Builder.method(JerseyInvocation.java:445)
	at org.glassfish.jersey.client.JerseyInvocation$Builder.post(JerseyInvocation.java:351)
	at com.lymytz.lymytzsell.synchro.ws.WsSynchro.livraisonDocVente(WsSynchro.java:240)
	at com.lymytz.lymytzsell.service.application.service.ServiceLivraison.saveLivraison(ServiceLivraison.java:53)
	at com.lymytz.lymytzsell.view.main.HomeCaisseController.saveLivraisonAndreglement(HomeCaisseController.java:807)
	at com.lymytz.lymytzsell.view.main.HomeCaisseController.lambda$confirmValideFacture$8(HomeCaisseController.java:649)
	at java.base/java.lang.Thread.run(Thread.java:857)
29-10-2024 17:59 | [ERREUR]
FV/291024/0001, non comptabilisé: Le service de comptabilisation est introuvable
29-10-2024 17:59 | [ERREUR]

org.jboss.weld.exceptions.WeldException: WELD-001524: Unable to load proxy class for bean Implicit Bean [javax.enterprise.event.Event] with qualifiers [@Default] with class interface javax.enterprise.event.Event
	at java.base/jdk.internal.reflect.NativeConstructorAccessorImpl.newInstance0(Native Method)
	at java.base/jdk.internal.reflect.NativeConstructorAccessorImpl.newInstance(NativeConstructorAccessorImpl.java:77)
	at java.base/jdk.internal.reflect.DelegatingConstructorAccessorImpl.newInstance(DelegatingConstructorAccessorImpl.java:45)
	at java.base/java.lang.reflect.Constructor.newInstanceWithCaller(Constructor.java:499)
	at java.base/java.lang.reflect.Constructor.newInstance(Constructor.java:480)
	at java.base/java.util.concurrent.ForkJoinTask.getThrowableException(ForkJoinTask.java:562)
	at java.base/java.util.concurrent.ForkJoinTask.reportExecutionException(ForkJoinTask.java:604)
	at java.base/java.util.concurrent.ForkJoinTask.get(ForkJoinTask.java:981)
	at org.jboss.weld.executor.AbstractExecutorServices.checkForExceptions(AbstractExecutorServices.java:73)
	at org.jboss.weld.executor.AbstractExecutorServices.invokeAllAndCheckForExceptions(AbstractExecutorServices.java:59)
	at org.jboss.weld.executor.AbstractExecutorServices.invokeAllAndCheckForExceptions(AbstractExecutorServices.java:67)
	at org.jboss.weld.bootstrap.ConcurrentBeanDeployer.doAfterBeanDiscovery(ConcurrentBeanDeployer.java:88)
	at org.jboss.weld.bootstrap.BeanDeployment.afterBeanDiscovery(BeanDeployment.java:268)
	at org.jboss.weld.bootstrap.WeldStartup.deployBeans(WeldStartup.java:482)
	at org.jboss.weld.bootstrap.WeldBootstrap.deployBeans(WeldBootstrap.java:86)
	at org.jboss.weld.environment.se.Weld.initialize(Weld.java:803)
	at org.jboss.weld.environment.se.Weld.initialize(Weld.java:176)
	at org.glassfish.jersey.inject.cdi.se.CdiSeInjectionManager.completeRegistration(CdiSeInjectionManager.java:253)
	at org.glassfish.jersey.client.ClientConfig$State.initRuntime(ClientConfig.java:468)
	at org.glassfish.jersey.internal.util.collection.Values$LazyValueImpl.get(Values.java:341)
	at org.glassfish.jersey.client.ClientConfig.getRuntime(ClientConfig.java:826)
	at org.glassfish.jersey.client.ClientRequest.getConfiguration(ClientRequest.java:285)
	at org.glassfish.jersey.client.JerseyInvocation.validateHttpMethodAndEntity(JerseyInvocation.java:143)
	at org.glassfish.jersey.client.JerseyInvocation.<init>(JerseyInvocation.java:112)
	at org.glassfish.jersey.client.JerseyInvocation.<init>(JerseyInvocation.java:108)
	at org.glassfish.jersey.client.JerseyInvocation.<init>(JerseyInvocation.java:99)
	at org.glassfish.jersey.client.JerseyInvocation$Builder.method(JerseyInvocation.java:445)
	at org.glassfish.jersey.client.JerseyInvocation$Builder.post(JerseyInvocation.java:351)
	at com.lymytz.lymytzsell.synchro.ws.WsSynchro.livraisonDocVente(WsSynchro.java:240)
	at com.lymytz.lymytzsell.service.application.service.ServiceLivraison.saveLivraison(ServiceLivraison.java:53)
	at com.lymytz.lymytzsell.view.main.HomeCaisseController.saveLivraisonAndreglement(HomeCaisseController.java:807)
	at com.lymytz.lymytzsell.view.main.HomeCaisseController.lambda$confirmValideFacture$8(HomeCaisseController.java:649)
	at java.base/java.lang.Thread.run(Thread.java:857)
Caused by: org.jboss.weld.exceptions.WeldException: WELD-001524: Unable to load proxy class for bean Implicit Bean [javax.enterprise.event.Event] with qualifiers [@Default] with class interface javax.enterprise.event.Event
	at org.jboss.weld.bean.proxy.ProxyFactory.getProxyClass(ProxyFactory.java:378)
	at org.jboss.weld.bean.builtin.AbstractFacadeBean.initializeAfterBeanDiscovery(AbstractFacadeBean.java:61)
	at org.jboss.weld.bootstrap.ConcurrentBeanDeployer$AfterBeanDiscoveryInitializerFactory.doWork(ConcurrentBeanDeployer.java:111)
	at org.jboss.weld.bootstrap.ConcurrentBeanDeployer$AfterBeanDiscoveryInitializerFactory.doWork(ConcurrentBeanDeployer.java:102)
	at org.jboss.weld.executor.IterativeWorkerTaskFactory$1.call(IterativeWorkerTaskFactory.java:62)
	at org.jboss.weld.executor.IterativeWorkerTaskFactory$1.call(IterativeWorkerTaskFactory.java:55)
	at org.jboss.weld.executor.CommonForkJoinPoolExecutorServices.lambda$wrap$0(CommonForkJoinPoolExecutorServices.java:70)
	at java.base/java.util.concurrent.ForkJoinTask$AdaptedInterruptibleCallable.exec(ForkJoinTask.java:1461)
	at java.base/java.util.concurrent.ForkJoinTask.doExec$$$capture(ForkJoinTask.java:373)
	at java.base/java.util.concurrent.ForkJoinTask.doExec(ForkJoinTask.java)
	at java.base/java.util.concurrent.ForkJoinPool$WorkQueue.topLevelExec(ForkJoinPool.java:1182)
	at java.base/java.util.concurrent.ForkJoinPool.scan(ForkJoinPool.java:1655)
	at java.base/java.util.concurrent.ForkJoinPool.runWorker(ForkJoinPool.java:1622)
	at java.base/java.util.concurrent.ForkJoinWorkerThread.run(ForkJoinWorkerThread.java:165)
Caused by: java.lang.RuntimeException: java.lang.IllegalAccessException: class org.jboss.weld.util.bytecode.ClassFileUtils cannot access a member of class java.lang.ClassLoader (in module java.base) with modifiers "protected final"
	at org.jboss.weld.util.bytecode.ClassFileUtils.toClass(ClassFileUtils.java:118)
	at org.jboss.weld.bean.proxy.ProxyFactory.createProxyClass(ProxyFactory.java:481)
	at org.jboss.weld.bean.proxy.ProxyFactory.getProxyClass(ProxyFactory.java:370)
	... 13 more
Caused by: java.lang.IllegalAccessException: class org.jboss.weld.util.bytecode.ClassFileUtils cannot access a member of class java.lang.ClassLoader (in module java.base) with modifiers "protected final"
	at java.base/jdk.internal.reflect.Reflection.newIllegalAccessException(Reflection.java:392)
	at java.base/java.lang.reflect.AccessibleObject.checkAccess(AccessibleObject.java:674)
	at java.base/java.lang.reflect.Method.invoke(Method.java:560)
	at org.jboss.weld.util.bytecode.ClassFileUtils.toClass2(ClassFileUtils.java:143)
	at org.jboss.weld.util.bytecode.ClassFileUtils.toClass(ClassFileUtils.java:112)
	... 15 more
29-10-2024 17:59 | [ERREUR]
FV/291024/0002, non comptabilisé: Le service de comptabilisation est introuvable
30-10-2024 06:05 | [INFO]Ouverture de l'application...
30-10-2024 06:16 | [INFO]Ouverture de l'application...

java.lang.Exception: org.postgresql.util.PSQLException: This connection has been closed.
	at com.lymytz.lymytzsell.dao.query.RQueryFactories.pingServer(RQueryFactories.java:56)
	at com.lymytz.lymytzsell.service.application.service.ListenServersRemote$1.lambda$call$0(ListenServersRemote.java:55)
	at java.base/java.lang.Thread.run(Thread.java:857)
Caused by: org.postgresql.util.PSQLException: This connection has been closed.
	at org.postgresql.jdbc.PgConnection.checkClosed(PgConnection.java:993)
	at org.postgresql.jdbc.PgConnection.getAutoCommit(PgConnection.java:953)
	at org.postgresql.jdbc.PgStatement.executeInternal(PgStatement.java:459)
	at org.postgresql.jdbc.PgStatement.execute(PgStatement.java:415)
	at org.postgresql.jdbc.PgStatement.executeWithFlags(PgStatement.java:335)
	at org.postgresql.jdbc.PgStatement.executeCachedSql(PgStatement.java:321)
	at org.postgresql.jdbc.PgStatement.executeWithFlags(PgStatement.java:297)
	at org.postgresql.jdbc.PgStatement.executeQuery(PgStatement.java:246)
	at com.lymytz.lymytzsell.dao.query.RQueryFactories.pingServer(RQueryFactories.java:47)
	... 2 more
27-11-2024 03:18 | [INFO]27-11-2024 03:18 | [INFO]27-11-2024 03:43 | [ERREUR]
Les services distants sont indisponible
10-12-2024 18:04 | [INFO]10-12-2024 18:05 | [INFO]11-12-2024 06:37 | [INFO]11-12-2024 07:06 | [INFO]07-01-2025 18:44 | [INFO]15-01-2025 21:42 | [INFO]23-01-2025 05:48 | [INFO]23-01-2025 05:49 | [ERREUR]
FV/111224/0001, non comptabilisé: Le service de comptabilisation est introuvable
24-01-2025 03:20 | [INFO]24-01-2025 03:24 | [INFO]24-01-2025 03:34 | [INFO]24-01-2025 03:37 | [INFO]loading remote société !
24-01-2025 03:37 | [INFO]24-01-2025 03:39 | [INFO]24-01-2025 03:39 | [ERREUR]
Echec de l'execution de la requete: YvsSynchroListenTable.findByActionSource
javax.persistence.PersistenceException: Exception [EclipseLink-4002] (Eclipse Persistence Services - 2.7.9.v20210604-2c549e2208): org.eclipse.persistence.exceptions.DatabaseException
Internal Exception: org.postgresql.util.PSQLException: ERROR: column "nb_failed" does not exist
  Position : 118
Error Code: 0
Call: SELECT id AS a1, action_name AS a2, author AS a3, date_save AS a4, id_source AS a5, message AS a6, name_table AS a7, nb_failed AS a8, ordre AS a9, to_listen AS a10, serveur AS a11 FROM yvs_synchro_listen_table WHERE (((id_source = ?) AND (name_table = ?)) AND (action_name = ?)) LIMIT ? OFFSET ?
	bind => [5 parameters bound]
Query: ReadAllQuery(name="YvsSynchroListenTable.findByActionSource" referenceClass=YvsSynchroListenTable sql="SELECT id AS a1, action_name AS a2, author AS a3, date_save AS a4, id_source AS a5, message AS a6, name_table AS a7, nb_failed AS a8, ordre AS a9, to_listen AS a10, serveur AS a11 FROM yvs_synchro_listen_table WHERE (((id_source = ?) AND (name_table = ?)) AND (action_name = ?)) LIMIT ? OFFSET ?")
	at org.eclipse.persistence.internal.jpa.QueryImpl.getDetailedException(QueryImpl.java:391)
	at org.eclipse.persistence.internal.jpa.QueryImpl.executeReadQuery(QueryImpl.java:264)
	at org.eclipse.persistence.internal.jpa.QueryImpl.getSingleResult(QueryImpl.java:530)
	at org.eclipse.persistence.internal.jpa.EJBQueryImpl.getSingleResult(EJBQueryImpl.java:404)
	at com.lymytz.lymytzsell.dao.query.LocalQueryFactories.findOneByNQ(LocalQueryFactories.java:165)
	at com.lymytz.lymytzsell.dao.query.LocalQueryFactories.afterCRUD(LocalQueryFactories.java:710)
	at com.lymytz.lymytzsell.dao.query.LocalQueryFactories.save1(LocalQueryFactories.java:82)
	at com.lymytz.lymytzsell.dao.query.LocalQueryFactories.save1(LocalQueryFactories.java:69)
	at com.lymytz.lymytzsell.service.application.ManagedApplication.createHeader(ManagedApplication.java:131)
	at com.lymytz.lymytzsell.service.application.ManagedApplication.createNewFicheFromCreneaux(ManagedApplication.java:97)
	at com.lymytz.lymytzsell.service.application.MyComptesController.createNewFiche(MyComptesController.java:305)
	at java.base/jdk.internal.reflect.NativeMethodAccessorImpl.invoke0(Native Method)
	at java.base/jdk.internal.reflect.NativeMethodAccessorImpl.invoke(NativeMethodAccessorImpl.java:77)
	at java.base/jdk.internal.reflect.DelegatingMethodAccessorImpl.invoke(DelegatingMethodAccessorImpl.java:43)
	at java.base/java.lang.reflect.Method.invoke(Method.java:568)
	at com.sun.javafx.reflect.Trampoline.invoke(MethodUtil.java:77)
	at jdk.internal.reflect.GeneratedMethodAccessor2.invoke(Unknown Source)
	at java.base/jdk.internal.reflect.DelegatingMethodAccessorImpl.invoke(DelegatingMethodAccessorImpl.java:43)
	at java.base/java.lang.reflect.Method.invoke(Method.java:568)
	at javafx.base/com.sun.javafx.reflect.MethodUtil.invoke(MethodUtil.java:275)
	at javafx.fxml/com.sun.javafx.fxml.MethodHelper.invoke(MethodHelper.java:84)
	at javafx.fxml/javafx.fxml.FXMLLoader$MethodHandler.invoke(FXMLLoader.java:1852)
	at javafx.fxml/javafx.fxml.FXMLLoader$ControllerMethodEventHandler.handle(FXMLLoader.java:1724)
	at javafx.base/com.sun.javafx.event.CompositeEventHandler.dispatchBubblingEvent(CompositeEventHandler.java:86)
	at javafx.base/com.sun.javafx.event.EventHandlerManager.dispatchBubblingEvent(EventHandlerManager.java:234)
	at javafx.base/com.sun.javafx.event.EventHandlerManager.dispatchBubblingEvent(EventHandlerManager.java:191)
	at javafx.base/com.sun.javafx.event.CompositeEventDispatcher.dispatchBubblingEvent(CompositeEventDispatcher.java:59)
	at javafx.base/com.sun.javafx.event.BasicEventDispatcher.dispatchEvent(BasicEventDispatcher.java:58)
	at javafx.base/com.sun.javafx.event.EventDispatchChainImpl.dispatchEvent(EventDispatchChainImpl.java:114)
	at javafx.base/com.sun.javafx.event.BasicEventDispatcher.dispatchEvent(BasicEventDispatcher.java:56)
	at javafx.base/com.sun.javafx.event.EventDispatchChainImpl.dispatchEvent(EventDispatchChainImpl.java:114)
	at javafx.base/com.sun.javafx.event.BasicEventDispatcher.dispatchEvent(BasicEventDispatcher.java:56)
	at javafx.base/com.sun.javafx.event.EventDispatchChainImpl.dispatchEvent(EventDispatchChainImpl.java:114)
	at javafx.base/com.sun.javafx.event.BasicEventDispatcher.dispatchEvent(BasicEventDispatcher.java:56)
	at javafx.base/com.sun.javafx.event.EventDispatchChainImpl.dispatchEvent(EventDispatchChainImpl.java:114)
	at javafx.base/com.sun.javafx.event.EventUtil.fireEventImpl(EventUtil.java:74)
	at javafx.base/com.sun.javafx.event.EventUtil.fireEvent(EventUtil.java:49)
	at javafx.base/javafx.event.Event.fireEvent(Event.java:198)
	at javafx.graphics/javafx.scene.Node.fireEvent(Node.java:8792)
	at javafx.controls/javafx.scene.control.Button.fire(Button.java:203)
	at javafx.controls/com.sun.javafx.scene.control.behavior.ButtonBehavior.mouseReleased(ButtonBehavior.java:208)
	at javafx.controls/com.sun.javafx.scene.control.inputmap.InputMap.handle(InputMap.java:274)
	at javafx.base/com.sun.javafx.event.CompositeEventHandler$NormalEventHandlerRecord.handleBubblingEvent(CompositeEventHandler.java:247)
	at javafx.base/com.sun.javafx.event.CompositeEventHandler.dispatchBubblingEvent(CompositeEventHandler.java:80)
	at javafx.base/com.sun.javafx.event.EventHandlerManager.dispatchBubblingEvent(EventHandlerManager.java:234)
	at javafx.base/com.sun.javafx.event.EventHandlerManager.dispatchBubblingEvent(EventHandlerManager.java:191)
	at javafx.base/com.sun.javafx.event.CompositeEventDispatcher.dispatchBubblingEvent(CompositeEventDispatcher.java:59)
	at javafx.base/com.sun.javafx.event.BasicEventDispatcher.dispatchEvent(BasicEventDispatcher.java:58)
	at javafx.base/com.sun.javafx.event.EventDispatchChainImpl.dispatchEvent(EventDispatchChainImpl.java:114)
	at javafx.base/com.sun.javafx.event.BasicEventDispatcher.dispatchEvent(BasicEventDispatcher.java:56)
	at javafx.base/com.sun.javafx.event.EventDispatchChainImpl.dispatchEvent(EventDispatchChainImpl.java:114)
	at javafx.base/com.sun.javafx.event.BasicEventDispatcher.dispatchEvent(BasicEventDispatcher.java:56)
	at javafx.base/com.sun.javafx.event.EventDispatchChainImpl.dispatchEvent(EventDispatchChainImpl.java:114)
	at javafx.base/com.sun.javafx.event.BasicEventDispatcher.dispatchEvent(BasicEventDispatcher.java:56)
	at javafx.base/com.sun.javafx.event.EventDispatchChainImpl.dispatchEvent(EventDispatchChainImpl.java:114)
	at javafx.base/com.sun.javafx.event.EventUtil.fireEventImpl(EventUtil.java:74)
	at javafx.base/com.sun.javafx.event.EventUtil.fireEvent(EventUtil.java:54)
	at javafx.base/javafx.event.Event.fireEvent(Event.java:198)
	at javafx.graphics/javafx.scene.Scene$MouseHandler.process(Scene.java:3897)
	at javafx.graphics/javafx.scene.Scene.processMouseEvent(Scene.java:1878)
	at javafx.graphics/javafx.scene.Scene$ScenePeerListener.mouseEvent(Scene.java:2623)
	at javafx.graphics/com.sun.javafx.tk.quantum.GlassViewEventHandler$MouseEventNotification.run(GlassViewEventHandler.java:411)
	at javafx.graphics/com.sun.javafx.tk.quantum.GlassViewEventHandler$MouseEventNotification.run(GlassViewEventHandler.java:301)
	at java.base/java.security.AccessController.doPrivileged(AccessController.java:718)
	at javafx.graphics/com.sun.javafx.tk.quantum.GlassViewEventHandler.lambda$handleMouseEvent$2(GlassViewEventHandler.java:450)
	at javafx.graphics/com.sun.javafx.tk.quantum.QuantumToolkit.runWithoutRenderLock(QuantumToolkit.java:423)
	at javafx.graphics/com.sun.javafx.tk.quantum.GlassViewEventHandler.handleMouseEvent(GlassViewEventHandler.java:449)
	at javafx.graphics/com.sun.glass.ui.View.handleMouseEvent(View.java:551)
	at javafx.graphics/com.sun.glass.ui.View.notifyMouse(View.java:937)
	at javafx.graphics/com.sun.glass.ui.gtk.GtkApplication._runLoop(Native Method)
	at javafx.graphics/com.sun.glass.ui.gtk.GtkApplication.lambda$runLoop$11(GtkApplication.java:290)
	at java.base/java.lang.Thread.run(Thread.java:857)
Caused by: Exception [EclipseLink-4002] (Eclipse Persistence Services - 2.7.9.v20210604-2c549e2208): org.eclipse.persistence.exceptions.DatabaseException
Internal Exception: org.postgresql.util.PSQLException: ERROR: column "nb_failed" does not exist
  Position : 118
Error Code: 0
Call: SELECT id AS a1, action_name AS a2, author AS a3, date_save AS a4, id_source AS a5, message AS a6, name_table AS a7, nb_failed AS a8, ordre AS a9, to_listen AS a10, serveur AS a11 FROM yvs_synchro_listen_table WHERE (((id_source = ?) AND (name_table = ?)) AND (action_name = ?)) LIMIT ? OFFSET ?
	bind => [5 parameters bound]
Query: ReadAllQuery(name="YvsSynchroListenTable.findByActionSource" referenceClass=YvsSynchroListenTable sql="SELECT id AS a1, action_name AS a2, author AS a3, date_save AS a4, id_source AS a5, message AS a6, name_table AS a7, nb_failed AS a8, ordre AS a9, to_listen AS a10, serveur AS a11 FROM yvs_synchro_listen_table WHERE (((id_source = ?) AND (name_table = ?)) AND (action_name = ?)) LIMIT ? OFFSET ?")
	at org.eclipse.persistence.exceptions.DatabaseException.sqlException(DatabaseException.java:342)
	at org.eclipse.persistence.internal.databaseaccess.DatabaseAccessor.basicExecuteCall(DatabaseAccessor.java:691)
	at org.eclipse.persistence.internal.databaseaccess.DatabaseAccessor.executeCall(DatabaseAccessor.java:567)
	at org.eclipse.persistence.internal.sessions.AbstractSession.basicExecuteCall(AbstractSession.java:2105)
	at org.eclipse.persistence.sessions.server.ServerSession.executeCall(ServerSession.java:603)
	at org.eclipse.persistence.sessions.server.ClientSession.executeCall(ClientSession.java:265)
	at org.eclipse.persistence.internal.queries.DatasourceCallQueryMechanism.executeCall(DatasourceCallQueryMechanism.java:277)
	at org.eclipse.persistence.internal.queries.DatasourceCallQueryMechanism.executeCall(DatasourceCallQueryMechanism.java:263)
	at org.eclipse.persistence.internal.queries.DatasourceCallQueryMechanism.executeSelectCall(DatasourceCallQueryMechanism.java:334)
	at org.eclipse.persistence.internal.queries.DatasourceCallQueryMechanism.selectAllRows(DatasourceCallQueryMechanism.java:746)
	at org.eclipse.persistence.internal.queries.ExpressionQueryMechanism.selectAllRowsFromTable(ExpressionQueryMechanism.java:2776)
	at org.eclipse.persistence.internal.queries.ExpressionQueryMechanism.selectAllRows(ExpressionQueryMechanism.java:2729)
	at org.eclipse.persistence.queries.ReadAllQuery.executeObjectLevelReadQuery(ReadAllQuery.java:584)
	at org.eclipse.persistence.queries.ObjectLevelReadQuery.executeDatabaseQuery(ObjectLevelReadQuery.java:1232)
	at org.eclipse.persistence.queries.DatabaseQuery.execute(DatabaseQuery.java:911)
	at org.eclipse.persistence.queries.ObjectLevelReadQuery.execute(ObjectLevelReadQuery.java:1191)
	at org.eclipse.persistence.queries.ReadAllQuery.execute(ReadAllQuery.java:485)
	at org.eclipse.persistence.queries.ObjectLevelReadQuery.executeInUnitOfWork(ObjectLevelReadQuery.java:1279)
	at org.eclipse.persistence.internal.sessions.UnitOfWorkImpl.internalExecuteQuery(UnitOfWorkImpl.java:3004)
	at org.eclipse.persistence.internal.sessions.AbstractSession.executeQuery(AbstractSession.java:1898)
	at org.eclipse.persistence.internal.sessions.AbstractSession.executeQuery(AbstractSession.java:1880)
	at org.eclipse.persistence.internal.sessions.AbstractSession.executeQuery(AbstractSession.java:1845)
	at org.eclipse.persistence.internal.jpa.QueryImpl.executeReadQuery(QueryImpl.java:262)
	... 70 more
Caused by: org.postgresql.util.PSQLException: ERROR: column "nb_failed" does not exist
  Position : 118
	at org.postgresql.core.v3.QueryExecutorImpl.receiveErrorResponse(QueryExecutorImpl.java:2713)
	at org.postgresql.core.v3.QueryExecutorImpl.processResults(QueryExecutorImpl.java:2401)
	at org.postgresql.core.v3.QueryExecutorImpl.execute(QueryExecutorImpl.java:368)
	at org.postgresql.jdbc.PgStatement.executeInternal(PgStatement.java:498)
	at org.postgresql.jdbc.PgStatement.execute(PgStatement.java:415)
	at org.postgresql.jdbc.PgPreparedStatement.executeWithFlags(PgPreparedStatement.java:190)
	at org.postgresql.jdbc.PgPreparedStatement.executeQuery(PgPreparedStatement.java:134)
	at org.eclipse.persistence.internal.databaseaccess.DatabaseAccessor.executeSelect(DatabaseAccessor.java:1015)
	at org.eclipse.persistence.internal.databaseaccess.DatabaseAccessor.basicExecuteCall(DatabaseAccessor.java:651)
	... 91 more
24-01-2025 03:39 | [ERREUR]
Echec de l'execution de la requete save lymytz.dao.entity.YvsSynchroListenTable[ id=null ]
javax.persistence.RollbackException: Exception [EclipseLink-4002] (Eclipse Persistence Services - 2.7.9.v20210604-2c549e2208): org.eclipse.persistence.exceptions.DatabaseException
Internal Exception: org.postgresql.util.PSQLException: ERROR: column "nb_failed" of relation "yvs_synchro_listen_table" does not exist
  Position : 103
Error Code: 0
Call: INSERT INTO yvs_synchro_listen_table (action_name, author, date_save, id_source, message, name_table, nb_failed, ordre, to_listen, serveur) VALUES (?, ?, ?, ?, ?, ?, ?, ?, ?, ?)
	bind => [10 parameters bound]
Query: InsertObjectQuery(lymytz.dao.entity.YvsSynchroListenTable[ id=null ])
	at org.eclipse.persistence.internal.jpa.transaction.EntityTransactionImpl.commit(EntityTransactionImpl.java:161)
	at com.lymytz.lymytzsell.dao.query.LocalQueryFactories.save1(LocalQueryFactories.java:79)
	at com.lymytz.lymytzsell.dao.query.LocalQueryFactories.afterCRUD(LocalQueryFactories.java:722)
	at com.lymytz.lymytzsell.dao.query.LocalQueryFactories.save1(LocalQueryFactories.java:82)
	at com.lymytz.lymytzsell.dao.query.LocalQueryFactories.save1(LocalQueryFactories.java:69)
	at com.lymytz.lymytzsell.service.application.ManagedApplication.createHeader(ManagedApplication.java:131)
	at com.lymytz.lymytzsell.service.application.ManagedApplication.createNewFicheFromCreneaux(ManagedApplication.java:97)
	at com.lymytz.lymytzsell.service.application.MyComptesController.createNewFiche(MyComptesController.java:305)
	at java.base/jdk.internal.reflect.NativeMethodAccessorImpl.invoke0(Native Method)
	at java.base/jdk.internal.reflect.NativeMethodAccessorImpl.invoke(NativeMethodAccessorImpl.java:77)
	at java.base/jdk.internal.reflect.DelegatingMethodAccessorImpl.invoke(DelegatingMethodAccessorImpl.java:43)
	at java.base/java.lang.reflect.Method.invoke(Method.java:568)
	at com.sun.javafx.reflect.Trampoline.invoke(MethodUtil.java:77)
	at jdk.internal.reflect.GeneratedMethodAccessor2.invoke(Unknown Source)
	at java.base/jdk.internal.reflect.DelegatingMethodAccessorImpl.invoke(DelegatingMethodAccessorImpl.java:43)
	at java.base/java.lang.reflect.Method.invoke(Method.java:568)
	at javafx.base/com.sun.javafx.reflect.MethodUtil.invoke(MethodUtil.java:275)
	at javafx.fxml/com.sun.javafx.fxml.MethodHelper.invoke(MethodHelper.java:84)
	at javafx.fxml/javafx.fxml.FXMLLoader$MethodHandler.invoke(FXMLLoader.java:1852)
	at javafx.fxml/javafx.fxml.FXMLLoader$ControllerMethodEventHandler.handle(FXMLLoader.java:1724)
	at javafx.base/com.sun.javafx.event.CompositeEventHandler.dispatchBubblingEvent(CompositeEventHandler.java:86)
	at javafx.base/com.sun.javafx.event.EventHandlerManager.dispatchBubblingEvent(EventHandlerManager.java:234)
	at javafx.base/com.sun.javafx.event.EventHandlerManager.dispatchBubblingEvent(EventHandlerManager.java:191)
	at javafx.base/com.sun.javafx.event.CompositeEventDispatcher.dispatchBubblingEvent(CompositeEventDispatcher.java:59)
	at javafx.base/com.sun.javafx.event.BasicEventDispatcher.dispatchEvent(BasicEventDispatcher.java:58)
	at javafx.base/com.sun.javafx.event.EventDispatchChainImpl.dispatchEvent(EventDispatchChainImpl.java:114)
	at javafx.base/com.sun.javafx.event.BasicEventDispatcher.dispatchEvent(BasicEventDispatcher.java:56)
	at javafx.base/com.sun.javafx.event.EventDispatchChainImpl.dispatchEvent(EventDispatchChainImpl.java:114)
	at javafx.base/com.sun.javafx.event.BasicEventDispatcher.dispatchEvent(BasicEventDispatcher.java:56)
	at javafx.base/com.sun.javafx.event.EventDispatchChainImpl.dispatchEvent(EventDispatchChainImpl.java:114)
	at javafx.base/com.sun.javafx.event.BasicEventDispatcher.dispatchEvent(BasicEventDispatcher.java:56)
	at javafx.base/com.sun.javafx.event.EventDispatchChainImpl.dispatchEvent(EventDispatchChainImpl.java:114)
	at javafx.base/com.sun.javafx.event.EventUtil.fireEventImpl(EventUtil.java:74)
	at javafx.base/com.sun.javafx.event.EventUtil.fireEvent(EventUtil.java:49)
	at javafx.base/javafx.event.Event.fireEvent(Event.java:198)
	at javafx.graphics/javafx.scene.Node.fireEvent(Node.java:8792)
	at javafx.controls/javafx.scene.control.Button.fire(Button.java:203)
	at javafx.controls/com.sun.javafx.scene.control.behavior.ButtonBehavior.mouseReleased(ButtonBehavior.java:208)
	at javafx.controls/com.sun.javafx.scene.control.inputmap.InputMap.handle(InputMap.java:274)
	at javafx.base/com.sun.javafx.event.CompositeEventHandler$NormalEventHandlerRecord.handleBubblingEvent(CompositeEventHandler.java:247)
	at javafx.base/com.sun.javafx.event.CompositeEventHandler.dispatchBubblingEvent(CompositeEventHandler.java:80)
	at javafx.base/com.sun.javafx.event.EventHandlerManager.dispatchBubblingEvent(EventHandlerManager.java:234)
	at javafx.base/com.sun.javafx.event.EventHandlerManager.dispatchBubblingEvent(EventHandlerManager.java:191)
	at javafx.base/com.sun.javafx.event.CompositeEventDispatcher.dispatchBubblingEvent(CompositeEventDispatcher.java:59)
	at javafx.base/com.sun.javafx.event.BasicEventDispatcher.dispatchEvent(BasicEventDispatcher.java:58)
	at javafx.base/com.sun.javafx.event.EventDispatchChainImpl.dispatchEvent(EventDispatchChainImpl.java:114)
	at javafx.base/com.sun.javafx.event.BasicEventDispatcher.dispatchEvent(BasicEventDispatcher.java:56)
	at javafx.base/com.sun.javafx.event.EventDispatchChainImpl.dispatchEvent(EventDispatchChainImpl.java:114)
	at javafx.base/com.sun.javafx.event.BasicEventDispatcher.dispatchEvent(BasicEventDispatcher.java:56)
	at javafx.base/com.sun.javafx.event.EventDispatchChainImpl.dispatchEvent(EventDispatchChainImpl.java:114)
	at javafx.base/com.sun.javafx.event.BasicEventDispatcher.dispatchEvent(BasicEventDispatcher.java:56)
	at javafx.base/com.sun.javafx.event.EventDispatchChainImpl.dispatchEvent(EventDispatchChainImpl.java:114)
	at javafx.base/com.sun.javafx.event.EventUtil.fireEventImpl(EventUtil.java:74)
	at javafx.base/com.sun.javafx.event.EventUtil.fireEvent(EventUtil.java:54)
	at javafx.base/javafx.event.Event.fireEvent(Event.java:198)
	at javafx.graphics/javafx.scene.Scene$MouseHandler.process(Scene.java:3897)
	at javafx.graphics/javafx.scene.Scene.processMouseEvent(Scene.java:1878)
	at javafx.graphics/javafx.scene.Scene$ScenePeerListener.mouseEvent(Scene.java:2623)
	at javafx.graphics/com.sun.javafx.tk.quantum.GlassViewEventHandler$MouseEventNotification.run(GlassViewEventHandler.java:411)
	at javafx.graphics/com.sun.javafx.tk.quantum.GlassViewEventHandler$MouseEventNotification.run(GlassViewEventHandler.java:301)
	at java.base/java.security.AccessController.doPrivileged(AccessController.java:718)
	at javafx.graphics/com.sun.javafx.tk.quantum.GlassViewEventHandler.lambda$handleMouseEvent$2(GlassViewEventHandler.java:450)
	at javafx.graphics/com.sun.javafx.tk.quantum.QuantumToolkit.runWithoutRenderLock(QuantumToolkit.java:423)
	at javafx.graphics/com.sun.javafx.tk.quantum.GlassViewEventHandler.handleMouseEvent(GlassViewEventHandler.java:449)
	at javafx.graphics/com.sun.glass.ui.View.handleMouseEvent(View.java:551)
	at javafx.graphics/com.sun.glass.ui.View.notifyMouse(View.java:937)
	at javafx.graphics/com.sun.glass.ui.gtk.GtkApplication._runLoop(Native Method)
	at javafx.graphics/com.sun.glass.ui.gtk.GtkApplication.lambda$runLoop$11(GtkApplication.java:290)
	at java.base/java.lang.Thread.run(Thread.java:857)
Caused by: Exception [EclipseLink-4002] (Eclipse Persistence Services - 2.7.9.v20210604-2c549e2208): org.eclipse.persistence.exceptions.DatabaseException
Internal Exception: org.postgresql.util.PSQLException: ERROR: column "nb_failed" of relation "yvs_synchro_listen_table" does not exist
  Position : 103
Error Code: 0
Call: INSERT INTO yvs_synchro_listen_table (action_name, author, date_save, id_source, message, name_table, nb_failed, ordre, to_listen, serveur) VALUES (?, ?, ?, ?, ?, ?, ?, ?, ?, ?)
	bind => [10 parameters bound]
Query: InsertObjectQuery(lymytz.dao.entity.YvsSynchroListenTable[ id=null ])
	at org.eclipse.persistence.exceptions.DatabaseException.sqlException(DatabaseException.java:342)
	at org.eclipse.persistence.internal.databaseaccess.DatabaseAccessor.processExceptionForCommError(DatabaseAccessor.java:1655)
	at org.eclipse.persistence.internal.databaseaccess.DatabaseAccessor.executeDirectNoSelect(DatabaseAccessor.java:906)
	at org.eclipse.persistence.internal.databaseaccess.DatabaseAccessor.executeNoSelect(DatabaseAccessor.java:970)
	at org.eclipse.persistence.internal.databaseaccess.DatabaseAccessor.basicExecuteCall(DatabaseAccessor.java:640)
	at org.eclipse.persistence.internal.databaseaccess.DatabaseAccessor.executeCall(DatabaseAccessor.java:567)
	at org.eclipse.persistence.internal.sessions.AbstractSession.basicExecuteCall(AbstractSession.java:2105)
	at org.eclipse.persistence.sessions.server.ClientSession.executeCall(ClientSession.java:313)
	at org.eclipse.persistence.internal.queries.DatasourceCallQueryMechanism.executeCall(DatasourceCallQueryMechanism.java:277)
	at org.eclipse.persistence.internal.queries.DatasourceCallQueryMechanism.executeCall(DatasourceCallQueryMechanism.java:263)
	at org.eclipse.persistence.internal.queries.DatasourceCallQueryMechanism.insertObject(DatasourceCallQueryMechanism.java:413)
	at org.eclipse.persistence.internal.queries.StatementQueryMechanism.insertObject(StatementQueryMechanism.java:167)
	at org.eclipse.persistence.internal.queries.StatementQueryMechanism.insertObject(StatementQueryMechanism.java:182)
	at org.eclipse.persistence.internal.queries.DatabaseQueryMechanism.insertObjectForWrite(DatabaseQueryMechanism.java:504)
	at org.eclipse.persistence.queries.InsertObjectQuery.executeCommit(InsertObjectQuery.java:82)
	at org.eclipse.persistence.queries.InsertObjectQuery.executeCommitWithChangeSet(InsertObjectQuery.java:92)
	at org.eclipse.persistence.internal.queries.DatabaseQueryMechanism.executeWriteWithChangeSet(DatabaseQueryMechanism.java:316)
	at org.eclipse.persistence.queries.WriteObjectQuery.executeDatabaseQuery(WriteObjectQuery.java:60)
	at org.eclipse.persistence.queries.DatabaseQuery.execute(DatabaseQuery.java:911)
	at org.eclipse.persistence.queries.DatabaseQuery.executeInUnitOfWork(DatabaseQuery.java:810)
	at org.eclipse.persistence.queries.ObjectLevelModifyQuery.executeInUnitOfWorkObjectLevelModifyQuery(ObjectLevelModifyQuery.java:110)
	at org.eclipse.persistence.queries.ObjectLevelModifyQuery.executeInUnitOfWork(ObjectLevelModifyQuery.java:87)
	at org.eclipse.persistence.internal.sessions.UnitOfWorkImpl.internalExecuteQuery(UnitOfWorkImpl.java:3004)
	at org.eclipse.persistence.internal.sessions.AbstractSession.executeQuery(AbstractSession.java:1898)
	at org.eclipse.persistence.internal.sessions.AbstractSession.executeQuery(AbstractSession.java:1880)
	at org.eclipse.persistence.internal.sessions.AbstractSession.executeQuery(AbstractSession.java:1830)
	at org.eclipse.persistence.internal.sessions.CommitManager.commitNewObjectsForClassWithChangeSet(CommitManager.java:229)
	at org.eclipse.persistence.internal.sessions.CommitManager.commitAllObjectsWithChangeSet(CommitManager.java:128)
	at org.eclipse.persistence.internal.sessions.AbstractSession.writeAllObjectsWithChangeSet(AbstractSession.java:4409)
	at org.eclipse.persistence.internal.sessions.UnitOfWorkImpl.commitToDatabase(UnitOfWorkImpl.java:1503)
	at org.eclipse.persistence.internal.sessions.UnitOfWorkImpl.commitToDatabaseWithChangeSet(UnitOfWorkImpl.java:1593)
	at org.eclipse.persistence.internal.sessions.RepeatableWriteUnitOfWork.commitRootUnitOfWork(RepeatableWriteUnitOfWork.java:280)
	at org.eclipse.persistence.internal.sessions.UnitOfWorkImpl.commitAndResume(UnitOfWorkImpl.java:1230)
	at org.eclipse.persistence.internal.jpa.transaction.EntityTransactionImpl.commit(EntityTransactionImpl.java:136)
	... 68 more
Caused by: org.postgresql.util.PSQLException: ERROR: column "nb_failed" of relation "yvs_synchro_listen_table" does not exist
  Position : 103
	at org.postgresql.core.v3.QueryExecutorImpl.receiveErrorResponse(QueryExecutorImpl.java:2713)
	at org.postgresql.core.v3.QueryExecutorImpl.processResults(QueryExecutorImpl.java:2401)
	at org.postgresql.core.v3.QueryExecutorImpl.execute(QueryExecutorImpl.java:368)
	at org.postgresql.jdbc.PgStatement.executeInternal(PgStatement.java:498)
	at org.postgresql.jdbc.PgStatement.execute(PgStatement.java:415)
	at org.postgresql.jdbc.PgPreparedStatement.executeWithFlags(PgPreparedStatement.java:190)
	at org.postgresql.jdbc.PgPreparedStatement.executeUpdate(PgPreparedStatement.java:152)
	at org.eclipse.persistence.internal.databaseaccess.DatabaseAccessor.executeDirectNoSelect(DatabaseAccessor.java:898)
	... 99 more
24-01-2025 03:46 | [ERREUR]
Echec de l'execution de la requete: select public.com_get_versement_attendu(?)
javax.persistence.PersistenceException: Exception [EclipseLink-4002] (Eclipse Persistence Services - 2.7.9.v20210604-2c549e2208): org.eclipse.persistence.exceptions.DatabaseException
Internal Exception: org.postgresql.util.PSQLException: ERROR: function public.com_get_versement_attendu(character varying) does not exist
  Indice : No function matches the given name and argument types. You might need to add explicit type casts.
  Position : 8
Error Code: 0
Call: select public.com_get_versement_attendu(?)
	bind => [1 parameter bound]
Query: DataReadQuery(sql="select public.com_get_versement_attendu(?)")
	at org.eclipse.persistence.internal.jpa.QueryImpl.getDetailedException(QueryImpl.java:391)
	at org.eclipse.persistence.internal.jpa.QueryImpl.executeReadQuery(QueryImpl.java:264)
	at org.eclipse.persistence.internal.jpa.QueryImpl.getSingleResult(QueryImpl.java:530)
	at org.eclipse.persistence.internal.jpa.EJBQueryImpl.getSingleResult(EJBQueryImpl.java:404)
	at com.lymytz.lymytzsell.dao.query.LocalQueryFactories.findOneObjectBySQLQ(LocalQueryFactories.java:196)
	at com.lymytz.lymytzsell.dao.UtilsBean.getVersementAttenduHeader(UtilsBean.java:284)
	at com.lymytz.lymytzsell.service.application.MyComptesController.displayStatHeader(MyComptesController.java:386)
	at com.lymytz.lymytzsell.service.application.MyComptesController.changeHeader(MyComptesController.java:335)
	at com.lymytz.lymytzsell.service.application.composant.factory.BCellActive.listenEvent(BCellActive.java:35)
	at com.lymytz.lymytzsell.service.application.composant.factory.BCellActive.listenEvent(BCellActive.java:18)
	at com.lymytz.lymytzsell.service.application.composant.factory.AbstractButtonCell$1.handle(AbstractButtonCell.java:29)
	at com.lymytz.lymytzsell.service.application.composant.factory.AbstractButtonCell$1.handle(AbstractButtonCell.java:24)
	at javafx.base/com.sun.javafx.event.CompositeEventHandler.dispatchBubblingEvent(CompositeEventHandler.java:86)
	at javafx.base/com.sun.javafx.event.EventHandlerManager.dispatchBubblingEvent(EventHandlerManager.java:234)
	at javafx.base/com.sun.javafx.event.EventHandlerManager.dispatchBubblingEvent(EventHandlerManager.java:191)
	at javafx.base/com.sun.javafx.event.CompositeEventDispatcher.dispatchBubblingEvent(CompositeEventDispatcher.java:59)
	at javafx.base/com.sun.javafx.event.BasicEventDispatcher.dispatchEvent(BasicEventDispatcher.java:58)
	at javafx.base/com.sun.javafx.event.EventDispatchChainImpl.dispatchEvent(EventDispatchChainImpl.java:114)
	at javafx.base/com.sun.javafx.event.BasicEventDispatcher.dispatchEvent(BasicEventDispatcher.java:56)
	at javafx.base/com.sun.javafx.event.EventDispatchChainImpl.dispatchEvent(EventDispatchChainImpl.java:114)
	at javafx.base/com.sun.javafx.event.BasicEventDispatcher.dispatchEvent(BasicEventDispatcher.java:56)
	at javafx.base/com.sun.javafx.event.EventDispatchChainImpl.dispatchEvent(EventDispatchChainImpl.java:114)
	at javafx.base/com.sun.javafx.event.BasicEventDispatcher.dispatchEvent(BasicEventDispatcher.java:56)
	at javafx.base/com.sun.javafx.event.EventDispatchChainImpl.dispatchEvent(EventDispatchChainImpl.java:114)
	at javafx.base/com.sun.javafx.event.BasicEventDispatcher.dispatchEvent(BasicEventDispatcher.java:56)
	at javafx.base/com.sun.javafx.event.EventDispatchChainImpl.dispatchEvent(EventDispatchChainImpl.java:114)
	at javafx.base/com.sun.javafx.event.BasicEventDispatcher.dispatchEvent(BasicEventDispatcher.java:56)
	at javafx.base/com.sun.javafx.event.EventDispatchChainImpl.dispatchEvent(EventDispatchChainImpl.java:114)
	at javafx.base/com.sun.javafx.event.BasicEventDispatcher.dispatchEvent(BasicEventDispatcher.java:56)
	at javafx.base/com.sun.javafx.event.EventDispatchChainImpl.dispatchEvent(EventDispatchChainImpl.java:114)
	at javafx.base/com.sun.javafx.event.BasicEventDispatcher.dispatchEvent(BasicEventDispatcher.java:56)
	at javafx.base/com.sun.javafx.event.EventDispatchChainImpl.dispatchEvent(EventDispatchChainImpl.java:114)
	at javafx.base/com.sun.javafx.event.EventUtil.fireEventImpl(EventUtil.java:74)
	at javafx.base/com.sun.javafx.event.EventUtil.fireEvent(EventUtil.java:49)
	at javafx.base/javafx.event.Event.fireEvent(Event.java:198)
	at javafx.graphics/javafx.scene.Node.fireEvent(Node.java:8792)
	at javafx.controls/javafx.scene.control.Button.fire(Button.java:203)
	at javafx.controls/com.sun.javafx.scene.control.behavior.ButtonBehavior.mouseReleased(ButtonBehavior.java:208)
	at javafx.controls/com.sun.javafx.scene.control.inputmap.InputMap.handle(InputMap.java:274)
	at javafx.base/com.sun.javafx.event.CompositeEventHandler$NormalEventHandlerRecord.handleBubblingEvent(CompositeEventHandler.java:247)
	at javafx.base/com.sun.javafx.event.CompositeEventHandler.dispatchBubblingEvent(CompositeEventHandler.java:80)
	at javafx.base/com.sun.javafx.event.EventHandlerManager.dispatchBubblingEvent(EventHandlerManager.java:234)
	at javafx.base/com.sun.javafx.event.EventHandlerManager.dispatchBubblingEvent(EventHandlerManager.java:191)
	at javafx.base/com.sun.javafx.event.CompositeEventDispatcher.dispatchBubblingEvent(CompositeEventDispatcher.java:59)
	at javafx.base/com.sun.javafx.event.BasicEventDispatcher.dispatchEvent(BasicEventDispatcher.java:58)
	at javafx.base/com.sun.javafx.event.EventDispatchChainImpl.dispatchEvent(EventDispatchChainImpl.java:114)
	at javafx.base/com.sun.javafx.event.BasicEventDispatcher.dispatchEvent(BasicEventDispatcher.java:56)
	at javafx.base/com.sun.javafx.event.EventDispatchChainImpl.dispatchEvent(EventDispatchChainImpl.java:114)
	at javafx.base/com.sun.javafx.event.BasicEventDispatcher.dispatchEvent(BasicEventDispatcher.java:56)
	at javafx.base/com.sun.javafx.event.EventDispatchChainImpl.dispatchEvent(EventDispatchChainImpl.java:114)
	at javafx.base/com.sun.javafx.event.BasicEventDispatcher.dispatchEvent(BasicEventDispatcher.java:56)
	at javafx.base/com.sun.javafx.event.EventDispatchChainImpl.dispatchEvent(EventDispatchChainImpl.java:114)
	at javafx.base/com.sun.javafx.event.BasicEventDispatcher.dispatchEvent(BasicEventDispatcher.java:56)
	at javafx.base/com.sun.javafx.event.EventDispatchChainImpl.dispatchEvent(EventDispatchChainImpl.java:114)
	at javafx.base/com.sun.javafx.event.BasicEventDispatcher.dispatchEvent(BasicEventDispatcher.java:56)
	at javafx.base/com.sun.javafx.event.EventDispatchChainImpl.dispatchEvent(EventDispatchChainImpl.java:114)
	at javafx.base/com.sun.javafx.event.BasicEventDispatcher.dispatchEvent(BasicEventDispatcher.java:56)
	at javafx.base/com.sun.javafx.event.EventDispatchChainImpl.dispatchEvent(EventDispatchChainImpl.java:114)
	at javafx.base/com.sun.javafx.event.BasicEventDispatcher.dispatchEvent(BasicEventDispatcher.java:56)
	at javafx.base/com.sun.javafx.event.EventDispatchChainImpl.dispatchEvent(EventDispatchChainImpl.java:114)
	at javafx.base/com.sun.javafx.event.EventUtil.fireEventImpl(EventUtil.java:74)
	at javafx.base/com.sun.javafx.event.EventUtil.fireEvent(EventUtil.java:54)
	at javafx.base/javafx.event.Event.fireEvent(Event.java:198)
	at javafx.graphics/javafx.scene.Scene$MouseHandler.process(Scene.java:3897)
	at javafx.graphics/javafx.scene.Scene.processMouseEvent(Scene.java:1878)
	at javafx.graphics/javafx.scene.Scene$ScenePeerListener.mouseEvent(Scene.java:2623)
	at javafx.graphics/com.sun.javafx.tk.quantum.GlassViewEventHandler$MouseEventNotification.run(GlassViewEventHandler.java:411)
	at javafx.graphics/com.sun.javafx.tk.quantum.GlassViewEventHandler$MouseEventNotification.run(GlassViewEventHandler.java:301)
	at java.base/java.security.AccessController.doPrivileged(AccessController.java:718)
	at javafx.graphics/com.sun.javafx.tk.quantum.GlassViewEventHandler.lambda$handleMouseEvent$2(GlassViewEventHandler.java:450)
	at javafx.graphics/com.sun.javafx.tk.quantum.QuantumToolkit.runWithoutRenderLock(QuantumToolkit.java:423)
	at javafx.graphics/com.sun.javafx.tk.quantum.GlassViewEventHandler.handleMouseEvent(GlassViewEventHandler.java:449)
	at javafx.graphics/com.sun.glass.ui.View.handleMouseEvent(View.java:551)
	at javafx.graphics/com.sun.glass.ui.View.notifyMouse(View.java:937)
	at javafx.graphics/com.sun.glass.ui.gtk.GtkApplication._runLoop(Native Method)
	at javafx.graphics/com.sun.glass.ui.gtk.GtkApplication.lambda$runLoop$11(GtkApplication.java:290)
	at java.base/java.lang.Thread.run(Thread.java:857)
Caused by: Exception [EclipseLink-4002] (Eclipse Persistence Services - 2.7.9.v20210604-2c549e2208): org.eclipse.persistence.exceptions.DatabaseException
Internal Exception: org.postgresql.util.PSQLException: ERROR: function public.com_get_versement_attendu(character varying) does not exist
  Indice : No function matches the given name and argument types. You might need to add explicit type casts.
  Position : 8
Error Code: 0
Call: select public.com_get_versement_attendu(?)
	bind => [1 parameter bound]
Query: DataReadQuery(sql="select public.com_get_versement_attendu(?)")
	at org.eclipse.persistence.exceptions.DatabaseException.sqlException(DatabaseException.java:342)
	at org.eclipse.persistence.internal.databaseaccess.DatabaseAccessor.basicExecuteCall(DatabaseAccessor.java:691)
	at org.eclipse.persistence.internal.databaseaccess.DatabaseAccessor.executeCall(DatabaseAccessor.java:567)
	at org.eclipse.persistence.internal.sessions.AbstractSession.basicExecuteCall(AbstractSession.java:2105)
	at org.eclipse.persistence.sessions.server.ServerSession.executeCall(ServerSession.java:603)
	at org.eclipse.persistence.sessions.server.ClientSession.executeCall(ClientSession.java:265)
	at org.eclipse.persistence.internal.queries.DatasourceCallQueryMechanism.executeCall(DatasourceCallQueryMechanism.java:277)
	at org.eclipse.persistence.internal.queries.DatasourceCallQueryMechanism.executeCall(DatasourceCallQueryMechanism.java:263)
	at org.eclipse.persistence.internal.queries.DatasourceCallQueryMechanism.executeSelectCall(DatasourceCallQueryMechanism.java:334)
	at org.eclipse.persistence.internal.queries.DatasourceCallQueryMechanism.executeSelect(DatasourceCallQueryMechanism.java:316)
	at org.eclipse.persistence.queries.DataReadQuery.executeNonCursor(DataReadQuery.java:199)
	at org.eclipse.persistence.queries.DataReadQuery.executeDatabaseQuery(DataReadQuery.java:154)
	at org.eclipse.persistence.queries.DatabaseQuery.execute(DatabaseQuery.java:911)
	at org.eclipse.persistence.queries.DataReadQuery.execute(DataReadQuery.java:139)
	at org.eclipse.persistence.queries.DatabaseQuery.executeInUnitOfWork(DatabaseQuery.java:810)
	at org.eclipse.persistence.internal.sessions.UnitOfWorkImpl.internalExecuteQuery(UnitOfWorkImpl.java:3004)
	at org.eclipse.persistence.internal.sessions.AbstractSession.executeQuery(AbstractSession.java:1898)
	at org.eclipse.persistence.internal.sessions.AbstractSession.executeQuery(AbstractSession.java:1880)
	at org.eclipse.persistence.internal.sessions.AbstractSession.executeQuery(AbstractSession.java:1845)
	at org.eclipse.persistence.internal.jpa.QueryImpl.executeReadQuery(QueryImpl.java:262)
	... 75 more
Caused by: org.postgresql.util.PSQLException: ERROR: function public.com_get_versement_attendu(character varying) does not exist
  Indice : No function matches the given name and argument types. You might need to add explicit type casts.
  Position : 8
	at org.postgresql.core.v3.QueryExecutorImpl.receiveErrorResponse(QueryExecutorImpl.java:2713)
	at org.postgresql.core.v3.QueryExecutorImpl.processResults(QueryExecutorImpl.java:2401)
	at org.postgresql.core.v3.QueryExecutorImpl.execute(QueryExecutorImpl.java:368)
	at org.postgresql.jdbc.PgStatement.executeInternal(PgStatement.java:498)
	at org.postgresql.jdbc.PgStatement.execute(PgStatement.java:415)
	at org.postgresql.jdbc.PgPreparedStatement.executeWithFlags(PgPreparedStatement.java:190)
	at org.postgresql.jdbc.PgPreparedStatement.executeQuery(PgPreparedStatement.java:134)
	at org.eclipse.persistence.internal.databaseaccess.DatabaseAccessor.executeSelect(DatabaseAccessor.java:1015)
	at org.eclipse.persistence.internal.databaseaccess.DatabaseAccessor.basicExecuteCall(DatabaseAccessor.java:651)
	... 93 more
24-01-2025 03:46 | [INFO]24-01-2025 03:55 | [INFO]24-01-2025 04:07 | [INFO]24-01-2025 04:37 | [INFO]24-01-2025 05:35 | [INFO]25-01-2025 00:53 | [ERREUR]

java.lang.Exception: org.postgresql.util.PSQLException: Une erreur d'entrée/sortie a eu lieu lors d'envoi vers le serveur.
	at com.lymytz.lymytzsell.dao.query.RQueryFactories.pingServer(RQueryFactories.java:56)
	at com.lymytz.lymytzsell.service.application.service.ListenServersRemote$1.lambda$call$0(ListenServersRemote.java:55)
	at java.base/java.lang.Thread.run(Thread.java:857)
Caused by: org.postgresql.util.PSQLException: Une erreur d'entrée/sortie a eu lieu lors d'envoi vers le serveur.
	at org.postgresql.core.v3.QueryExecutorImpl.execute(QueryExecutorImpl.java:395)
	at org.postgresql.jdbc.PgStatement.executeInternal(PgStatement.java:498)
	at org.postgresql.jdbc.PgStatement.execute(PgStatement.java:415)
	at org.postgresql.jdbc.PgStatement.executeWithFlags(PgStatement.java:335)
	at org.postgresql.jdbc.PgStatement.executeCachedSql(PgStatement.java:321)
	at org.postgresql.jdbc.PgStatement.executeWithFlags(PgStatement.java:297)
	at org.postgresql.jdbc.PgStatement.executeQuery(PgStatement.java:246)
	at com.lymytz.lymytzsell.dao.query.RQueryFactories.pingServer(RQueryFactories.java:47)
	... 2 more
Caused by: java.net.SocketException: Connection reset
	at java.base/sun.nio.ch.NioSocketImpl.implRead(NioSocketImpl.java:328)
	at java.base/sun.nio.ch.NioSocketImpl.read(NioSocketImpl.java:355)
	at java.base/sun.nio.ch.NioSocketImpl$1.read(NioSocketImpl.java:808)
	at java.base/java.net.Socket$SocketInputStream.read(Socket.java:966)
	at java.base/sun.security.ssl.SSLSocketInputRecord.read(SSLSocketInputRecord.java:484)
	at java.base/sun.security.ssl.SSLSocketInputRecord.readHeader(SSLSocketInputRecord.java:478)
	at java.base/sun.security.ssl.SSLSocketInputRecord.bytesInCompletePacket(SSLSocketInputRecord.java:70)
	at java.base/sun.security.ssl.SSLSocketImpl.readApplicationRecord(SSLSocketImpl.java:1465)
	at java.base/sun.security.ssl.SSLSocketImpl$AppInputStream.read(SSLSocketImpl.java:1069)
	at org.postgresql.core.VisibleBufferedInputStream.readMore(VisibleBufferedInputStream.java:161)
	at org.postgresql.core.VisibleBufferedInputStream.ensureBytes(VisibleBufferedInputStream.java:128)
	at org.postgresql.core.VisibleBufferedInputStream.ensureBytes(VisibleBufferedInputStream.java:113)
	at org.postgresql.core.VisibleBufferedInputStream.read(VisibleBufferedInputStream.java:73)
	at org.postgresql.core.PGStream.receiveChar(PGStream.java:465)
	at org.postgresql.core.v3.QueryExecutorImpl.processResults(QueryExecutorImpl.java:2155)
	at org.postgresql.core.v3.QueryExecutorImpl.execute(QueryExecutorImpl.java:368)
	... 9 more
25-01-2025 00:53 | [INFO]25-01-2025 00:54 | [INFO]25-01-2025 04:58 | [ERREUR]

java.lang.Exception: org.postgresql.util.PSQLException: Une erreur d'entrée/sortie a eu lieu lors d'envoi vers le serveur.
	at com.lymytz.lymytzsell.dao.query.RQueryFactories.pingServer(RQueryFactories.java:56)
	at com.lymytz.lymytzsell.service.application.service.ListenServersRemote$1.lambda$call$0(ListenServersRemote.java:55)
	at java.base/java.lang.Thread.run(Thread.java:857)
Caused by: org.postgresql.util.PSQLException: Une erreur d'entrée/sortie a eu lieu lors d'envoi vers le serveur.
	at org.postgresql.core.v3.QueryExecutorImpl.execute(QueryExecutorImpl.java:395)
	at org.postgresql.jdbc.PgStatement.executeInternal(PgStatement.java:498)
	at org.postgresql.jdbc.PgStatement.execute(PgStatement.java:415)
	at org.postgresql.jdbc.PgStatement.executeWithFlags(PgStatement.java:335)
	at org.postgresql.jdbc.PgStatement.executeCachedSql(PgStatement.java:321)
	at org.postgresql.jdbc.PgStatement.executeWithFlags(PgStatement.java:297)
	at org.postgresql.jdbc.PgStatement.executeQuery(PgStatement.java:246)
	at com.lymytz.lymytzsell.dao.query.RQueryFactories.pingServer(RQueryFactories.java:47)
	... 2 more
Caused by: java.net.SocketException: Connection reset
	at java.base/sun.nio.ch.NioSocketImpl.implRead(NioSocketImpl.java:328)
	at java.base/sun.nio.ch.NioSocketImpl.read(NioSocketImpl.java:355)
	at java.base/sun.nio.ch.NioSocketImpl$1.read(NioSocketImpl.java:808)
	at java.base/java.net.Socket$SocketInputStream.read(Socket.java:966)
	at java.base/sun.security.ssl.SSLSocketInputRecord.read(SSLSocketInputRecord.java:484)
	at java.base/sun.security.ssl.SSLSocketInputRecord.readHeader(SSLSocketInputRecord.java:478)
	at java.base/sun.security.ssl.SSLSocketInputRecord.bytesInCompletePacket(SSLSocketInputRecord.java:70)
	at java.base/sun.security.ssl.SSLSocketImpl.readApplicationRecord(SSLSocketImpl.java:1465)
	at java.base/sun.security.ssl.SSLSocketImpl$AppInputStream.read(SSLSocketImpl.java:1069)
	at org.postgresql.core.VisibleBufferedInputStream.readMore(VisibleBufferedInputStream.java:161)
	at org.postgresql.core.VisibleBufferedInputStream.ensureBytes(VisibleBufferedInputStream.java:128)
	at org.postgresql.core.VisibleBufferedInputStream.ensureBytes(VisibleBufferedInputStream.java:113)
	at org.postgresql.core.VisibleBufferedInputStream.read(VisibleBufferedInputStream.java:73)
	at org.postgresql.core.PGStream.receiveChar(PGStream.java:465)
	at org.postgresql.core.v3.QueryExecutorImpl.processResults(QueryExecutorImpl.java:2155)
	at org.postgresql.core.v3.QueryExecutorImpl.execute(QueryExecutorImpl.java:368)
	... 9 more
25-01-2025 04:58 | [INFO]25-01-2025 05:02 | [ERREUR]
Connexion au serveur de données echoué
org.postgresql.util.PSQLException: La tentative de connexion a échoué.
	at org.postgresql.core.v3.ConnectionFactoryImpl.openConnectionImpl(ConnectionFactoryImpl.java:354)
	at org.postgresql.core.ConnectionFactory.openConnection(ConnectionFactory.java:54)
	at org.postgresql.jdbc.PgConnection.<init>(PgConnection.java:263)
	at org.postgresql.Driver.makeConnection(Driver.java:443)
	at org.postgresql.Driver.connect(Driver.java:297)
	at java.sql/java.sql.DriverManager.getConnection(DriverManager.java:681)
	at java.sql/java.sql.DriverManager.getConnection(DriverManager.java:229)
	at com.lymytz.lymytzsell.dao.RemoteDao.<init>(RemoteDao.java:48)
	at com.lymytz.lymytzsell.dao.RemoteDao.getInstance(RemoteDao.java:82)
	at com.lymytz.lymytzsell.dao.RemoteDao.getInstance(RemoteDao.java:59)
	at com.lymytz.lymytzsell.dao.query.RQueryFactories.pingServer(RQueryFactories.java:45)
	at com.lymytz.lymytzsell.service.application.service.ListenServersRemote$1.lambda$call$0(ListenServersRemote.java:55)
	at java.base/java.lang.Thread.run(Thread.java:857)
Caused by: java.net.SocketException: Le réseau n'est pas accessible
	at java.base/sun.nio.ch.Net.connect0(Native Method)
	at java.base/sun.nio.ch.Net.connect(Net.java:579)
	at java.base/sun.nio.ch.Net.connect(Net.java:568)
	at java.base/sun.nio.ch.NioSocketImpl.connect(NioSocketImpl.java:593)
	at java.base/java.net.SocksSocketImpl.connect(SocksSocketImpl.java:327)
	at java.base/java.net.Socket.connect(Socket.java:633)
	at org.postgresql.core.PGStream.createSocket(PGStream.java:243)
	at org.postgresql.core.PGStream.<init>(PGStream.java:98)
	at org.postgresql.core.v3.ConnectionFactoryImpl.tryConnect(ConnectionFactoryImpl.java:132)
	at org.postgresql.core.v3.ConnectionFactoryImpl.openConnectionImpl(ConnectionFactoryImpl.java:258)
	... 12 more
25-01-2025 05:02 | [INFO]23-03-2026 10:25 | [INFO]loading remote société !
23-03-2026 10:25 | [INFO]23-03-2026 10:54 | [INFO]23-03-2026 10:55 | [ERREUR]
FV/150619/0001, non comptabilisé: Le service de comptabilisation est introuvable
